mode,cycle,if_valid,if_pc,if_instr,id_valid,id_pc,id_instr,ex_valid,ex_pc,ex_instr,mem_valid,mem_pc,mem_instr,wb_valid,wb_pc,wb_instr,dmem_valid,dmem_ready
0,3,1,00000000,24010007,0,00000000,00000000,0,00000000,00000000,0,00000000,00000000,0,00000000,00000000,0,1
0,4,1,00000004,2422fffd,1,00000000,24010007,0,00000000,00000000,0,00000000,00000000,0,00000000,00000000,0,1
0,5,1,00000008,00421821,1,00000004,2422fffd,1,00000000,24010007,0,00000000,00000000,0,00000000,00000000,0,1
0,6,1,0000000c,ac030000,1,00000008,00421821,1,00000004,2422fffd,1,00000000,24010007,0,00000000,00000000,0,1
0,7,1,00000010,8c040000,1,0000000c,ac030000,1,00000008,00421821,1,00000004,2422fffd,1,00000000,24010007,0,1
0,8,1,00000014,00842821,1,00000010,8c040000,1,0000000c,ac030000,1,00000008,00421821,1,00000004,2422fffd,0,1
0,9,1,00000018,ac050004,1,00000014,00842821,1,00000010,8c040000,1,0000000c,ac030000,1,00000008,00421821,1,1
0,10,1,00000018,ac050004,1,00000014,00842821,0,00000010,8c040000,1,00000010,8c040000,1,0000000c,ac030000,1,1
0,11,1,0000001c,10a50002,1,00000018,ac050004,1,00000014,00842821,0,00000010,8c040000,1,00000010,8c040000,0,1
0,12,1,00000020,24a60001,1,0000001c,10a50002,1,00000018,ac050004,1,00000014,00842821,0,00000010,8c040000,0,1
0,13,1,00000024,ac010064,1,00000020,24a60001,1,0000001c,10a50002,1,00000018,ac050004,1,00000014,00842821,1,1
0,14,1,00000028,14a60002,0,00000020,24a60001,1,00000020,24a60001,1,0000001c,10a50002,1,00000018,ac050004,0,1
0,15,1,0000002c,24c70001,1,00000028,14a60002,0,00000020,24a60001,1,00000020,24a60001,1,0000001c,10a50002,0,1
0,16,1,00000030,ac010064,1,0000002c,24c70001,1,00000028,14a60002,0,00000020,24a60001,1,00000020,24a60001,0,1
0,17,1,00000034,ac0c0000,0,0000002c,24c70001,1,0000002c,24c70001,1,00000028,14a60002,0,00000020,24a60001,0,1
0,18,1,00000038,8c040000,1,00000034,ac0c0000,0,0000002c,24c70001,1,0000002c,24c70001,1,00000028,14a60002,0,1
0,19,1,0000003c,00843021,1,00000038,8c040000,1,00000034,ac0c0000,0,0000002c,24c70001,1,0000002c,24c70001,0,1
0,20,1,00000040,35833e56,1,0000003c,00843021,1,00000038,8c040000,1,00000034,ac0c0000,0,0000002c,24c70001,1,1
0,21,1,00000040,35833e56,1,0000003c,00843021,0,00000038,8c040000,1,00000038,8c040000,1,00000034,ac0c0000,1,1
0,22,1,00000044,000d6e80,1,00000040,35833e56,1,0000003c,00843021,0,00000038,8c040000,1,00000038,8c040000,0,1
0,23,1,00000048,01cb2023,1,00000044,000d6e80,1,00000040,35833e56,1,0000003c,00843021,0,00000038,8c040000,0,1
0,24,1,0000004c,2dcbe87c,1,00000048,01cb2023,1,00000044,000d6e80,1,00000040,35833e56,1,0000003c,00843021,0,1
0,25,1,00000050,00072383,1,0000004c,2dcbe87c,1,00000048,01cb2023,1,00000044,000d6e80,1,00000040,35833e56,0,1
0,26,1,00000054,00ef3824,1,00000050,00072383,1,0000004c,2dcbe87c,1,00000048,01cb2023,1,00000044,000d6e80,0,1
0,27,1,00000058,35cd31be,1,00000054,00ef3824,1,00000050,00072383,1,0000004c,2dcbe87c,1,00000048,01cb2023,0,1
0,28,1,0000005c,00025d83,1,00000058,35cd31be,1,00000054,00ef3824,1,00000050,00072383,1,0000004c,2dcbe87c,0,1
0,29,1,00000060,01c54821,1,0000005c,00025d83,1,00000058,35cd31be,1,00000054,00ef3824,1,00000050,00072383,0,1
0,30,1,00000064,346e1b44,1,00000060,01c54821,1,0000005c,00025d83,1,00000058,35cd31be,1,00000054,00ef3824,0,1
0,31,1,00000068,ac02002c,1,00000064,346e1b44,1,00000060,01c54821,1,0000005c,00025d83,1,00000058,35cd31be,0,1
0,32,1,0000006c,8c03002c,1,00000068,ac02002c,1,00000064,346e1b44,1,00000060,01c54821,1,0000005c,00025d83,0,1
0,33,1,00000070,00636021,1,0000006c,8c03002c,1,00000068,ac02002c,1,00000064,346e1b44,1,00000060,01c54821,0,1
0,34,1,00000074,0104302a,1,00000070,00636021,1,0000006c,8c03002c,1,00000068,ac02002c,1,00000064,346e1b44,1,1
0,35,1,00000074,0104302a,1,00000070,00636021,0,0000006c,8c03002c,1,0000006c,8c03002c,1,00000068,ac02002c,1,1
0,36,1,00000078,29ce50eb,1,00000074,0104302a,1,00000070,00636021,0,0000006c,8c03002c,1,0000006c,8c03002c,0,1
0,37,1,0000007c,00025383,1,00000078,29ce50eb,1,00000074,0104302a,1,00000070,00636021,0,0000006c,8c03002c,0,1
0,38,1,00000080,01cf302a,1,0000007c,00025383,1,00000078,29ce50eb,1,00000074,0104302a,1,00000070,00636021,0,1
0,39,1,00000084,38ee38ea,1,00000080,01cf302a,1,0000007c,00025383,1,00000078,29ce50eb,1,00000074,0104302a,0,1
0,40,1,00000088,000f1303,1,00000084,38ee38ea,1,00000080,01cf302a,1,0000007c,00025383,1,00000078,29ce50eb,0,1
0,41,1,0000008c,01057821,1,00000088,000f1303,1,00000084,38ee38ea,1,00000080,01cf302a,1,0000007c,00025383,0,1
0,42,1,00000090,296ed6ff,1,0000008c,01057821,1,00000088,000f1303,1,00000084,38ee38ea,1,00000080,01cf302a,0,1
0,43,1,00000094,000e7c02,1,00000090,296ed6ff,1,0000008c,01057821,1,00000088,000f1303,1,00000084,38ee38ea,0,1
0,44,1,00000098,01e86826,1,00000094,000e7c02,1,00000090,296ed6ff,1,0000008c,01057821,1,00000088,000f1303,0,1
0,45,1,0000009c,ac040058,1,00000098,01e86826,1,00000094,000e7c02,1,00000090,296ed6ff,1,0000008c,01057821,0,1
0,46,1,000000a0,8c0f0058,1,0000009c,ac040058,1,00000098,01e86826,1,00000094,000e7c02,1,00000090,296ed6ff,0,1
0,47,1,000000a4,01ef7021,1,000000a0,8c0f0058,1,0000009c,ac040058,1,00000098,01e86826,1,00000094,000e7c02,0,1
0,48,1,000000a8,000c3843,1,000000a4,01ef7021,1,000000a0,8c0f0058,1,0000009c,ac040058,1,00000098,01e86826,1,1
0,49,1,000000a8,000c3843,1,000000a4,01ef7021,0,000000a0,8c0f0058,1,000000a0,8c0f0058,1,0000009c,ac040058,1,1
0,50,1,000000ac,00c55825,1,000000a8,000c3843,1,000000a4,01ef7021,0,000000a0,8c0f0058,1,000000a0,8c0f0058,0,1
0,51,1,000000b0,390282d1,1,000000ac,00c55825,1,000000a8,000c3843,1,000000a4,01ef7021,0,000000a0,8c0f0058,0,1
0,52,1,000000b4,00032642,1,000000b0,390282d1,1,000000ac,00c55825,1,000000a8,000c3843,1,000000a4,01ef7021,0,1
0,53,1,000000b8,00c61824,1,000000b4,00032642,1,000000b0,390282d1,1,000000ac,00c55825,1,000000a8,000c3843,0,1
0,54,1,000000bc,29c52b84,1,000000b8,00c61824,1,000000b4,00032642,1,000000b0,390282d1,1,000000ac,00c55825,0,1
0,55,1,000000c0,000c0a40,1,000000bc,29c52b84,1,000000b8,00c61824,1,000000b4,00032642,1,000000b0,390282d1,0,1
0,56,1,000000c4,006a102a,1,000000c0,000c0a40,1,000000bc,29c52b84,1,000000b8,00c61824,1,000000b4,00032642,0,1
0,57,1,000000c8,2c6a0e0d,1,000000c4,006a102a,1,000000c0,000c0a40,1,000000bc,29c52b84,1,000000b8,00c61824,0,1
0,58,1,000000cc,00086f42,1,000000c8,2c6a0e0d,1,000000c4,006a102a,1,000000c0,000c0a40,1,000000bc,29c52b84,0,1
0,59,1,000000d0,ac080004,1,000000cc,00086f42,1,000000c8,2c6a0e0d,1,000000c4,006a102a,1,000000c0,000c0a40,0,1
0,60,1,000000d4,8c050004,1,000000d0,ac080004,1,000000cc,00086f42,1,000000c8,2c6a0e0d,1,000000c4,006a102a,0,1
0,61,1,000000d8,00a50821,1,000000d4,8c050004,1,000000d0,ac080004,1,000000cc,00086f42,1,000000c8,2c6a0e0d,0,1
0,62,1,000000dc,244fabde,1,000000d8,00a50821,1,000000d4,8c050004,1,000000d0,ac080004,1,000000cc,00086f42,1,1
0,63,1,000000dc,244fabde,1,000000d8,00a50821,0,000000d4,8c050004,1,000000d4,8c050004,1,000000d0,ac080004,1,1
0,64,1,000000e0,000a1282,1,000000dc,244fabde,1,000000d8,00a50821,0,000000d4,8c050004,1,000000d4,8c050004,0,1
0,65,1,000000e4,00445825,1,000000e0,000a1282,1,000000dc,244fabde,1,000000d8,00a50821,0,000000d4,8c050004,0,1
0,66,1,000000e8,28e7f06b,1,000000e4,00445825,1,000000e0,000a1282,1,000000dc,244fabde,1,000000d8,00a50821,0,1
0,67,1,000000ec,000908c3,1,000000e8,28e7f06b,1,000000e4,00445825,1,000000e0,000a1282,1,000000dc,244fabde,0,1
0,68,1,000000f0,018c5826,1,000000ec,000908c3,1,000000e8,28e7f06b,1,000000e4,00445825,1,000000e0,000a1282,0,1
0,69,1,000000f4,29654b31,1,000000f0,018c5826,1,000000ec,000908c3,1,000000e8,28e7f06b,1,000000e4,00445825,0,1
0,70,1,000000f8,00087b02,1,000000f4,29654b31,1,000000f0,018c5826,1,000000ec,000908c3,1,000000e8,28e7f06b,0,1
0,71,1,000000fc,00ee102b,1,000000f8,00087b02,1,000000f4,29654b31,1,000000f0,018c5826,1,000000ec,000908c3,0,1
0,72,1,00000100,25c62e8b,1,000000fc,00ee102b,1,000000f8,00087b02,1,000000f4,29654b31,1,000000f0,018c5826,0,1
0,73,1,00000104,ac0e0030,1,00000100,25c62e8b,1,000000fc,00ee102b,1,000000f8,00087b02,1,000000f4,29654b31,0,1
0,74,1,00000108,8c0a0030,1,00000104,ac0e0030,1,00000100,25c62e8b,1,000000fc,00ee102b,1,000000f8,00087b02,0,1
0,75,1,0000010c,014a6021,1,00000108,8c0a0030,1,00000104,ac0e0030,1,00000100,25c62e8b,1,000000fc,00ee102b,0,1
0,76,1,00000110,01ed2826,1,0000010c,014a6021,1,00000108,8c0a0030,1,00000104,ac0e0030,1,00000100,25c62e8b,1,1
0,77,1,00000110,01ed2826,1,0000010c,014a6021,0,00000108,8c0a0030,1,00000108,8c0a0030,1,00000104,ac0e0030,1,1
0,78,1,00000114,382509a7,1,00000110,01ed2826,1,0000010c,014a6021,0,00000108,8c0a0030,1,00000108,8c0a0030,0,1
0,79,1,00000118,000216c3,1,00000114,382509a7,1,00000110,01ed2826,1,0000010c,014a6021,0,00000108,8c0a0030,0,1
0,80,1,0000011c,01296026,1,00000118,000216c3,1,00000114,382509a7,1,00000110,01ed2826,1,0000010c,014a6021,0,1
0,81,1,00000120,28e2f773,1,0000011c,01296026,1,00000118,000216c3,1,00000114,382509a7,1,00000110,01ed2826,0,1
0,82,1,00000124,000f5040,1,00000120,28e2f773,1,0000011c,01296026,1,00000118,000216c3,1,00000114,382509a7,0,1
0,83,1,00000128,00eb0824,1,00000124,000f5040,1,00000120,28e2f773,1,0000011c,01296026,1,00000118,000216c3,0,1
0,84,1,0000012c,25234438,1,00000128,00eb0824,1,00000124,000f5040,1,00000120,28e2f773,1,0000011c,01296026,0,1
0,85,1,00000130,000749c3,1,0000012c,25234438,1,00000128,00eb0824,1,00000124,000f5040,1,00000120,28e2f773,0,1
0,86,1,00000134,01e91024,1,00000130,000749c3,1,0000012c,25234438,1,00000128,00eb0824,1,00000124,000f5040,0,1
0,87,1,00000138,ac0f005c,1,00000134,01e91024,1,00000130,000749c3,1,0000012c,25234438,1,00000128,00eb0824,0,1
0,88,1,0000013c,8c05005c,1,00000138,ac0f005c,1,00000134,01e91024,1,00000130,000749c3,1,0000012c,25234438,0,1
0,89,1,00000140,00a51021,1,0000013c,8c05005c,1,00000138,ac0f005c,1,00000134,01e91024,1,00000130,000749c3,0,1
0,90,1,00000144,000c2d42,1,00000140,00a51021,1,0000013c,8c05005c,1,00000138,ac0f005c,1,00000134,01e91024,1,1
0,91,1,00000144,000c2d42,1,00000140,00a51021,0,0000013c,8c05005c,1,0000013c,8c05005c,1,00000138,ac0f005c,1,1
0,92,1,00000148,01671821,1,00000144,000c2d42,1,00000140,00a51021,0,0000013c,8c05005c,1,0000013c,8c05005c,0,1
0,93,1,0000014c,25a16b68,1,00000148,01671821,1,00000144,000c2d42,1,00000140,00a51021,0,0000013c,8c05005c,0,1
0,94,1,00000150,00080e80,1,0000014c,25a16b68,1,00000148,01671821,1,00000144,000c2d42,1,00000140,00a51021,0,1
0,95,1,00000154,00af3825,1,00000150,00080e80,1,0000014c,25a16b68,1,00000148,01671821,1,00000144,000c2d42,0,1
0,96,1,00000158,2c65d6a1,1,00000154,00af3825,1,00000150,00080e80,1,0000014c,25a16b68,1,00000148,01671821,0,1
0,97,1,0000015c,00055200,1,00000158,2c65d6a1,1,00000154,00af3825,1,00000150,00080e80,1,0000014c,25a16b68,0,1
0,98,1,00000160,00c34826,1,0000015c,00055200,1,00000158,2c65d6a1,1,00000154,00af3825,1,00000150,00080e80,0,1
0,99,1,00000164,2966b113,1,00000160,00c34826,1,0000015c,00055200,1,00000158,2c65d6a1,1,00000154,00af3825,0,1
0,100,1,00000168,00047800,1,00000164,2966b113,1,00000160,00c34826,1,0000015c,00055200,1,00000158,2c65d6a1,0,1
0,101,1,0000016c,ac050008,1,00000168,00047800,1,00000164,2966b113,1,00000160,00c34826,1,0000015c,00055200,0,1
0,102,1,00000170,8c0e0008,1,0000016c,ac050008,1,00000168,00047800,1,00000164,2966b113,1,00000160,00c34826,0,1
0,103,1,00000174,01ce5021,1,00000170,8c0e0008,1,0000016c,ac050008,1,00000168,00047800,1,00000164,2966b113,0,1
0,104,1,00000178,2863043e,1,00000174,01ce5021,1,00000170,8c0e0008,1,0000016c,ac050008,1,00000168,00047800,1,1
0,105,1,00000178,2863043e,1,00000174,01ce5021,0,00000170,8c0e0008,1,00000170,8c0e0008,1,0000016c,ac050008,1,1
0,106,1,0000017c,00086140,1,00000178,2863043e,1,00000174,01ce5021,0,00000170,8c0e0008,1,00000170,8c0e0008,0,1
0,107,1,00000180,01e94021,1,0000017c,00086140,1,00000178,2863043e,1,00000174,01ce5021,0,00000170,8c0e0008,0,1
0,108,1,00000184,2d059841,1,00000180,01e94021,1,0000017c,00086140,1,00000178,2863043e,1,00000174,01ce5021,0,1
0,109,1,00000188,00021a00,1,00000184,2d059841,1,00000180,01e94021,1,0000017c,00086140,1,00000178,2863043e,0,1
0,110,1,0000018c,00246823,1,00000188,00021a00,1,00000184,2d059841,1,00000180,01e94021,1,0000017c,00086140,0,1
0,111,1,00000190,3083d98a,1,0000018c,00246823,1,00000188,00021a00,1,00000184,2d059841,1,00000180,01e94021,0,1
0,112,1,00000194,00032602,1,00000190,3083d98a,1,0000018c,00246823,1,00000188,00021a00,1,00000184,2d059841,0,1
0,113,1,00000198,010b2023,1,00000194,00032602,1,00000190,3083d98a,1,0000018c,00246823,1,00000188,00021a00,0,1
0,114,1,0000019c,35860a19,1,00000198,010b2023,1,00000194,00032602,1,00000190,3083d98a,1,0000018c,00246823,0,1
0,115,1,000001a0,ac040034,1,0000019c,35860a19,1,00000198,010b2023,1,00000194,00032602,1,00000190,3083d98a,0,1
0,116,1,000001a4,8c0e0034,1,000001a0,ac040034,1,0000019c,35860a19,1,00000198,010b2023,1,00000194,00032602,0,1
0,117,1,000001a8,01ce2821,1,000001a4,8c0e0034,1,000001a0,ac040034,1,0000019c,35860a19,1,00000198,010b2023,0,1
0,118,1,000001ac,010b702a,1,000001a8,01ce2821,1,000001a4,8c0e0034,1,000001a0,ac040034,1,0000019c,35860a19,1,1
0,119,1,000001ac,010b702a,1,000001a8,01ce2821,0,000001a4,8c0e0034,1,000001a4,8c0e0034,1,000001a0,ac040034,1,1
0,120,1,000001b0,2c4a662f,1,000001ac,010b702a,1,000001a8,01ce2821,0,000001a4,8c0e0034,1,000001a4,8c0e0034,0,1
0,121,1,000001b4,000536c0,1,000001b0,2c4a662f,1,000001ac,010b702a,1,000001a8,01ce2821,0,000001a4,8c0e0034,0,1
0,122,1,000001b8,01ab682a,1,000001b4,000536c0,1,000001b0,2c4a662f,1,000001ac,010b702a,1,000001a8,01ce2821,0,1
0,123,1,000001bc,308d1e92,1,000001b8,01ab682a,1,000001b4,000536c0,1,000001b0,2c4a662f,1,000001ac,010b702a,0,1
0,124,1,000001c0,00093c03,1,000001bc,308d1e92,1,000001b8,01ab682a,1,000001b4,000536c0,1,000001b0,2c4a662f,0,1
0,125,1,000001c4,00e7202b,1,000001c0,00093c03,1,000001bc,308d1e92,1,000001b8,01ab682a,1,000001b4,000536c0,0,1
0,126,1,000001c8,3583c9f6,1,000001c4,00e7202b,1,000001c0,00093c03,1,000001bc,308d1e92,1,000001b8,01ab682a,0,1
0,127,1,000001cc,000a2943,1,000001c8,3583c9f6,1,000001c4,00e7202b,1,000001c0,00093c03,1,000001bc,308d1e92,0,1
0,128,1,000001d0,01e76825,1,000001cc,000a2943,1,000001c8,3583c9f6,1,000001c4,00e7202b,1,000001c0,00093c03,0,1
0,129,1,000001d4,ac010060,1,000001d0,01e76825,1,000001cc,000a2943,1,000001c8,3583c9f6,1,000001c4,00e7202b,0,1
0,130,1,000001d8,8c050060,1,000001d4,ac010060,1,000001d0,01e76825,1,000001cc,000a2943,1,000001c8,3583c9f6,0,1
0,131,1,000001dc,00a51021,1,000001d8,8c050060,1,000001d4,ac010060,1,000001d0,01e76825,1,000001cc,000a2943,0,1
0,132,1,000001e0,00086e43,1,000001dc,00a51021,1,000001d8,8c050060,1,000001d4,ac010060,1,000001d0,01e76825,1,1
0,133,1,000001e0,00086e43,1,000001dc,00a51021,0,000001d8,8c050060,1,000001d8,8c050060,1,000001d4,ac010060,1,1
0,134,1,000001e4,00ea5827,1,000001e0,00086e43,1,000001dc,00a51021,0,000001d8,8c050060,1,000001d8,8c050060,0,1
0,135,1,000001e8,2824f332,1,000001e4,00ea5827,1,000001e0,00086e43,1,000001dc,00a51021,0,000001d8,8c050060,0,1
0,136,1,000001ec,00025f42,1,000001e8,2824f332,1,000001e4,00ea5827,1,000001e0,00086e43,1,000001dc,00a51021,0,1
0,137,1,000001f0,01866827,1,000001ec,00025f42,1,000001e8,2824f332,1,000001e4,00ea5827,1,000001e0,00086e43,0,1
0,138,1,000001f4,2da1b4a6,1,000001f0,01866827,1,000001ec,00025f42,1,000001e8,2824f332,1,000001e4,00ea5827,0,1
0,139,1,000001f8,000f29c3,1,000001f4,2da1b4a6,1,000001f0,01866827,1,000001ec,00025f42,1,000001e8,2824f332,0,1
0,140,1,000001fc,00462026,1,000001f8,000f29c3,1,000001f4,2da1b4a6,1,000001f0,01866827,1,000001ec,00025f42,0,1
0,141,1,00000200,256634a6,1,000001fc,00462026,1,000001f8,000f29c3,1,000001f4,2da1b4a6,1,000001f0,01866827,0,1
0,142,1,00000204,000b6d03,1,00000200,256634a6,1,000001fc,00462026,1,000001f8,000f29c3,1,000001f4,2da1b4a6,0,1
0,143,1,00000208,ac0c000c,1,00000204,000b6d03,1,00000200,256634a6,1,000001fc,00462026,1,000001f8,000f29c3,0,1
0,144,1,0000020c,8c02000c,1,00000208,ac0c000c,1,00000204,000b6d03,1,00000200,256634a6,1,000001fc,00462026,0,1
0,145,1,00000210,00423821,1,0000020c,8c02000c,1,00000208,ac0c000c,1,00000204,000b6d03,1,00000200,256634a6,0,1
0,146,1,00000214,39aaa23d,1,00000210,00423821,1,0000020c,8c02000c,1,00000208,ac0c000c,1,00000204,000b6d03,1,1
0,147,1,00000214,39aaa23d,1,00000210,00423821,0,0000020c,8c02000c,1,0000020c,8c02000c,1,00000208,ac0c000c,1,1
0,148,1,00000218,00076a83,1,00000214,39aaa23d,1,00000210,00423821,0,0000020c,8c02000c,1,0000020c,8c02000c,0,1
0,149,1,0000021c,014d6024,1,00000218,00076a83,1,00000214,39aaa23d,1,00000210,00423821,0,0000020c,8c02000c,0,1
0,150,1,00000220,34a42706,1,0000021c,014d6024,1,00000218,00076a83,1,00000214,39aaa23d,1,00000210,00423821,0,1
0,151,1,00000224,000d7543,1,00000220,34a42706,1,0000021c,014d6024,1,00000218,00076a83,1,00000214,39aaa23d,0,1
0,152,1,00000228,00286025,1,00000224,000d7543,1,00000220,34a42706,1,0000021c,014d6024,1,00000218,00076a83,0,1
0,153,1,0000022c,38c6bea0,1,00000228,00286025,1,00000224,000d7543,1,00000220,34a42706,1,0000021c,014d6024,0,1
0,154,1,00000230,000a1182,1,0000022c,38c6bea0,1,00000228,00286025,1,00000224,000d7543,1,00000220,34a42706,0,1
0,155,1,00000234,006d6825,1,00000230,000a1182,1,0000022c,38c6bea0,1,00000228,00286025,1,00000224,000d7543,0,1
0,156,1,00000238,2d0abbf2,1,00000234,006d6825,1,00000230,000a1182,1,0000022c,38c6bea0,1,00000228,00286025,0,1
0,157,1,0000023c,ac060038,1,00000238,2d0abbf2,1,00000234,006d6825,1,00000230,000a1182,1,0000022c,38c6bea0,0,1
0,158,1,00000240,8c090038,1,0000023c,ac060038,1,00000238,2d0abbf2,1,00000234,006d6825,1,00000230,000a1182,0,1
0,159,1,00000244,01296821,1,00000240,8c090038,1,0000023c,ac060038,1,00000238,2d0abbf2,1,00000234,006d6825,0,1
0,160,1,00000248,0182782a,1,00000244,01296821,1,00000240,8c090038,1,0000023c,ac060038,1,00000238,2d0abbf2,1,1
0,161,1,00000248,0182782a,1,00000244,01296821,0,00000240,8c090038,1,00000240,8c090038,1,0000023c,ac060038,1,1
0,162,1,0000024c,24c4d763,1,00000248,0182782a,1,00000244,01296821,0,00000240,8c090038,1,00000240,8c090038,0,1
0,163,1,00000250,00016b02,1,0000024c,24c4d763,1,00000248,0182782a,1,00000244,01296821,0,00000240,8c090038,0,1
0,164,1,00000254,00e26023,1,00000250,00016b02,1,0000024c,24c4d763,1,00000248,0182782a,1,00000244,01296821,0,1
0,165,1,00000258,24695bfe,1,00000254,00e26023,1,00000250,00016b02,1,0000024c,24c4d763,1,00000248,0182782a,0,1
0,166,1,0000025c,00033ec3,1,00000258,24695bfe,1,00000254,00e26023,1,00000250,00016b02,1,0000024c,24c4d763,0,1
0,167,1,00000260,00e37821,1,0000025c,00033ec3,1,00000258,24695bfe,1,00000254,00e26023,1,00000250,00016b02,0,1
0,168,1,00000264,2da8fafb,1,00000260,00e37821,1,0000025c,00033ec3,1,00000258,24695bfe,1,00000254,00e26023,0,1
0,169,1,00000268,00015bc3,1,00000264,2da8fafb,1,00000260,00e37821,1,0000025c,00033ec3,1,00000258,24695bfe,0,1
0,170,1,0000026c,00862825,1,00000268,00015bc3,1,00000264,2da8fafb,1,00000260,00e37821,1,0000025c,00033ec3,0,1
0,171,1,00000270,ac030064,1,0000026c,00862825,1,00000268,00015bc3,1,00000264,2da8fafb,1,00000260,00e37821,0,1
0,172,1,00000274,8c0c0064,1,00000270,ac030064,1,0000026c,00862825,1,00000268,00015bc3,1,00000264,2da8fafb,0,1
0,173,1,00000278,018c7821,1,00000274,8c0c0064,1,00000270,ac030064,1,0000026c,00862825,1,00000268,00015bc3,0,1
0,174,1,0000027c,000e65c0,1,00000278,018c7821,1,00000274,8c0c0064,1,00000270,ac030064,1,0000026c,00862825,1,1
0,175,1,0000027c,000e65c0,1,00000278,018c7821,0,00000274,8c0c0064,1,00000274,8c0c0064,1,00000270,ac030064,1,1
0,176,1,00000280,01a42025,1,0000027c,000e65c0,1,00000278,018c7821,0,00000274,8c0c0064,1,00000274,8c0c0064,0,1
0,177,1,00000284,30e8c142,1,00000280,01a42025,1,0000027c,000e65c0,1,00000278,018c7821,0,00000274,8c0c0064,0,1
0,178,1,00000288,000c1b83,1,00000284,30e8c142,1,00000280,01a42025,1,0000027c,000e65c0,1,00000278,018c7821,0,1
0,179,1,0000028c,0183582a,1,00000288,000c1b83,1,00000284,30e8c142,1,00000280,01a42025,1,0000027c,000e65c0,0,1
0,180,1,00000290,3109daef,1,0000028c,0183582a,1,00000288,000c1b83,1,00000284,30e8c142,1,00000280,01a42025,0,1
0,181,1,00000294,00010903,1,00000290,3109daef,1,0000028c,0183582a,1,00000288,000c1b83,1,00000284,30e8c142,0,1
0,182,1,00000298,00ed4826,1,00000294,00010903,1,00000290,3109daef,1,0000028c,0183582a,1,00000288,000c1b83,0,1
0,183,1,0000029c,38eee9f9,1,00000298,00ed4826,1,00000294,00010903,1,00000290,3109daef,1,0000028c,0183582a,0,1
0,184,1,000002a0,00073c43,1,0000029c,38eee9f9,1,00000298,00ed4826,1,00000294,00010903,1,00000290,3109daef,0,1
0,185,1,000002a4,ac020010,1,000002a0,00073c43,1,0000029c,38eee9f9,1,00000298,00ed4826,1,00000294,00010903,0,1
0,186,1,000002a8,8c060010,1,000002a4,ac020010,1,000002a0,00073c43,1,0000029c,38eee9f9,1,00000298,00ed4826,0,1
0,187,1,000002ac,00c62821,1,000002a8,8c060010,1,000002a4,ac020010,1,000002a0,00073c43,1,0000029c,38eee9f9,0,1
0,188,1,000002b0,246436f1,1,000002ac,00c62821,1,000002a8,8c060010,1,000002a4,ac020010,1,000002a0,00073c43,1,1
0,189,1,000002b0,246436f1,1,000002ac,00c62821,0,000002a8,8c060010,1,000002a8,8c060010,1,000002a4,ac020010,1,1
0,190,1,000002b4,00074f83,1,000002b0,246436f1,1,000002ac,00c62821,0,000002a8,8c060010,1,000002a8,8c060010,0,1
0,191,1,000002b8,01e12824,1,000002b4,00074f83,1,000002b0,246436f1,1,000002ac,00c62821,0,000002a8,8c060010,0,1
0,192,1,000002bc,2d072d0b,1,000002b8,01e12824,1,000002b4,00074f83,1,000002b0,246436f1,1,000002ac,00c62821,0,1
0,193,1,000002c0,00074502,1,000002bc,2d072d0b,1,000002b8,01e12824,1,000002b4,00074f83,1,000002b0,246436f1,0,1
0,194,1,000002c4,01246027,1,000002c0,00074502,1,000002bc,2d072d0b,1,000002b8,01e12824,1,000002b4,00074f83,0,1
0,195,1,000002c8,30a79c61,1,000002c4,01246027,1,000002c0,00074502,1,000002bc,2d072d0b,1,000002b8,01e12824,0,1
0,196,1,000002cc,00012a03,1,000002c8,30a79c61,1,000002c4,01246027,1,000002c0,00074502,1,000002bc,2d072d0b,0,1
0,197,1,000002d0,01ea4825,1,000002cc,00012a03,1,000002c8,30a79c61,1,000002c4,01246027,1,000002c0,00074502,0,1
0,198,1,000002d4,31a2803a,1,000002d0,01ea4825,1,000002cc,00012a03,1,000002c8,30a79c61,1,000002c4,01246027,0,1
0,199,1,000002d8,ac07003c,1,000002d4,31a2803a,1,000002d0,01ea4825,1,000002cc,00012a03,1,000002c8,30a79c61,0,1
0,200,1,000002dc,8c05003c,1,000002d8,ac07003c,1,000002d4,31a2803a,1,000002d0,01ea4825,1,000002cc,00012a03,0,1
0,201,1,000002e0,00a57021,1,000002dc,8c05003c,1,000002d8,ac07003c,1,000002d4,31a2803a,1,000002d0,01ea4825,0,1
0,202,1,000002e4,01c3602b,1,000002e0,00a57021,1,000002dc,8c05003c,1,000002d8,ac07003c,1,000002d4,31a2803a,1,1
0,203,1,000002e4,01c3602b,1,000002e0,00a57021,0,000002dc,8c05003c,1,000002dc,8c05003c,1,000002d8,ac07003c,1,1
0,204,1,000002e8,2903de25,1,000002e4,01c3602b,1,000002e0,00a57021,0,000002dc,8c05003c,1,000002dc,8c05003c,0,1
0,205,1,000002ec,00052443,1,000002e8,2903de25,1,000002e4,01c3602b,1,000002e0,00a57021,0,000002dc,8c05003c,0,1
0,206,1,000002f0,01243821,1,000002ec,00052443,1,000002e8,2903de25,1,000002e4,01c3602b,1,000002e0,00a57021,0,1
0,207,1,000002f4,34a4395d,1,000002f0,01243821,1,000002ec,00052443,1,000002e8,2903de25,1,000002e4,01c3602b,0,1
0,208,1,000002f8,00032b00,1,000002f4,34a4395d,1,000002f0,01243821,1,000002ec,00052443,1,000002e8,2903de25,0,1
0,209,1,000002fc,01ab302a,1,000002f8,00032b00,1,000002f4,34a4395d,1,000002f0,01243821,1,000002ec,00052443,0,1
0,210,1,00000300,244ea70a,1,000002fc,01ab302a,1,000002f8,00032b00,1,000002f4,34a4395d,1,000002f0,01243821,0,1
0,211,1,00000304,000758c0,1,00000300,244ea70a,1,000002fc,01ab302a,1,000002f8,00032b00,1,000002f4,34a4395d,0,1
0,212,1,00000308,01cf2821,1,00000304,000758c0,1,00000300,244ea70a,1,000002fc,01ab302a,1,000002f8,00032b00,0,1
0,213,1,0000030c,ac0f0068,1,00000308,01cf2821,1,00000304,000758c0,1,00000300,244ea70a,1,000002fc,01ab302a,0,1
0,214,1,00000310,8c0c0068,1,0000030c,ac0f0068,1,00000308,01cf2821,1,00000304,000758c0,1,00000300,244ea70a,0,1
0,215,1,00000314,018c0821,1,00000310,8c0c0068,1,0000030c,ac0f0068,1,00000308,01cf2821,1,00000304,000758c0,0,1
0,216,1,00000318,00073602,1,00000314,018c0821,1,00000310,8c0c0068,1,0000030c,ac0f0068,1,00000308,01cf2821,1,1
0,217,1,00000318,00073602,1,00000314,018c0821,0,00000310,8c0c0068,1,00000310,8c0c0068,1,0000030c,ac0f0068,1,1
0,218,1,0000031c,01e24826,1,00000318,00073602,1,00000314,018c0821,0,00000310,8c0c0068,1,00000310,8c0c0068,0,1
0,219,1,00000320,2cc9c309,1,0000031c,01e24826,1,00000318,00073602,1,00000314,018c0821,0,00000310,8c0c0068,0,1
0,220,1,00000324,00073642,1,00000320,2cc9c309,1,0000031c,01e24826,1,00000318,00073602,1,00000314,018c0821,0,1
0,221,1,00000328,0146782b,1,00000324,00073642,1,00000320,2cc9c309,1,0000031c,01e24826,1,00000318,00073602,0,1
0,222,1,0000032c,2c45959f,1,00000328,0146782b,1,00000324,00073642,1,00000320,2cc9c309,1,0000031c,01e24826,0,1
0,223,1,00000330,000c2fc3,1,0000032c,2c45959f,1,00000328,0146782b,1,00000324,00073642,1,00000320,2cc9c309,0,1
0,224,1,00000334,01e51827,1,00000330,000c2fc3,1,0000032c,2c45959f,1,00000328,0146782b,1,00000324,00073642,0,1
0,225,1,00000338,2da73363,1,00000334,01e51827,1,00000330,000c2fc3,1,0000032c,2c45959f,1,00000328,0146782b,0,1
0,226,1,0000033c,000b2643,1,00000338,2da73363,1,00000334,01e51827,1,00000330,000c2fc3,1,0000032c,2c45959f,0,1
0,227,1,00000340,ac010014,1,0000033c,000b2643,1,00000338,2da73363,1,00000334,01e51827,1,00000330,000c2fc3,0,1
0,228,1,00000344,8c0b0014,1,00000340,ac010014,1,0000033c,000b2643,1,00000338,2da73363,1,00000334,01e51827,0,1
0,229,1,00000348,016b1821,1,00000344,8c0b0014,1,00000340,ac010014,1,0000033c,000b2643,1,00000338,2da73363,0,1
0,230,1,0000034c,25a18c9d,1,00000348,016b1821,1,00000344,8c0b0014,1,00000340,ac010014,1,0000033c,000b2643,1,1
0,231,1,0000034c,25a18c9d,1,00000348,016b1821,0,00000344,8c0b0014,1,00000344,8c0b0014,1,00000340,ac010014,1,1
0,232,1,00000350,000939c2,1,0000034c,25a18c9d,1,00000348,016b1821,0,00000344,8c0b0014,1,00000344,8c0b0014,0,1
0,233,1,00000354,01e9402a,1,00000350,000939c2,1,0000034c,25a18c9d,1,00000348,016b1821,0,00000344,8c0b0014,0,1
0,234,1,00000358,29cba760,1,00000354,01e9402a,1,00000350,000939c2,1,0000034c,25a18c9d,1,00000348,016b1821,0,1
0,235,1,0000035c,00015100,1,00000358,29cba760,1,00000354,01e9402a,1,00000350,000939c2,1,0000034c,25a18c9d,0,1
0,236,1,00000360,004a402a,1,0000035c,00015100,1,00000358,29cba760,1,00000354,01e9402a,1,00000350,000939c2,0,1
0,237,1,00000364,29a32c79,1,00000360,004a402a,1,0000035c,00015100,1,00000358,29cba760,1,00000354,01e9402a,0,1
0,238,1,00000368,000453c3,1,00000364,29a32c79,1,00000360,004a402a,1,0000035c,00015100,1,00000358,29cba760,0,1
0,239,1,0000036c,01ed582b,1,00000368,000453c3,1,00000364,29a32c79,1,00000360,004a402a,1,0000035c,00015100,0,1
0,240,1,00000370,398a426d,1,0000036c,01ed582b,1,00000368,000453c3,1,00000364,29a32c79,1,00000360,004a402a,0,1
0,241,1,00000374,ac050040,1,00000370,398a426d,1,0000036c,01ed582b,1,00000368,000453c3,1,00000364,29a32c79,0,1
0,242,1,00000378,8c060040,1,00000374,ac050040,1,00000370,398a426d,1,0000036c,01ed582b,1,00000368,000453c3,0,1
0,243,1,0000037c,00c63021,1,00000378,8c060040,1,00000374,ac050040,1,00000370,398a426d,1,0000036c,01ed582b,0,1
0,244,1,00000380,00422023,1,0000037c,00c63021,1,00000378,8c060040,1,00000374,ac050040,1,00000370,398a426d,1,1
0,245,1,00000380,00422023,1,0000037c,00c63021,0,00000378,8c060040,1,00000378,8c060040,1,00000374,ac050040,1,1
0,246,1,00000384,358fdafa,1,00000380,00422023,1,0000037c,00c63021,0,00000378,8c060040,1,00000378,8c060040,0,1
0,247,1,00000388,000a7243,1,00000384,358fdafa,1,00000380,00422023,1,0000037c,00c63021,0,00000378,8c060040,0,1
0,248,1,0000038c,01cc5825,1,00000388,000a7243,1,00000384,358fdafa,1,00000380,00422023,1,0000037c,00c63021,0,1
0,249,1,00000390,29ae4767,1,0000038c,01cc5825,1,00000388,000a7243,1,00000384,358fdafa,1,00000380,00422023,0,1
0,250,1,00000394,000c3583,1,00000390,29ae4767,1,0000038c,01cc5825,1,00000388,000a7243,1,00000384,358fdafa,0,1
0,251,1,00000398,01827026,1,00000394,000c3583,1,00000390,29ae4767,1,0000038c,01cc5825,1,00000388,000a7243,0,1
0,252,1,0000039c,2886aa37,1,00000398,01827026,1,00000394,000c3583,1,00000390,29ae4767,1,0000038c,01cc5825,0,1
0,253,1,000003a0,00023f43,1,0000039c,2886aa37,1,00000398,01827026,1,00000394,000c3583,1,00000390,29ae4767,0,1
0,254,1,000003a4,00a56826,1,000003a0,00023f43,1,0000039c,2886aa37,1,00000398,01827026,1,00000394,000c3583,0,1
0,255,1,000003a8,ac03006c,1,000003a4,00a56826,1,000003a0,00023f43,1,0000039c,2886aa37,1,00000398,01827026,0,1
0,256,1,000003ac,8c02006c,1,000003a8,ac03006c,1,000003a4,00a56826,1,000003a0,00023f43,1,0000039c,2886aa37,0,1
0,257,1,000003b0,00424021,1,000003ac,8c02006c,1,000003a8,ac03006c,1,000003a4,00a56826,1,000003a0,00023f43,0,1
0,258,1,000003b4,00020d80,1,000003b0,00424021,1,000003ac,8c02006c,1,000003a8,ac03006c,1,000003a4,00a56826,1,1
0,259,1,000003b4,00020d80,1,000003b0,00424021,0,000003ac,8c02006c,1,000003ac,8c02006c,1,000003a8,ac03006c,1,1
0,260,1,000003b8,018c6023,1,000003b4,00020d80,1,000003b0,00424021,0,000003ac,8c02006c,1,000003ac,8c02006c,0,1
0,261,1,000003bc,30230d4a,1,000003b8,018c6023,1,000003b4,00020d80,1,000003b0,00424021,0,000003ac,8c02006c,0,1
0,262,1,000003c0,000d6cc2,1,000003bc,30230d4a,1,000003b8,018c6023,1,000003b4,00020d80,1,000003b0,00424021,0,1
0,263,1,000003c4,01ea0826,1,000003c0,000d6cc2,1,000003bc,30230d4a,1,000003b8,018c6023,1,000003b4,00020d80,0,1
0,264,1,000003c8,3108f01e,1,000003c4,01ea0826,1,000003c0,000d6cc2,1,000003bc,30230d4a,1,000003b8,018c6023,0,1
0,265,1,000003cc,000b3f40,1,000003c8,3108f01e,1,000003c4,01ea0826,1,000003c0,000d6cc2,1,000003bc,30230d4a,0,1
0,266,1,000003d0,00e53021,1,000003cc,000b3f40,1,000003c8,3108f01e,1,000003c4,01ea0826,1,000003c0,000d6cc2,0,1
0,267,1,000003d4,2d2a1ae4,1,000003d0,00e53021,1,000003cc,000b3f40,1,000003c8,3108f01e,1,000003c4,01ea0826,0,1
0,268,1,000003d8,00084ac0,1,000003d4,2d2a1ae4,1,000003d0,00e53021,1,000003cc,000b3f40,1,000003c8,3108f01e,0,1
0,269,1,000003dc,ac070018,1,000003d8,00084ac0,1,000003d4,2d2a1ae4,1,000003d0,00e53021,1,000003cc,000b3f40,0,1
0,270,1,000003e0,8c020018,1,000003dc,ac070018,1,000003d8,00084ac0,1,000003d4,2d2a1ae4,1,000003d0,00e53021,0,1
0,271,1,000003e4,00422021,1,000003e0,8c020018,1,000003dc,ac070018,1,000003d8,00084ac0,1,000003d4,2d2a1ae4,0,1
0,272,1,000003e8,2c4d7b32,1,000003e4,00422021,1,000003e0,8c020018,1,000003dc,ac070018,1,000003d8,00084ac0,1,1
0,273,1,000003e8,2c4d7b32,1,000003e4,00422021,0,000003e0,8c020018,1,000003e0,8c020018,1,000003dc,ac070018,1,1
0,274,1,000003ec,000e71c2,1,000003e8,2c4d7b32,1,000003e4,00422021,0,000003e0,8c020018,1,000003e0,8c020018,0,1
0,275,1,000003f0,01ea2024,1,000003ec,000e71c2,1,000003e8,2c4d7b32,1,000003e4,00422021,0,000003e0,8c020018,0,1
0,276,1,000003f4,29c13449,1,000003f0,01ea2024,1,000003ec,000e71c2,1,000003e8,2c4d7b32,1,000003e4,00422021,0,1
0,277,1,000003f8,00083d83,1,000003f4,29c13449,1,000003f0,01ea2024,1,000003ec,000e71c2,1,000003e8,2c4d7b32,0,1
0,278,1,000003fc,00686823,1,000003f8,00083d83,1,000003f4,29c13449,1,000003f0,01ea2024,1,000003ec,000e71c2,0,1
0,279,1,00000400,2c45f7ac,1,000003fc,00686823,1,000003f8,00083d83,1,000003f4,29c13449,1,000003f0,01ea2024,0,1
0,280,1,00000404,000e2103,1,00000400,2c45f7ac,1,000003fc,00686823,1,000003f8,00083d83,1,000003f4,29c13449,0,1
0,281,1,00000408,018d6023,1,00000404,000e2103,1,00000400,2c45f7ac,1,000003fc,00686823,1,000003f8,00083d83,0,1
0,282,1,0000040c,3966fc26,1,00000408,018d6023,1,00000404,000e2103,1,00000400,2c45f7ac,1,000003fc,00686823,0,1
0,283,1,00000410,ac0e0044,1,0000040c,3966fc26,1,00000408,018d6023,1,00000404,000e2103,1,00000400,2c45f7ac,0,1
0,284,1,00000414,8c080044,1,00000410,ac0e0044,1,0000040c,3966fc26,1,00000408,018d6023,1,00000404,000e2103,0,1
0,285,1,00000418,01083821,1,00000414,8c080044,1,00000410,ac0e0044,1,0000040c,3966fc26,1,00000408,018d6023,0,1
0,286,1,0000041c,00c80824,1,00000418,01083821,1,00000414,8c080044,1,00000410,ac0e0044,1,0000040c,3966fc26,1,1
0,287,1,0000041c,00c80824,1,00000418,01083821,0,00000414,8c080044,1,00000414,8c080044,1,00000410,ac0e0044,1,1
0,288,1,00000420,3545013b,1,0000041c,00c80824,1,00000418,01083821,0,00000414,8c080044,1,00000414,8c080044,0,1
0,289,1,00000424,000f5682,1,00000420,3545013b,1,0000041c,00c80824,1,00000418,01083821,0,00000414,8c080044,0,1
0,290,1,00000428,0049082b,1,00000424,000f5682,1,00000420,3545013b,1,0000041c,00c80824,1,00000418,01083821,0,1
0,291,1,0000042c,390fe2ad,1,00000428,0049082b,1,00000424,000f5682,1,00000420,3545013b,1,0000041c,00c80824,0,1
0,292,1,00000430,000a1682,1,0000042c,390fe2ad,1,00000428,0049082b,1,00000424,000f5682,1,00000420,3545013b,0,1
0,293,1,00000434,00622825,1,00000430,000a1682,1,0000042c,390fe2ad,1,00000428,0049082b,1,00000424,000f5682,0,1
0,294,1,00000438,29a42102,1,00000434,00622825,1,00000430,000a1682,1,0000042c,390fe2ad,1,00000428,0049082b,0,1
0,295,1,0000043c,00026943,1,00000438,29a42102,1,00000434,00622825,1,00000430,000a1682,1,0000042c,390fe2ad,0,1
0,296,1,00000440,01ca5821,1,0000043c,00026943,1,00000438,29a42102,1,00000434,00622825,1,00000430,000a1682,0,1
0,297,1,00000444,3c1080ff,1,00000440,01ca5821,1,0000043c,00026943,1,00000438,29a42102,1,00000434,00622825,0,1
0,298,1,00000448,361081fe,1,00000444,3c1080ff,1,00000440,01ca5821,1,0000043c,00026943,1,00000438,29a42102,0,1
0,299,1,0000044c,ac1000a0,1,00000448,361081fe,1,00000444,3c1080ff,1,00000440,01ca5821,1,0000043c,00026943,0,1
0,300,1,00000450,801100a0,1,0000044c,ac1000a0,1,00000448,361081fe,1,00000444,3c1080ff,1,00000440,01ca5821,0,1
0,301,1,00000454,901200a0,1,00000450,801100a0,1,0000044c,ac1000a0,1,00000448,361081fe,1,00000444,3c1080ff,0,1
0,302,1,00000458,a01000b4,1,00000454,901200a0,1,00000450,801100a0,1,0000044c,ac1000a0,1,00000448,361081fe,1,1
0,303,1,0000045c,801100a1,1,00000458,a01000b4,1,00000454,901200a0,1,00000450,801100a0,1,0000044c,ac1000a0,1,1
0,304,1,00000460,901200a1,1,0000045c,801100a1,1,00000458,a01000b4,1,00000454,901200a0,1,00000450,801100a0,1,1
0,305,1,00000464,a01000b5,1,00000460,901200a1,1,0000045c,801100a1,1,00000458,a01000b4,1,00000454,901200a0,1,1
0,306,1,00000468,801100a2,1,00000464,a01000b5,1,00000460,901200a1,1,0000045c,801100a1,1,00000458,a01000b4,1,1
0,307,1,0000046c,901200a2,1,00000468,801100a2,1,00000464,a01000b5,1,00000460,901200a1,1,0000045c,801100a1,1,1
0,308,1,00000470,a01000b6,1,0000046c,901200a2,1,00000468,801100a2,1,00000464,a01000b5,1,00000460,901200a1,1,1
0,309,1,00000474,801100a3,1,00000470,a01000b6,1,0000046c,901200a2,1,00000468,801100a2,1,00000464,a01000b5,1,1
0,310,1,00000478,901200a3,1,00000474,801100a3,1,00000470,a01000b6,1,0000046c,901200a2,1,00000468,801100a2,1,1
0,311,1,0000047c,a01000b7,1,00000478,901200a3,1,00000474,801100a3,1,00000470,a01000b6,1,0000046c,901200a2,1,1
0,312,1,00000480,841100a0,1,0000047c,a01000b7,1,00000478,901200a3,1,00000474,801100a3,1,00000470,a01000b6,1,1
0,313,1,00000484,941200a0,1,00000480,841100a0,1,0000047c,a01000b7,1,00000478,901200a3,1,00000474,801100a3,1,1
0,314,1,00000488,a41000b8,1,00000484,941200a0,1,00000480,841100a0,1,0000047c,a01000b7,1,00000478,901200a3,1,1
0,315,1,0000048c,841100a2,1,00000488,a41000b8,1,00000484,941200a0,1,00000480,841100a0,1,0000047c,a01000b7,1,1
0,316,1,00000490,941200a2,1,0000048c,841100a2,1,00000488,a41000b8,1,00000484,941200a0,1,00000480,841100a0,1,1
0,317,1,00000494,a41000ba,1,00000490,941200a2,1,0000048c,841100a2,1,00000488,a41000b8,1,00000484,941200a0,1,1
0,318,1,00000498,24110000,1,00000494,a41000ba,1,00000490,941200a2,1,0000048c,841100a2,1,00000488,a41000b8,1,1
0,319,1,0000049c,02309004,1,00000498,24110000,1,00000494,a41000ba,1,00000490,941200a2,1,0000048c,841100a2,1,1
0,320,1,000004a0,02309006,1,0000049c,02309004,1,00000498,24110000,1,00000494,a41000ba,1,00000490,941200a2,1,1
0,321,1,000004a4,02309007,1,000004a0,02309006,1,0000049c,02309004,1,00000498,24110000,1,00000494,a41000ba,0,1
0,322,1,000004a8,24110001,1,000004a4,02309007,1,000004a0,02309006,1,0000049c,02309004,1,00000498,24110000,0,1
0,323,1,000004ac,02309004,1,000004a8,24110001,1,000004a4,02309007,1,000004a0,02309006,1,0000049c,02309004,0,1
0,324,1,000004b0,02309006,1,000004ac,02309004,1,000004a8,24110001,1,000004a4,02309007,1,000004a0,02309006,0,1
0,325,1,000004b4,02309007,1,000004b0,02309006,1,000004ac,02309004,1,000004a8,24110001,1,000004a4,02309007,0,1
0,326,1,000004b8,24110002,1,000004b4,02309007,1,000004b0,02309006,1,000004ac,02309004,1,000004a8,24110001,0,1
0,327,1,000004bc,02309004,1,000004b8,24110002,1,000004b4,02309007,1,000004b0,02309006,1,000004ac,02309004,0,1
0,328,1,000004c0,02309006,1,000004bc,02309004,1,000004b8,24110002,1,000004b4,02309007,1,000004b0,02309006,0,1
0,329,1,000004c4,02309007,1,000004c0,02309006,1,000004bc,02309004,1,000004b8,24110002,1,000004b4,02309007,0,1
0,330,1,000004c8,24110003,1,000004c4,02309007,1,000004c0,02309006,1,000004bc,02309004,1,000004b8,24110002,0,1
0,331,1,000004cc,02309004,1,000004c8,24110003,1,000004c4,02309007,1,000004c0,02309006,1,000004bc,02309004,0,1
0,332,1,000004d0,02309006,1,000004cc,02309004,1,000004c8,24110003,1,000004c4,02309007,1,000004c0,02309006,0,1
0,333,1,000004d4,02309007,1,000004d0,02309006,1,000004cc,02309004,1,000004c8,24110003,1,000004c4,02309007,0,1
0,334,1,000004d8,24110004,1,000004d4,02309007,1,000004d0,02309006,1,000004cc,02309004,1,000004c8,24110003,0,1
0,335,1,000004dc,02309004,1,000004d8,24110004,1,000004d4,02309007,1,000004d0,02309006,1,000004cc,02309004,0,1
0,336,1,000004e0,02309006,1,000004dc,02309004,1,000004d8,24110004,1,000004d4,02309007,1,000004d0,02309006,0,1
0,337,1,000004e4,02309007,1,000004e0,02309006,1,000004dc,02309004,1,000004d8,24110004,1,000004d4,02309007,0,1
0,338,1,000004e8,24110005,1,000004e4,02309007,1,000004e0,02309006,1,000004dc,02309004,1,000004d8,24110004,0,1
0,339,1,000004ec,02309004,1,000004e8,24110005,1,000004e4,02309007,1,000004e0,02309006,1,000004dc,02309004,0,1
0,340,1,000004f0,02309006,1,000004ec,02309004,1,000004e8,24110005,1,000004e4,02309007,1,000004e0,02309006,0,1
0,341,1,000004f4,02309007,1,000004f0,02309006,1,000004ec,02309004,1,000004e8,24110005,1,000004e4,02309007,0,1
0,342,1,000004f8,24110006,1,000004f4,02309007,1,000004f0,02309006,1,000004ec,02309004,1,000004e8,24110005,0,1
0,343,1,000004fc,02309004,1,000004f8,24110006,1,000004f4,02309007,1,000004f0,02309006,1,000004ec,02309004,0,1
0,344,1,00000500,02309006,1,000004fc,02309004,1,000004f8,24110006,1,000004f4,02309007,1,000004f0,02309006,0,1
0,345,1,00000504,02309007,1,00000500,02309006,1,000004fc,02309004,1,000004f8,24110006,1,000004f4,02309007,0,1
0,346,1,00000508,24110007,1,00000504,02309007,1,00000500,02309006,1,000004fc,02309004,1,000004f8,24110006,0,1
0,347,1,0000050c,02309004,1,00000508,24110007,1,00000504,02309007,1,00000500,02309006,1,000004fc,02309004,0,1
0,348,1,00000510,02309006,1,0000050c,02309004,1,00000508,24110007,1,00000504,02309007,1,00000500,02309006,0,1
0,349,1,00000514,02309007,1,00000510,02309006,1,0000050c,02309004,1,00000508,24110007,1,00000504,02309007,0,1
0,350,1,00000518,24110008,1,00000514,02309007,1,00000510,02309006,1,0000050c,02309004,1,00000508,24110007,0,1
0,351,1,0000051c,02309004,1,00000518,24110008,1,00000514,02309007,1,00000510,02309006,1,0000050c,02309004,0,1
0,352,1,00000520,02309006,1,0000051c,02309004,1,00000518,24110008,1,00000514,02309007,1,00000510,02309006,0,1
0,353,1,00000524,02309007,1,00000520,02309006,1,0000051c,02309004,1,00000518,24110008,1,00000514,02309007,0,1
0,354,1,00000528,24110009,1,00000524,02309007,1,00000520,02309006,1,0000051c,02309004,1,00000518,24110008,0,1
0,355,1,0000052c,02309004,1,00000528,24110009,1,00000524,02309007,1,00000520,02309006,1,0000051c,02309004,0,1
0,356,1,00000530,02309006,1,0000052c,02309004,1,00000528,24110009,1,00000524,02309007,1,00000520,02309006,0,1
0,357,1,00000534,02309007,1,00000530,02309006,1,0000052c,02309004,1,00000528,24110009,1,00000524,02309007,0,1
0,358,1,00000538,2411000a,1,00000534,02309007,1,00000530,02309006,1,0000052c,02309004,1,00000528,24110009,0,1
0,359,1,0000053c,02309004,1,00000538,2411000a,1,00000534,02309007,1,00000530,02309006,1,0000052c,02309004,0,1
0,360,1,00000540,02309006,1,0000053c,02309004,1,00000538,2411000a,1,00000534,02309007,1,00000530,02309006,0,1
0,361,1,00000544,02309007,1,00000540,02309006,1,0000053c,02309004,1,00000538,2411000a,1,00000534,02309007,0,1
0,362,1,00000548,2411000b,1,00000544,02309007,1,00000540,02309006,1,0000053c,02309004,1,00000538,2411000a,0,1
0,363,1,0000054c,02309004,1,00000548,2411000b,1,00000544,02309007,1,00000540,02309006,1,0000053c,02309004,0,1
0,364,1,00000550,02309006,1,0000054c,02309004,1,00000548,2411000b,1,00000544,02309007,1,00000540,02309006,0,1
0,365,1,00000554,02309007,1,00000550,02309006,1,0000054c,02309004,1,00000548,2411000b,1,00000544,02309007,0,1
0,366,1,00000558,2411000c,1,00000554,02309007,1,00000550,02309006,1,0000054c,02309004,1,00000548,2411000b,0,1
0,367,1,0000055c,02309004,1,00000558,2411000c,1,00000554,02309007,1,00000550,02309006,1,0000054c,02309004,0,1
0,368,1,00000560,02309006,1,0000055c,02309004,1,00000558,2411000c,1,00000554,02309007,1,00000550,02309006,0,1
0,369,1,00000564,02309007,1,00000560,02309006,1,0000055c,02309004,1,00000558,2411000c,1,00000554,02309007,0,1
0,370,1,00000568,2411000d,1,00000564,02309007,1,00000560,02309006,1,0000055c,02309004,1,00000558,2411000c,0,1
0,371,1,0000056c,02309004,1,00000568,2411000d,1,00000564,02309007,1,00000560,02309006,1,0000055c,02309004,0,1
0,372,1,00000570,02309006,1,0000056c,02309004,1,00000568,2411000d,1,00000564,02309007,1,00000560,02309006,0,1
0,373,1,00000574,02309007,1,00000570,02309006,1,0000056c,02309004,1,00000568,2411000d,1,00000564,02309007,0,1
0,374,1,00000578,2411000e,1,00000574,02309007,1,00000570,02309006,1,0000056c,02309004,1,00000568,2411000d,0,1
0,375,1,0000057c,02309004,1,00000578,2411000e,1,00000574,02309007,1,00000570,02309006,1,0000056c,02309004,0,1
0,376,1,00000580,02309006,1,0000057c,02309004,1,00000578,2411000e,1,00000574,02309007,1,00000570,02309006,0,1
0,377,1,00000584,02309007,1,00000580,02309006,1,0000057c,02309004,1,00000578,2411000e,1,00000574,02309007,0,1
0,378,1,00000588,2411000f,1,00000584,02309007,1,00000580,02309006,1,0000057c,02309004,1,00000578,2411000e,0,1
0,379,1,0000058c,02309004,1,00000588,2411000f,1,00000584,02309007,1,00000580,02309006,1,0000057c,02309004,0,1
0,380,1,00000590,02309006,1,0000058c,02309004,1,00000588,2411000f,1,00000584,02309007,1,00000580,02309006,0,1
0,381,1,00000594,02309007,1,00000590,02309006,1,0000058c,02309004,1,00000588,2411000f,1,00000584,02309007,0,1
0,382,1,00000598,24110010,1,00000594,02309007,1,00000590,02309006,1,0000058c,02309004,1,00000588,2411000f,0,1
0,383,1,0000059c,02309004,1,00000598,24110010,1,00000594,02309007,1,00000590,02309006,1,0000058c,02309004,0,1
0,384,1,000005a0,02309006,1,0000059c,02309004,1,00000598,24110010,1,00000594,02309007,1,00000590,02309006,0,1
0,385,1,000005a4,02309007,1,000005a0,02309006,1,0000059c,02309004,1,00000598,24110010,1,00000594,02309007,0,1
0,386,1,000005a8,24110011,1,000005a4,02309007,1,000005a0,02309006,1,0000059c,02309004,1,00000598,24110010,0,1
0,387,1,000005ac,02309004,1,000005a8,24110011,1,000005a4,02309007,1,000005a0,02309006,1,0000059c,02309004,0,1
0,388,1,000005b0,02309006,1,000005ac,02309004,1,000005a8,24110011,1,000005a4,02309007,1,000005a0,02309006,0,1
0,389,1,000005b4,02309007,1,000005b0,02309006,1,000005ac,02309004,1,000005a8,24110011,1,000005a4,02309007,0,1
0,390,1,000005b8,24110012,1,000005b4,02309007,1,000005b0,02309006,1,000005ac,02309004,1,000005a8,24110011,0,1
0,391,1,000005bc,02309004,1,000005b8,24110012,1,000005b4,02309007,1,000005b0,02309006,1,000005ac,02309004,0,1
0,392,1,000005c0,02309006,1,000005bc,02309004,1,000005b8,24110012,1,000005b4,02309007,1,000005b0,02309006,0,1
0,393,1,000005c4,02309007,1,000005c0,02309006,1,000005bc,02309004,1,000005b8,24110012,1,000005b4,02309007,0,1
0,394,1,000005c8,24110013,1,000005c4,02309007,1,000005c0,02309006,1,000005bc,02309004,1,000005b8,24110012,0,1
0,395,1,000005cc,02309004,1,000005c8,24110013,1,000005c4,02309007,1,000005c0,02309006,1,000005bc,02309004,0,1
0,396,1,000005d0,02309006,1,000005cc,02309004,1,000005c8,24110013,1,000005c4,02309007,1,000005c0,02309006,0,1
0,397,1,000005d4,02309007,1,000005d0,02309006,1,000005cc,02309004,1,000005c8,24110013,1,000005c4,02309007,0,1
0,398,1,000005d8,24110014,1,000005d4,02309007,1,000005d0,02309006,1,000005cc,02309004,1,000005c8,24110013,0,1
0,399,1,000005dc,02309004,1,000005d8,24110014,1,000005d4,02309007,1,000005d0,02309006,1,000005cc,02309004,0,1
0,400,1,000005e0,02309006,1,000005dc,02309004,1,000005d8,24110014,1,000005d4,02309007,1,000005d0,02309006,0,1
0,401,1,000005e4,02309007,1,000005e0,02309006,1,000005dc,02309004,1,000005d8,24110014,1,000005d4,02309007,0,1
0,402,1,000005e8,24110015,1,000005e4,02309007,1,000005e0,02309006,1,000005dc,02309004,1,000005d8,24110014,0,1
0,403,1,000005ec,02309004,1,000005e8,24110015,1,000005e4,02309007,1,000005e0,02309006,1,000005dc,02309004,0,1
0,404,1,000005f0,02309006,1,000005ec,02309004,1,000005e8,24110015,1,000005e4,02309007,1,000005e0,02309006,0,1
0,405,1,000005f4,02309007,1,000005f0,02309006,1,000005ec,02309004,1,000005e8,24110015,1,000005e4,02309007,0,1
0,406,1,000005f8,24110016,1,000005f4,02309007,1,000005f0,02309006,1,000005ec,02309004,1,000005e8,24110015,0,1
0,407,1,000005fc,02309004,1,000005f8,24110016,1,000005f4,02309007,1,000005f0,02309006,1,000005ec,02309004,0,1
0,408,1,00000600,02309006,1,000005fc,02309004,1,000005f8,24110016,1,000005f4,02309007,1,000005f0,02309006,0,1
0,409,1,00000604,02309007,1,00000600,02309006,1,000005fc,02309004,1,000005f8,24110016,1,000005f4,02309007,0,1
0,410,1,00000608,24110017,1,00000604,02309007,1,00000600,02309006,1,000005fc,02309004,1,000005f8,24110016,0,1
0,411,1,0000060c,02309004,1,00000608,24110017,1,00000604,02309007,1,00000600,02309006,1,000005fc,02309004,0,1
0,412,1,00000610,02309006,1,0000060c,02309004,1,00000608,24110017,1,00000604,02309007,1,00000600,02309006,0,1
0,413,1,00000614,02309007,1,00000610,02309006,1,0000060c,02309004,1,00000608,24110017,1,00000604,02309007,0,1
0,414,1,00000618,24110018,1,00000614,02309007,1,00000610,02309006,1,0000060c,02309004,1,00000608,24110017,0,1
0,415,1,0000061c,02309004,1,00000618,24110018,1,00000614,02309007,1,00000610,02309006,1,0000060c,02309004,0,1
0,416,1,00000620,02309006,1,0000061c,02309004,1,00000618,24110018,1,00000614,02309007,1,00000610,02309006,0,1
0,417,1,00000624,02309007,1,00000620,02309006,1,0000061c,02309004,1,00000618,24110018,1,00000614,02309007,0,1
0,418,1,00000628,24110019,1,00000624,02309007,1,00000620,02309006,1,0000061c,02309004,1,00000618,24110018,0,1
0,419,1,0000062c,02309004,1,00000628,24110019,1,00000624,02309007,1,00000620,02309006,1,0000061c,02309004,0,1
0,420,1,00000630,02309006,1,0000062c,02309004,1,00000628,24110019,1,00000624,02309007,1,00000620,02309006,0,1
0,421,1,00000634,02309007,1,00000630,02309006,1,0000062c,02309004,1,00000628,24110019,1,00000624,02309007,0,1
0,422,1,00000638,2411001a,1,00000634,02309007,1,00000630,02309006,1,0000062c,02309004,1,00000628,24110019,0,1
0,423,1,0000063c,02309004,1,00000638,2411001a,1,00000634,02309007,1,00000630,02309006,1,0000062c,02309004,0,1
0,424,1,00000640,02309006,1,0000063c,02309004,1,00000638,2411001a,1,00000634,02309007,1,00000630,02309006,0,1
0,425,1,00000644,02309007,1,00000640,02309006,1,0000063c,02309004,1,00000638,2411001a,1,00000634,02309007,0,1
0,426,1,00000648,2411001b,1,00000644,02309007,1,00000640,02309006,1,0000063c,02309004,1,00000638,2411001a,0,1
0,427,1,0000064c,02309004,1,00000648,2411001b,1,00000644,02309007,1,00000640,02309006,1,0000063c,02309004,0,1
0,428,1,00000650,02309006,1,0000064c,02309004,1,00000648,2411001b,1,00000644,02309007,1,00000640,02309006,0,1
0,429,1,00000654,02309007,1,00000650,02309006,1,0000064c,02309004,1,00000648,2411001b,1,00000644,02309007,0,1
0,430,1,00000658,2411001c,1,00000654,02309007,1,00000650,02309006,1,0000064c,02309004,1,00000648,2411001b,0,1
0,431,1,0000065c,02309004,1,00000658,2411001c,1,00000654,02309007,1,00000650,02309006,1,0000064c,02309004,0,1
0,432,1,00000660,02309006,1,0000065c,02309004,1,00000658,2411001c,1,00000654,02309007,1,00000650,02309006,0,1
0,433,1,00000664,02309007,1,00000660,02309006,1,0000065c,02309004,1,00000658,2411001c,1,00000654,02309007,0,1
0,434,1,00000668,2411001d,1,00000664,02309007,1,00000660,02309006,1,0000065c,02309004,1,00000658,2411001c,0,1
0,435,1,0000066c,02309004,1,00000668,2411001d,1,00000664,02309007,1,00000660,02309006,1,0000065c,02309004,0,1
0,436,1,00000670,02309006,1,0000066c,02309004,1,00000668,2411001d,1,00000664,02309007,1,00000660,02309006,0,1
0,437,1,00000674,02309007,1,00000670,02309006,1,0000066c,02309004,1,00000668,2411001d,1,00000664,02309007,0,1
0,438,1,00000678,2411001e,1,00000674,02309007,1,00000670,02309006,1,0000066c,02309004,1,00000668,2411001d,0,1
0,439,1,0000067c,02309004,1,00000678,2411001e,1,00000674,02309007,1,00000670,02309006,1,0000066c,02309004,0,1
0,440,1,00000680,02309006,1,0000067c,02309004,1,00000678,2411001e,1,00000674,02309007,1,00000670,02309006,0,1
0,441,1,00000684,02309007,1,00000680,02309006,1,0000067c,02309004,1,00000678,2411001e,1,00000674,02309007,0,1
0,442,1,00000688,2411001f,1,00000684,02309007,1,00000680,02309006,1,0000067c,02309004,1,00000678,2411001e,0,1
0,443,1,0000068c,02309004,1,00000688,2411001f,1,00000684,02309007,1,00000680,02309006,1,0000067c,02309004,0,1
0,444,1,00000690,02309006,1,0000068c,02309004,1,00000688,2411001f,1,00000684,02309007,1,00000680,02309006,0,1
0,445,1,00000694,02309007,1,00000690,02309006,1,0000068c,02309004,1,00000688,2411001f,1,00000684,02309007,0,1
0,446,1,00000698,02520021,1,00000694,02309007,1,00000690,02309006,1,0000068c,02309004,1,00000688,2411001f,0,1
0,447,1,0000069c,2413ffff,1,00000698,02520021,1,00000694,02309007,1,00000690,02309006,1,0000068c,02309004,0,1
0,448,1,000006a0,2413ffff,1,0000069c,2413ffff,1,00000698,02520021,1,00000694,02309007,1,00000690,02309006,0,1
0,449,1,000006a4,12730002,1,000006a0,2413ffff,1,0000069c,2413ffff,1,00000698,02520021,1,00000694,02309007,0,1
0,450,1,000006a8,2414000c,1,000006a4,12730002,1,000006a0,2413ffff,1,0000069c,2413ffff,1,00000698,02520021,0,1
0,451,1,000006ac,2414000d,1,000006a8,2414000c,1,000006a4,12730002,1,000006a0,2413ffff,1,0000069c,2413ffff,0,1
0,452,1,000006b0,24130001,0,000006a8,2414000c,1,000006a8,2414000c,1,000006a4,12730002,1,000006a0,2413ffff,0,1
0,453,1,000006b4,12730002,1,000006b0,24130001,0,000006a8,2414000c,1,000006a8,2414000c,1,000006a4,12730002,0,1
0,454,1,000006b8,2414000c,1,000006b4,12730002,1,000006b0,24130001,0,000006a8,2414000c,1,000006a8,2414000c,0,1
0,455,1,000006bc,2414000d,1,000006b8,2414000c,1,000006b4,12730002,1,000006b0,24130001,0,000006a8,2414000c,0,1
0,456,1,000006c0,2413ffff,0,000006b8,2414000c,1,000006b8,2414000c,1,000006b4,12730002,1,000006b0,24130001,0,1
0,457,1,000006c4,16730002,1,000006c0,2413ffff,0,000006b8,2414000c,1,000006b8,2414000c,1,000006b4,12730002,0,1
0,458,1,000006c8,2414000c,1,000006c4,16730002,1,000006c0,2413ffff,0,000006b8,2414000c,1,000006b8,2414000c,0,1
0,459,1,000006cc,2414000d,1,000006c8,2414000c,1,000006c4,16730002,1,000006c0,2413ffff,0,000006b8,2414000c,0,1
0,460,1,000006cc,2414000d,0,000006c8,2414000c,1,000006c8,2414000c,1,000006c4,16730002,1,000006c0,2413ffff,0,1
0,461,1,000006d0,24130001,1,000006cc,2414000d,0,000006c8,2414000c,1,000006c8,2414000c,1,000006c4,16730002,0,1
0,462,1,000006d4,16730002,1,000006d0,24130001,1,000006cc,2414000d,0,000006c8,2414000c,1,000006c8,2414000c,0,1
0,463,1,000006d8,2414000c,1,000006d4,16730002,1,000006d0,24130001,1,000006cc,2414000d,0,000006c8,2414000c,0,1
0,464,1,000006dc,2414000d,1,000006d8,2414000c,1,000006d4,16730002,1,000006d0,24130001,1,000006cc,2414000d,0,1
0,465,1,000006dc,2414000d,0,000006d8,2414000c,1,000006d8,2414000c,1,000006d4,16730002,1,000006d0,24130001,0,1
0,466,1,000006e0,2413ffff,1,000006dc,2414000d,0,000006d8,2414000c,1,000006d8,2414000c,1,000006d4,16730002,0,1
0,467,1,000006e4,1a600002,1,000006e0,2413ffff,1,000006dc,2414000d,0,000006d8,2414000c,1,000006d8,2414000c,0,1
0,468,1,000006e8,2414000c,1,000006e4,1a600002,1,000006e0,2413ffff,1,000006dc,2414000d,0,000006d8,2414000c,0,1
0,469,1,000006ec,2414000d,1,000006e8,2414000c,1,000006e4,1a600002,1,000006e0,2413ffff,1,000006dc,2414000d,0,1
0,470,1,000006f0,24130001,0,000006e8,2414000c,1,000006e8,2414000c,1,000006e4,1a600002,1,000006e0,2413ffff,0,1
0,471,1,000006f4,1a600002,1,000006f0,24130001,0,000006e8,2414000c,1,000006e8,2414000c,1,000006e4,1a600002,0,1
0,472,1,000006f8,2414000c,1,000006f4,1a600002,1,000006f0,24130001,0,000006e8,2414000c,1,000006e8,2414000c,0,1
0,473,1,000006fc,2414000d,1,000006f8,2414000c,1,000006f4,1a600002,1,000006f0,24130001,0,000006e8,2414000c,0,1
0,474,1,000006fc,2414000d,0,000006f8,2414000c,1,000006f8,2414000c,1,000006f4,1a600002,1,000006f0,24130001,0,1
0,475,1,00000700,2413ffff,1,000006fc,2414000d,0,000006f8,2414000c,1,000006f8,2414000c,1,000006f4,1a600002,0,1
0,476,1,00000704,1e600002,1,00000700,2413ffff,1,000006fc,2414000d,0,000006f8,2414000c,1,000006f8,2414000c,0,1
0,477,1,00000708,2414000c,1,00000704,1e600002,1,00000700,2413ffff,1,000006fc,2414000d,0,000006f8,2414000c,0,1
0,478,1,0000070c,2414000d,1,00000708,2414000c,1,00000704,1e600002,1,00000700,2413ffff,1,000006fc,2414000d,0,1
0,479,1,0000070c,2414000d,0,00000708,2414000c,1,00000708,2414000c,1,00000704,1e600002,1,00000700,2413ffff,0,1
0,480,1,00000710,24130001,1,0000070c,2414000d,0,00000708,2414000c,1,00000708,2414000c,1,00000704,1e600002,0,1
0,481,1,00000714,1e600002,1,00000710,24130001,1,0000070c,2414000d,0,00000708,2414000c,1,00000708,2414000c,0,1
0,482,1,00000718,2414000c,1,00000714,1e600002,1,00000710,24130001,1,0000070c,2414000d,0,00000708,2414000c,0,1
0,483,1,0000071c,2414000d,1,00000718,2414000c,1,00000714,1e600002,1,00000710,24130001,1,0000070c,2414000d,0,1
0,484,1,00000720,2413ffff,0,00000718,2414000c,1,00000718,2414000c,1,00000714,1e600002,1,00000710,24130001,0,1
0,485,1,00000724,06600002,1,00000720,2413ffff,0,00000718,2414000c,1,00000718,2414000c,1,00000714,1e600002,0,1
0,486,1,00000728,2414000c,1,00000724,06600002,1,00000720,2413ffff,0,00000718,2414000c,1,00000718,2414000c,0,1
0,487,1,0000072c,2414000d,1,00000728,2414000c,1,00000724,06600002,1,00000720,2413ffff,0,00000718,2414000c,0,1
0,488,1,00000730,24130001,0,00000728,2414000c,1,00000728,2414000c,1,00000724,06600002,1,00000720,2413ffff,0,1
0,489,1,00000734,06600002,1,00000730,24130001,0,00000728,2414000c,1,00000728,2414000c,1,00000724,06600002,0,1
0,490,1,00000738,2414000c,1,00000734,06600002,1,00000730,24130001,0,00000728,2414000c,1,00000728,2414000c,0,1
0,491,1,0000073c,2414000d,1,00000738,2414000c,1,00000734,06600002,1,00000730,24130001,0,00000728,2414000c,0,1
0,492,1,0000073c,2414000d,0,00000738,2414000c,1,00000738,2414000c,1,00000734,06600002,1,00000730,24130001,0,1
0,493,1,00000740,2413ffff,1,0000073c,2414000d,0,00000738,2414000c,1,00000738,2414000c,1,00000734,06600002,0,1
0,494,1,00000744,06610002,1,00000740,2413ffff,1,0000073c,2414000d,0,00000738,2414000c,1,00000738,2414000c,0,1
0,495,1,00000748,27f40001,1,00000744,06610002,1,00000740,2413ffff,1,0000073c,2414000d,0,00000738,2414000c,0,1
0,496,1,0000074c,2414000d,1,00000748,27f40001,1,00000744,06610002,1,00000740,2413ffff,1,0000073c,2414000d,0,1
0,497,1,0000074c,2414000d,0,00000748,27f40001,1,00000748,27f40001,1,00000744,06610002,1,00000740,2413ffff,0,1
0,498,1,00000750,24130001,1,0000074c,2414000d,0,00000748,27f40001,1,00000748,27f40001,1,00000744,06610002,0,1
0,499,1,00000754,06610002,1,00000750,24130001,1,0000074c,2414000d,0,00000748,27f40001,1,00000748,27f40001,0,1
0,500,1,00000758,27f40001,1,00000754,06610002,1,00000750,24130001,1,0000074c,2414000d,0,00000748,27f40001,0,1
0,501,1,0000075c,2414000d,1,00000758,27f40001,1,00000754,06610002,1,00000750,24130001,1,0000074c,2414000d,0,1
0,502,1,00000760,2413ffff,0,00000758,27f40001,1,00000758,27f40001,1,00000754,06610002,1,00000750,24130001,0,1
0,503,1,00000764,06700002,1,00000760,2413ffff,0,00000758,27f40001,1,00000758,27f40001,1,00000754,06610002,0,1
0,504,1,00000768,27f40001,1,00000764,06700002,1,00000760,2413ffff,0,00000758,27f40001,1,00000758,27f40001,0,1
0,505,1,0000076c,2414000d,1,00000768,27f40001,1,00000764,06700002,1,00000760,2413ffff,0,00000758,27f40001,0,1
0,506,1,00000770,24130001,0,00000768,27f40001,1,00000768,27f40001,1,00000764,06700002,1,00000760,2413ffff,0,1
0,507,1,00000774,06700002,1,00000770,24130001,0,00000768,27f40001,1,00000768,27f40001,1,00000764,06700002,0,1
0,508,1,00000778,27f40001,1,00000774,06700002,1,00000770,24130001,0,00000768,27f40001,1,00000768,27f40001,0,1
0,509,1,0000077c,2414000d,1,00000778,27f40001,1,00000774,06700002,1,00000770,24130001,0,00000768,27f40001,0,1
0,510,1,0000077c,2414000d,0,00000778,27f40001,1,00000778,27f40001,1,00000774,06700002,1,00000770,24130001,0,1
0,511,1,00000780,2413ffff,1,0000077c,2414000d,0,00000778,27f40001,1,00000778,27f40001,1,00000774,06700002,0,1
0,512,1,00000784,06710002,1,00000780,2413ffff,1,0000077c,2414000d,0,00000778,27f40001,1,00000778,27f40001,0,1
0,513,1,00000788,27f40001,1,00000784,06710002,1,00000780,2413ffff,1,0000077c,2414000d,0,00000778,27f40001,0,1
0,514,1,0000078c,2414000d,1,00000788,27f40001,1,00000784,06710002,1,00000780,2413ffff,1,0000077c,2414000d,0,1
0,515,1,0000078c,2414000d,0,00000788,27f40001,1,00000788,27f40001,1,00000784,06710002,1,00000780,2413ffff,0,1
0,516,1,00000790,24130001,1,0000078c,2414000d,0,00000788,27f40001,1,00000788,27f40001,1,00000784,06710002,0,1
0,517,1,00000794,06710002,1,00000790,24130001,1,0000078c,2414000d,0,00000788,27f40001,1,00000788,27f40001,0,1
0,518,1,00000798,27f40001,1,00000794,06710002,1,00000790,24130001,1,0000078c,2414000d,0,00000788,27f40001,0,1
0,519,1,0000079c,2414000d,1,00000798,27f40001,1,00000794,06710002,1,00000790,24130001,1,0000078c,2414000d,0,1
0,520,1,000007a0,0c0001eb,0,00000798,27f40001,1,00000798,27f40001,1,00000794,06710002,1,00000790,24130001,0,1
0,521,1,000007a4,27f40000,1,000007a0,0c0001eb,0,00000798,27f40001,1,00000798,27f40001,1,00000794,06710002,0,1
0,522,1,000007a8,24140063,1,000007a4,27f40000,1,000007a0,0c0001eb,0,00000798,27f40001,1,00000798,27f40001,0,1
0,523,1,000007ac,241507bc,0,000007a4,27f40000,1,000007a4,27f40000,1,000007a0,0c0001eb,0,00000798,27f40001,0,1
0,524,1,000007b0,02a0a809,1,000007ac,241507bc,0,000007a4,27f40000,1,000007a4,27f40000,1,000007a0,0c0001eb,0,1
0,525,1,000007b4,26b40000,1,000007b0,02a0a809,1,000007ac,241507bc,0,000007a4,27f40000,1,000007a4,27f40000,0,1
0,526,1,000007b8,24140063,1,000007b4,26b40000,1,000007b0,02a0a809,1,000007ac,241507bc,0,000007a4,27f40000,0,1
0,527,1,000007bc,24160003,0,000007b4,26b40000,1,000007b4,26b40000,1,000007b0,02a0a809,1,000007ac,241507bc,0,1
0,528,1,000007c0,26d6ffff,1,000007bc,24160003,0,000007b4,26b40000,1,000007b4,26b40000,1,000007b0,02a0a809,0,1
0,529,1,000007c4,1ec0fffe,1,000007c0,26d6ffff,1,000007bc,24160003,0,000007b4,26b40000,1,000007b4,26b40000,0,1
0,530,1,000007c8,26940001,1,000007c4,1ec0fffe,1,000007c0,26d6ffff,1,000007bc,24160003,0,000007b4,26b40000,0,1
0,531,1,000007cc,ac0700fc,1,000007c8,26940001,1,000007c4,1ec0fffe,1,000007c0,26d6ffff,1,000007bc,24160003,0,1
0,532,1,000007c0,26d6ffff,0,000007c8,26940001,1,000007c8,26940001,1,000007c4,1ec0fffe,1,000007c0,26d6ffff,0,1
0,533,1,000007c4,1ec0fffe,1,000007c0,26d6ffff,0,000007c8,26940001,1,000007c8,26940001,1,000007c4,1ec0fffe,0,1
0,534,1,000007c8,26940001,1,000007c4,1ec0fffe,1,000007c0,26d6ffff,0,000007c8,26940001,1,000007c8,26940001,0,1
0,535,1,000007cc,ac0700fc,1,000007c8,26940001,1,000007c4,1ec0fffe,1,000007c0,26d6ffff,0,000007c8,26940001,0,1
0,536,1,000007c0,26d6ffff,0,000007c8,26940001,1,000007c8,26940001,1,000007c4,1ec0fffe,1,000007c0,26d6ffff,0,1
0,537,1,000007c4,1ec0fffe,1,000007c0,26d6ffff,0,000007c8,26940001,1,000007c8,26940001,1,000007c4,1ec0fffe,0,1
0,538,1,000007c8,26940001,1,000007c4,1ec0fffe,1,000007c0,26d6ffff,0,000007c8,26940001,1,000007c8,26940001,0,1
0,539,1,000007cc,ac0700fc,1,000007c8,26940001,1,000007c4,1ec0fffe,1,000007c0,26d6ffff,0,000007c8,26940001,0,1
0,540,1,000007cc,ac0700fc,0,000007c8,26940001,1,000007c8,26940001,1,000007c4,1ec0fffe,1,000007c0,26d6ffff,0,1
0,541,1,000007d0,00000000,1,000007cc,ac0700fc,0,000007c8,26940001,1,000007c8,26940001,1,000007c4,1ec0fffe,0,1
0,542,1,000007d4,00000000,1,000007d0,00000000,1,000007cc,ac0700fc,0,000007c8,26940001,1,000007c8,26940001,0,1
0,543,1,000007d8,00000000,1,000007d4,00000000,1,000007d0,00000000,1,000007cc,ac0700fc,0,000007c8,26940001,1,1
0,544,1,000007dc,00000000,1,000007d8,00000000,1,000007d4,00000000,1,000007d0,00000000,1,000007cc,ac0700fc,0,1
1,548,1,00000000,24010007,0,00000000,00000000,0,00000000,00000000,0,00000000,00000000,0,00000000,00000000,0,0
1,549,1,00000004,2422fffd,1,00000000,24010007,0,00000000,00000000,0,00000000,00000000,0,00000000,00000000,0,0
1,550,1,00000008,00421821,1,00000004,2422fffd,1,00000000,24010007,0,00000000,00000000,0,00000000,00000000,0,0
1,551,1,0000000c,ac030000,1,00000008,00421821,1,00000004,2422fffd,1,00000000,24010007,0,00000000,00000000,0,0
1,552,1,00000010,8c040000,1,0000000c,ac030000,1,00000008,00421821,1,00000004,2422fffd,1,00000000,24010007,0,0
1,553,1,00000014,00842821,1,00000010,8c040000,1,0000000c,ac030000,1,00000008,00421821,1,00000004,2422fffd,0,1
1,554,1,00000018,ac050004,1,00000014,00842821,1,00000010,8c040000,1,0000000c,ac030000,1,00000008,00421821,1,1
1,555,1,00000018,ac050004,1,00000014,00842821,0,00000010,8c040000,1,00000010,8c040000,1,0000000c,ac030000,1,0
1,556,1,00000018,ac050004,1,00000014,00842821,0,00000010,8c040000,1,00000010,8c040000,0,0000000c,ac030000,1,0
1,557,1,00000018,ac050004,1,00000014,00842821,0,00000010,8c040000,1,00000010,8c040000,0,0000000c,ac030000,1,0
1,558,1,00000018,ac050004,1,00000014,00842821,0,00000010,8c040000,1,00000010,8c040000,0,0000000c,ac030000,1,0
1,559,1,00000018,ac050004,1,00000014,00842821,0,00000010,8c040000,1,00000010,8c040000,0,0000000c,ac030000,1,0
1,560,1,00000018,ac050004,1,00000014,00842821,0,00000010,8c040000,1,00000010,8c040000,0,0000000c,ac030000,1,1
1,561,1,0000001c,10a50002,1,00000018,ac050004,1,00000014,00842821,0,00000010,8c040000,1,00000010,8c040000,0,1
1,562,1,00000020,24a60001,1,0000001c,10a50002,1,00000018,ac050004,1,00000014,00842821,0,00000010,8c040000,0,0
1,563,1,00000024,ac010064,1,00000020,24a60001,1,0000001c,10a50002,1,00000018,ac050004,1,00000014,00842821,1,0
1,564,1,00000024,ac010064,1,00000020,24a60001,1,0000001c,10a50002,1,00000018,ac050004,0,00000014,00842821,1,0
1,565,1,00000024,ac010064,1,00000020,24a60001,1,0000001c,10a50002,1,00000018,ac050004,0,00000014,00842821,1,0
1,566,1,00000024,ac010064,1,00000020,24a60001,1,0000001c,10a50002,1,00000018,ac050004,0,00000014,00842821,1,0
1,567,1,00000024,ac010064,1,00000020,24a60001,1,0000001c,10a50002,1,00000018,ac050004,0,00000014,00842821,1,1
1,568,1,00000028,14a60002,0,00000020,24a60001,1,00000020,24a60001,1,0000001c,10a50002,1,00000018,ac050004,0,1
1,569,1,0000002c,24c70001,1,00000028,14a60002,0,00000020,24a60001,1,00000020,24a60001,1,0000001c,10a50002,0,0
1,570,1,00000030,ac010064,1,0000002c,24c70001,1,00000028,14a60002,0,00000020,24a60001,1,00000020,24a60001,0,0
1,571,1,00000034,ac0c0000,0,0000002c,24c70001,1,0000002c,24c70001,1,00000028,14a60002,0,00000020,24a60001,0,0
1,572,1,00000038,8c040000,1,00000034,ac0c0000,0,0000002c,24c70001,1,0000002c,24c70001,1,00000028,14a60002,0,0
1,573,1,0000003c,00843021,1,00000038,8c040000,1,00000034,ac0c0000,0,0000002c,24c70001,1,0000002c,24c70001,0,0
1,574,1,00000040,35833e56,1,0000003c,00843021,1,00000038,8c040000,1,00000034,ac0c0000,0,0000002c,24c70001,1,1
1,575,1,00000040,35833e56,1,0000003c,00843021,0,00000038,8c040000,1,00000038,8c040000,1,00000034,ac0c0000,1,1
1,576,1,00000044,000d6e80,1,00000040,35833e56,1,0000003c,00843021,0,00000038,8c040000,1,00000038,8c040000,0,0
1,577,1,00000048,01cb2023,1,00000044,000d6e80,1,00000040,35833e56,1,0000003c,00843021,0,00000038,8c040000,0,0
1,578,1,0000004c,2dcbe87c,1,00000048,01cb2023,1,00000044,000d6e80,1,00000040,35833e56,1,0000003c,00843021,0,0
1,579,1,00000050,00072383,1,0000004c,2dcbe87c,1,00000048,01cb2023,1,00000044,000d6e80,1,00000040,35833e56,0,0
1,580,1,00000054,00ef3824,1,00000050,00072383,1,0000004c,2dcbe87c,1,00000048,01cb2023,1,00000044,000d6e80,0,0
1,581,1,00000058,35cd31be,1,00000054,00ef3824,1,00000050,00072383,1,0000004c,2dcbe87c,1,00000048,01cb2023,0,1
1,582,1,0000005c,00025d83,1,00000058,35cd31be,1,00000054,00ef3824,1,00000050,00072383,1,0000004c,2dcbe87c,0,1
1,583,1,00000060,01c54821,1,0000005c,00025d83,1,00000058,35cd31be,1,00000054,00ef3824,1,00000050,00072383,0,0
1,584,1,00000064,346e1b44,1,00000060,01c54821,1,0000005c,00025d83,1,00000058,35cd31be,1,00000054,00ef3824,0,0
1,585,1,00000068,ac02002c,1,00000064,346e1b44,1,00000060,01c54821,1,0000005c,00025d83,1,00000058,35cd31be,0,0
1,586,1,0000006c,8c03002c,1,00000068,ac02002c,1,00000064,346e1b44,1,00000060,01c54821,1,0000005c,00025d83,0,0
1,587,1,00000070,00636021,1,0000006c,8c03002c,1,00000068,ac02002c,1,00000064,346e1b44,1,00000060,01c54821,0,0
1,588,1,00000074,0104302a,1,00000070,00636021,1,0000006c,8c03002c,1,00000068,ac02002c,1,00000064,346e1b44,1,1
1,589,1,00000074,0104302a,1,00000070,00636021,0,0000006c,8c03002c,1,0000006c,8c03002c,1,00000068,ac02002c,1,1
1,590,1,00000078,29ce50eb,1,00000074,0104302a,1,00000070,00636021,0,0000006c,8c03002c,1,0000006c,8c03002c,0,0
1,591,1,0000007c,00025383,1,00000078,29ce50eb,1,00000074,0104302a,1,00000070,00636021,0,0000006c,8c03002c,0,0
1,592,1,00000080,01cf302a,1,0000007c,00025383,1,00000078,29ce50eb,1,00000074,0104302a,1,00000070,00636021,0,0
1,593,1,00000084,38ee38ea,1,00000080,01cf302a,1,0000007c,00025383,1,00000078,29ce50eb,1,00000074,0104302a,0,0
1,594,1,00000088,000f1303,1,00000084,38ee38ea,1,00000080,01cf302a,1,0000007c,00025383,1,00000078,29ce50eb,0,0
1,595,1,0000008c,01057821,1,00000088,000f1303,1,00000084,38ee38ea,1,00000080,01cf302a,1,0000007c,00025383,0,1
1,596,1,00000090,296ed6ff,1,0000008c,01057821,1,00000088,000f1303,1,00000084,38ee38ea,1,00000080,01cf302a,0,1
1,597,1,00000094,000e7c02,1,00000090,296ed6ff,1,0000008c,01057821,1,00000088,000f1303,1,00000084,38ee38ea,0,0
1,598,1,00000098,01e86826,1,00000094,000e7c02,1,00000090,296ed6ff,1,0000008c,01057821,1,00000088,000f1303,0,0
1,599,1,0000009c,ac040058,1,00000098,01e86826,1,00000094,000e7c02,1,00000090,296ed6ff,1,0000008c,01057821,0,0
1,600,1,000000a0,8c0f0058,1,0000009c,ac040058,1,00000098,01e86826,1,00000094,000e7c02,1,00000090,296ed6ff,0,0
1,601,1,000000a4,01ef7021,1,000000a0,8c0f0058,1,0000009c,ac040058,1,00000098,01e86826,1,00000094,000e7c02,0,0
1,602,1,000000a8,000c3843,1,000000a4,01ef7021,1,000000a0,8c0f0058,1,0000009c,ac040058,1,00000098,01e86826,1,1
1,603,1,000000a8,000c3843,1,000000a4,01ef7021,0,000000a0,8c0f0058,1,000000a0,8c0f0058,1,0000009c,ac040058,1,1
1,604,1,000000ac,00c55825,1,000000a8,000c3843,1,000000a4,01ef7021,0,000000a0,8c0f0058,1,000000a0,8c0f0058,0,0
1,605,1,000000b0,390282d1,1,000000ac,00c55825,1,000000a8,000c3843,1,000000a4,01ef7021,0,000000a0,8c0f0058,0,0
1,606,1,000000b4,00032642,1,000000b0,390282d1,1,000000ac,00c55825,1,000000a8,000c3843,1,000000a4,01ef7021,0,0
1,607,1,000000b8,00c61824,1,000000b4,00032642,1,000000b0,390282d1,1,000000ac,00c55825,1,000000a8,000c3843,0,0
1,608,1,000000bc,29c52b84,1,000000b8,00c61824,1,000000b4,00032642,1,000000b0,390282d1,1,000000ac,00c55825,0,0
1,609,1,000000c0,000c0a40,1,000000bc,29c52b84,1,000000b8,00c61824,1,000000b4,00032642,1,000000b0,390282d1,0,1
1,610,1,000000c4,006a102a,1,000000c0,000c0a40,1,000000bc,29c52b84,1,000000b8,00c61824,1,000000b4,00032642,0,1
1,611,1,000000c8,2c6a0e0d,1,000000c4,006a102a,1,000000c0,000c0a40,1,000000bc,29c52b84,1,000000b8,00c61824,0,0
1,612,1,000000cc,00086f42,1,000000c8,2c6a0e0d,1,000000c4,006a102a,1,000000c0,000c0a40,1,000000bc,29c52b84,0,0
1,613,1,000000d0,ac080004,1,000000cc,00086f42,1,000000c8,2c6a0e0d,1,000000c4,006a102a,1,000000c0,000c0a40,0,0
1,614,1,000000d4,8c050004,1,000000d0,ac080004,1,000000cc,00086f42,1,000000c8,2c6a0e0d,1,000000c4,006a102a,0,0
1,615,1,000000d8,00a50821,1,000000d4,8c050004,1,000000d0,ac080004,1,000000cc,00086f42,1,000000c8,2c6a0e0d,0,0
1,616,1,000000dc,244fabde,1,000000d8,00a50821,1,000000d4,8c050004,1,000000d0,ac080004,1,000000cc,00086f42,1,1
1,617,1,000000dc,244fabde,1,000000d8,00a50821,0,000000d4,8c050004,1,000000d4,8c050004,1,000000d0,ac080004,1,1
1,618,1,000000e0,000a1282,1,000000dc,244fabde,1,000000d8,00a50821,0,000000d4,8c050004,1,000000d4,8c050004,0,0
1,619,1,000000e4,00445825,1,000000e0,000a1282,1,000000dc,244fabde,1,000000d8,00a50821,0,000000d4,8c050004,0,0
1,620,1,000000e8,28e7f06b,1,000000e4,00445825,1,000000e0,000a1282,1,000000dc,244fabde,1,000000d8,00a50821,0,0
1,621,1,000000ec,000908c3,1,000000e8,28e7f06b,1,000000e4,00445825,1,000000e0,000a1282,1,000000dc,244fabde,0,0
1,622,1,000000f0,018c5826,1,000000ec,000908c3,1,000000e8,28e7f06b,1,000000e4,00445825,1,000000e0,000a1282,0,0
1,623,1,000000f4,29654b31,1,000000f0,018c5826,1,000000ec,000908c3,1,000000e8,28e7f06b,1,000000e4,00445825,0,1
1,624,1,000000f8,00087b02,1,000000f4,29654b31,1,000000f0,018c5826,1,000000ec,000908c3,1,000000e8,28e7f06b,0,1
1,625,1,000000fc,00ee102b,1,000000f8,00087b02,1,000000f4,29654b31,1,000000f0,018c5826,1,000000ec,000908c3,0,0
1,626,1,00000100,25c62e8b,1,000000fc,00ee102b,1,000000f8,00087b02,1,000000f4,29654b31,1,000000f0,018c5826,0,0
1,627,1,00000104,ac0e0030,1,00000100,25c62e8b,1,000000fc,00ee102b,1,000000f8,00087b02,1,000000f4,29654b31,0,0
1,628,1,00000108,8c0a0030,1,00000104,ac0e0030,1,00000100,25c62e8b,1,000000fc,00ee102b,1,000000f8,00087b02,0,0
1,629,1,0000010c,014a6021,1,00000108,8c0a0030,1,00000104,ac0e0030,1,00000100,25c62e8b,1,000000fc,00ee102b,0,0
1,630,1,00000110,01ed2826,1,0000010c,014a6021,1,00000108,8c0a0030,1,00000104,ac0e0030,1,00000100,25c62e8b,1,1
1,631,1,00000110,01ed2826,1,0000010c,014a6021,0,00000108,8c0a0030,1,00000108,8c0a0030,1,00000104,ac0e0030,1,1
1,632,1,00000114,382509a7,1,00000110,01ed2826,1,0000010c,014a6021,0,00000108,8c0a0030,1,00000108,8c0a0030,0,0
1,633,1,00000118,000216c3,1,00000114,382509a7,1,00000110,01ed2826,1,0000010c,014a6021,0,00000108,8c0a0030,0,0
1,634,1,0000011c,01296026,1,00000118,000216c3,1,00000114,382509a7,1,00000110,01ed2826,1,0000010c,014a6021,0,0
1,635,1,00000120,28e2f773,1,0000011c,01296026,1,00000118,000216c3,1,00000114,382509a7,1,00000110,01ed2826,0,0
1,636,1,00000124,000f5040,1,00000120,28e2f773,1,0000011c,01296026,1,00000118,000216c3,1,00000114,382509a7,0,0
1,637,1,00000128,00eb0824,1,00000124,000f5040,1,00000120,28e2f773,1,0000011c,01296026,1,00000118,000216c3,0,1
1,638,1,0000012c,25234438,1,00000128,00eb0824,1,00000124,000f5040,1,00000120,28e2f773,1,0000011c,01296026,0,1
1,639,1,00000130,000749c3,1,0000012c,25234438,1,00000128,00eb0824,1,00000124,000f5040,1,00000120,28e2f773,0,0
1,640,1,00000134,01e91024,1,00000130,000749c3,1,0000012c,25234438,1,00000128,00eb0824,1,00000124,000f5040,0,0
1,641,1,00000138,ac0f005c,1,00000134,01e91024,1,00000130,000749c3,1,0000012c,25234438,1,00000128,00eb0824,0,0
1,642,1,0000013c,8c05005c,1,00000138,ac0f005c,1,00000134,01e91024,1,00000130,000749c3,1,0000012c,25234438,0,0
1,643,1,00000140,00a51021,1,0000013c,8c05005c,1,00000138,ac0f005c,1,00000134,01e91024,1,00000130,000749c3,0,0
1,644,1,00000144,000c2d42,1,00000140,00a51021,1,0000013c,8c05005c,1,00000138,ac0f005c,1,00000134,01e91024,1,1
1,645,1,00000144,000c2d42,1,00000140,00a51021,0,0000013c,8c05005c,1,0000013c,8c05005c,1,00000138,ac0f005c,1,1
1,646,1,00000148,01671821,1,00000144,000c2d42,1,00000140,00a51021,0,0000013c,8c05005c,1,0000013c,8c05005c,0,0
1,647,1,0000014c,25a16b68,1,00000148,01671821,1,00000144,000c2d42,1,00000140,00a51021,0,0000013c,8c05005c,0,0
1,648,1,00000150,00080e80,1,0000014c,25a16b68,1,00000148,01671821,1,00000144,000c2d42,1,00000140,00a51021,0,0
1,649,1,00000154,00af3825,1,00000150,00080e80,1,0000014c,25a16b68,1,00000148,01671821,1,00000144,000c2d42,0,0
1,650,1,00000158,2c65d6a1,1,00000154,00af3825,1,00000150,00080e80,1,0000014c,25a16b68,1,00000148,01671821,0,0
1,651,1,0000015c,00055200,1,00000158,2c65d6a1,1,00000154,00af3825,1,00000150,00080e80,1,0000014c,25a16b68,0,1
1,652,1,00000160,00c34826,1,0000015c,00055200,1,00000158,2c65d6a1,1,00000154,00af3825,1,00000150,00080e80,0,1
1,653,1,00000164,2966b113,1,00000160,00c34826,1,0000015c,00055200,1,00000158,2c65d6a1,1,00000154,00af3825,0,0
1,654,1,00000168,00047800,1,00000164,2966b113,1,00000160,00c34826,1,0000015c,00055200,1,00000158,2c65d6a1,0,0
1,655,1,0000016c,ac050008,1,00000168,00047800,1,00000164,2966b113,1,00000160,00c34826,1,0000015c,00055200,0,0
1,656,1,00000170,8c0e0008,1,0000016c,ac050008,1,00000168,00047800,1,00000164,2966b113,1,00000160,00c34826,0,0
1,657,1,00000174,01ce5021,1,00000170,8c0e0008,1,0000016c,ac050008,1,00000168,00047800,1,00000164,2966b113,0,0
1,658,1,00000178,2863043e,1,00000174,01ce5021,1,00000170,8c0e0008,1,0000016c,ac050008,1,00000168,00047800,1,1
1,659,1,00000178,2863043e,1,00000174,01ce5021,0,00000170,8c0e0008,1,00000170,8c0e0008,1,0000016c,ac050008,1,1
1,660,1,0000017c,00086140,1,00000178,2863043e,1,00000174,01ce5021,0,00000170,8c0e0008,1,00000170,8c0e0008,0,0
1,661,1,00000180,01e94021,1,0000017c,00086140,1,00000178,2863043e,1,00000174,01ce5021,0,00000170,8c0e0008,0,0
1,662,1,00000184,2d059841,1,00000180,01e94021,1,0000017c,00086140,1,00000178,2863043e,1,00000174,01ce5021,0,0
1,663,1,00000188,00021a00,1,00000184,2d059841,1,00000180,01e94021,1,0000017c,00086140,1,00000178,2863043e,0,0
1,664,1,0000018c,00246823,1,00000188,00021a00,1,00000184,2d059841,1,00000180,01e94021,1,0000017c,00086140,0,0
1,665,1,00000190,3083d98a,1,0000018c,00246823,1,00000188,00021a00,1,00000184,2d059841,1,00000180,01e94021,0,1
1,666,1,00000194,00032602,1,00000190,3083d98a,1,0000018c,00246823,1,00000188,00021a00,1,00000184,2d059841,0,1
1,667,1,00000198,010b2023,1,00000194,00032602,1,00000190,3083d98a,1,0000018c,00246823,1,00000188,00021a00,0,0
1,668,1,0000019c,35860a19,1,00000198,010b2023,1,00000194,00032602,1,00000190,3083d98a,1,0000018c,00246823,0,0
1,669,1,000001a0,ac040034,1,0000019c,35860a19,1,00000198,010b2023,1,00000194,00032602,1,00000190,3083d98a,0,0
1,670,1,000001a4,8c0e0034,1,000001a0,ac040034,1,0000019c,35860a19,1,00000198,010b2023,1,00000194,00032602,0,0
1,671,1,000001a8,01ce2821,1,000001a4,8c0e0034,1,000001a0,ac040034,1,0000019c,35860a19,1,00000198,010b2023,0,0
1,672,1,000001ac,010b702a,1,000001a8,01ce2821,1,000001a4,8c0e0034,1,000001a0,ac040034,1,0000019c,35860a19,1,1
1,673,1,000001ac,010b702a,1,000001a8,01ce2821,0,000001a4,8c0e0034,1,000001a4,8c0e0034,1,000001a0,ac040034,1,1
1,674,1,000001b0,2c4a662f,1,000001ac,010b702a,1,000001a8,01ce2821,0,000001a4,8c0e0034,1,000001a4,8c0e0034,0,0
1,675,1,000001b4,000536c0,1,000001b0,2c4a662f,1,000001ac,010b702a,1,000001a8,01ce2821,0,000001a4,8c0e0034,0,0
1,676,1,000001b8,01ab682a,1,000001b4,000536c0,1,000001b0,2c4a662f,1,000001ac,010b702a,1,000001a8,01ce2821,0,0
1,677,1,000001bc,308d1e92,1,000001b8,01ab682a,1,000001b4,000536c0,1,000001b0,2c4a662f,1,000001ac,010b702a,0,0
1,678,1,000001c0,00093c03,1,000001bc,308d1e92,1,000001b8,01ab682a,1,000001b4,000536c0,1,000001b0,2c4a662f,0,0
1,679,1,000001c4,00e7202b,1,000001c0,00093c03,1,000001bc,308d1e92,1,000001b8,01ab682a,1,000001b4,000536c0,0,1
1,680,1,000001c8,3583c9f6,1,000001c4,00e7202b,1,000001c0,00093c03,1,000001bc,308d1e92,1,000001b8,01ab682a,0,1
1,681,1,000001cc,000a2943,1,000001c8,3583c9f6,1,000001c4,00e7202b,1,000001c0,00093c03,1,000001bc,308d1e92,0,0
1,682,1,000001d0,01e76825,1,000001cc,000a2943,1,000001c8,3583c9f6,1,000001c4,00e7202b,1,000001c0,00093c03,0,0
1,683,1,000001d4,ac010060,1,000001d0,01e76825,1,000001cc,000a2943,1,000001c8,3583c9f6,1,000001c4,00e7202b,0,0
1,684,1,000001d8,8c050060,1,000001d4,ac010060,1,000001d0,01e76825,1,000001cc,000a2943,1,000001c8,3583c9f6,0,0
1,685,1,000001dc,00a51021,1,000001d8,8c050060,1,000001d4,ac010060,1,000001d0,01e76825,1,000001cc,000a2943,0,0
1,686,1,000001e0,00086e43,1,000001dc,00a51021,1,000001d8,8c050060,1,000001d4,ac010060,1,000001d0,01e76825,1,1
1,687,1,000001e0,00086e43,1,000001dc,00a51021,0,000001d8,8c050060,1,000001d8,8c050060,1,000001d4,ac010060,1,1
1,688,1,000001e4,00ea5827,1,000001e0,00086e43,1,000001dc,00a51021,0,000001d8,8c050060,1,000001d8,8c050060,0,0
1,689,1,000001e8,2824f332,1,000001e4,00ea5827,1,000001e0,00086e43,1,000001dc,00a51021,0,000001d8,8c050060,0,0
1,690,1,000001ec,00025f42,1,000001e8,2824f332,1,000001e4,00ea5827,1,000001e0,00086e43,1,000001dc,00a51021,0,0
1,691,1,000001f0,01866827,1,000001ec,00025f42,1,000001e8,2824f332,1,000001e4,00ea5827,1,000001e0,00086e43,0,0
1,692,1,000001f4,2da1b4a6,1,000001f0,01866827,1,000001ec,00025f42,1,000001e8,2824f332,1,000001e4,00ea5827,0,0
1,693,1,000001f8,000f29c3,1,000001f4,2da1b4a6,1,000001f0,01866827,1,000001ec,00025f42,1,000001e8,2824f332,0,1
1,694,1,000001fc,00462026,1,000001f8,000f29c3,1,000001f4,2da1b4a6,1,000001f0,01866827,1,000001ec,00025f42,0,1
1,695,1,00000200,256634a6,1,000001fc,00462026,1,000001f8,000f29c3,1,000001f4,2da1b4a6,1,000001f0,01866827,0,0
1,696,1,00000204,000b6d03,1,00000200,256634a6,1,000001fc,00462026,1,000001f8,000f29c3,1,000001f4,2da1b4a6,0,0
1,697,1,00000208,ac0c000c,1,00000204,000b6d03,1,00000200,256634a6,1,000001fc,00462026,1,000001f8,000f29c3,0,0
1,698,1,0000020c,8c02000c,1,00000208,ac0c000c,1,00000204,000b6d03,1,00000200,256634a6,1,000001fc,00462026,0,0
1,699,1,00000210,00423821,1,0000020c,8c02000c,1,00000208,ac0c000c,1,00000204,000b6d03,1,00000200,256634a6,0,0
1,700,1,00000214,39aaa23d,1,00000210,00423821,1,0000020c,8c02000c,1,00000208,ac0c000c,1,00000204,000b6d03,1,1
1,701,1,00000214,39aaa23d,1,00000210,00423821,0,0000020c,8c02000c,1,0000020c,8c02000c,1,00000208,ac0c000c,1,1
1,702,1,00000218,00076a83,1,00000214,39aaa23d,1,00000210,00423821,0,0000020c,8c02000c,1,0000020c,8c02000c,0,0
1,703,1,0000021c,014d6024,1,00000218,00076a83,1,00000214,39aaa23d,1,00000210,00423821,0,0000020c,8c02000c,0,0
1,704,1,00000220,34a42706,1,0000021c,014d6024,1,00000218,00076a83,1,00000214,39aaa23d,1,00000210,00423821,0,0
1,705,1,00000224,000d7543,1,00000220,34a42706,1,0000021c,014d6024,1,00000218,00076a83,1,00000214,39aaa23d,0,0
1,706,1,00000228,00286025,1,00000224,000d7543,1,00000220,34a42706,1,0000021c,014d6024,1,00000218,00076a83,0,0
1,707,1,0000022c,38c6bea0,1,00000228,00286025,1,00000224,000d7543,1,00000220,34a42706,1,0000021c,014d6024,0,1
1,708,1,00000230,000a1182,1,0000022c,38c6bea0,1,00000228,00286025,1,00000224,000d7543,1,00000220,34a42706,0,1
1,709,1,00000234,006d6825,1,00000230,000a1182,1,0000022c,38c6bea0,1,00000228,00286025,1,00000224,000d7543,0,0
1,710,1,00000238,2d0abbf2,1,00000234,006d6825,1,00000230,000a1182,1,0000022c,38c6bea0,1,00000228,00286025,0,0
1,711,1,0000023c,ac060038,1,00000238,2d0abbf2,1,00000234,006d6825,1,00000230,000a1182,1,0000022c,38c6bea0,0,0
1,712,1,00000240,8c090038,1,0000023c,ac060038,1,00000238,2d0abbf2,1,00000234,006d6825,1,00000230,000a1182,0,0
1,713,1,00000244,01296821,1,00000240,8c090038,1,0000023c,ac060038,1,00000238,2d0abbf2,1,00000234,006d6825,0,0
1,714,1,00000248,0182782a,1,00000244,01296821,1,00000240,8c090038,1,0000023c,ac060038,1,00000238,2d0abbf2,1,1
1,715,1,00000248,0182782a,1,00000244,01296821,0,00000240,8c090038,1,00000240,8c090038,1,0000023c,ac060038,1,1
1,716,1,0000024c,24c4d763,1,00000248,0182782a,1,00000244,01296821,0,00000240,8c090038,1,00000240,8c090038,0,0
1,717,1,00000250,00016b02,1,0000024c,24c4d763,1,00000248,0182782a,1,00000244,01296821,0,00000240,8c090038,0,0
1,718,1,00000254,00e26023,1,00000250,00016b02,1,0000024c,24c4d763,1,00000248,0182782a,1,00000244,01296821,0,0
1,719,1,00000258,24695bfe,1,00000254,00e26023,1,00000250,00016b02,1,0000024c,24c4d763,1,00000248,0182782a,0,0
1,720,1,0000025c,00033ec3,1,00000258,24695bfe,1,00000254,00e26023,1,00000250,00016b02,1,0000024c,24c4d763,0,0
1,721,1,00000260,00e37821,1,0000025c,00033ec3,1,00000258,24695bfe,1,00000254,00e26023,1,00000250,00016b02,0,1
1,722,1,00000264,2da8fafb,1,00000260,00e37821,1,0000025c,00033ec3,1,00000258,24695bfe,1,00000254,00e26023,0,1
1,723,1,00000268,00015bc3,1,00000264,2da8fafb,1,00000260,00e37821,1,0000025c,00033ec3,1,00000258,24695bfe,0,0
1,724,1,0000026c,00862825,1,00000268,00015bc3,1,00000264,2da8fafb,1,00000260,00e37821,1,0000025c,00033ec3,0,0
1,725,1,00000270,ac030064,1,0000026c,00862825,1,00000268,00015bc3,1,00000264,2da8fafb,1,00000260,00e37821,0,0
1,726,1,00000274,8c0c0064,1,00000270,ac030064,1,0000026c,00862825,1,00000268,00015bc3,1,00000264,2da8fafb,0,0
1,727,1,00000278,018c7821,1,00000274,8c0c0064,1,00000270,ac030064,1,0000026c,00862825,1,00000268,00015bc3,0,0
1,728,1,0000027c,000e65c0,1,00000278,018c7821,1,00000274,8c0c0064,1,00000270,ac030064,1,0000026c,00862825,1,1
1,729,1,0000027c,000e65c0,1,00000278,018c7821,0,00000274,8c0c0064,1,00000274,8c0c0064,1,00000270,ac030064,1,1
1,730,1,00000280,01a42025,1,0000027c,000e65c0,1,00000278,018c7821,0,00000274,8c0c0064,1,00000274,8c0c0064,0,0
1,731,1,00000284,30e8c142,1,00000280,01a42025,1,0000027c,000e65c0,1,00000278,018c7821,0,00000274,8c0c0064,0,0
1,732,1,00000288,000c1b83,1,00000284,30e8c142,1,00000280,01a42025,1,0000027c,000e65c0,1,00000278,018c7821,0,0
1,733,1,0000028c,0183582a,1,00000288,000c1b83,1,00000284,30e8c142,1,00000280,01a42025,1,0000027c,000e65c0,0,0
1,734,1,00000290,3109daef,1,0000028c,0183582a,1,00000288,000c1b83,1,00000284,30e8c142,1,00000280,01a42025,0,0
1,735,1,00000294,00010903,1,00000290,3109daef,1,0000028c,0183582a,1,00000288,000c1b83,1,00000284,30e8c142,0,1
1,736,1,00000298,00ed4826,1,00000294,00010903,1,00000290,3109daef,1,0000028c,0183582a,1,00000288,000c1b83,0,1
1,737,1,0000029c,38eee9f9,1,00000298,00ed4826,1,00000294,00010903,1,00000290,3109daef,1,0000028c,0183582a,0,0
1,738,1,000002a0,00073c43,1,0000029c,38eee9f9,1,00000298,00ed4826,1,00000294,00010903,1,00000290,3109daef,0,0
1,739,1,000002a4,ac020010,1,000002a0,00073c43,1,0000029c,38eee9f9,1,00000298,00ed4826,1,00000294,00010903,0,0
1,740,1,000002a8,8c060010,1,000002a4,ac020010,1,000002a0,00073c43,1,0000029c,38eee9f9,1,00000298,00ed4826,0,0
1,741,1,000002ac,00c62821,1,000002a8,8c060010,1,000002a4,ac020010,1,000002a0,00073c43,1,0000029c,38eee9f9,0,0
1,742,1,000002b0,246436f1,1,000002ac,00c62821,1,000002a8,8c060010,1,000002a4,ac020010,1,000002a0,00073c43,1,1
1,743,1,000002b0,246436f1,1,000002ac,00c62821,0,000002a8,8c060010,1,000002a8,8c060010,1,000002a4,ac020010,1,1
1,744,1,000002b4,00074f83,1,000002b0,246436f1,1,000002ac,00c62821,0,000002a8,8c060010,1,000002a8,8c060010,0,0
1,745,1,000002b8,01e12824,1,000002b4,00074f83,1,000002b0,246436f1,1,000002ac,00c62821,0,000002a8,8c060010,0,0
1,746,1,000002bc,2d072d0b,1,000002b8,01e12824,1,000002b4,00074f83,1,000002b0,246436f1,1,000002ac,00c62821,0,0
1,747,1,000002c0,00074502,1,000002bc,2d072d0b,1,000002b8,01e12824,1,000002b4,00074f83,1,000002b0,246436f1,0,0
1,748,1,000002c4,01246027,1,000002c0,00074502,1,000002bc,2d072d0b,1,000002b8,01e12824,1,000002b4,00074f83,0,0
1,749,1,000002c8,30a79c61,1,000002c4,01246027,1,000002c0,00074502,1,000002bc,2d072d0b,1,000002b8,01e12824,0,1
1,750,1,000002cc,00012a03,1,000002c8,30a79c61,1,000002c4,01246027,1,000002c0,00074502,1,000002bc,2d072d0b,0,1
1,751,1,000002d0,01ea4825,1,000002cc,00012a03,1,000002c8,30a79c61,1,000002c4,01246027,1,000002c0,00074502,0,0
1,752,1,000002d4,31a2803a,1,000002d0,01ea4825,1,000002cc,00012a03,1,000002c8,30a79c61,1,000002c4,01246027,0,0
1,753,1,000002d8,ac07003c,1,000002d4,31a2803a,1,000002d0,01ea4825,1,000002cc,00012a03,1,000002c8,30a79c61,0,0
1,754,1,000002dc,8c05003c,1,000002d8,ac07003c,1,000002d4,31a2803a,1,000002d0,01ea4825,1,000002cc,00012a03,0,0
1,755,1,000002e0,00a57021,1,000002dc,8c05003c,1,000002d8,ac07003c,1,000002d4,31a2803a,1,000002d0,01ea4825,0,0
1,756,1,000002e4,01c3602b,1,000002e0,00a57021,1,000002dc,8c05003c,1,000002d8,ac07003c,1,000002d4,31a2803a,1,1
1,757,1,000002e4,01c3602b,1,000002e0,00a57021,0,000002dc,8c05003c,1,000002dc,8c05003c,1,000002d8,ac07003c,1,1
1,758,1,000002e8,2903de25,1,000002e4,01c3602b,1,000002e0,00a57021,0,000002dc,8c05003c,1,000002dc,8c05003c,0,0
1,759,1,000002ec,00052443,1,000002e8,2903de25,1,000002e4,01c3602b,1,000002e0,00a57021,0,000002dc,8c05003c,0,0
1,760,1,000002f0,01243821,1,000002ec,00052443,1,000002e8,2903de25,1,000002e4,01c3602b,1,000002e0,00a57021,0,0
1,761,1,000002f4,34a4395d,1,000002f0,01243821,1,000002ec,00052443,1,000002e8,2903de25,1,000002e4,01c3602b,0,0
1,762,1,000002f8,00032b00,1,000002f4,34a4395d,1,000002f0,01243821,1,000002ec,00052443,1,000002e8,2903de25,0,0
1,763,1,000002fc,01ab302a,1,000002f8,00032b00,1,000002f4,34a4395d,1,000002f0,01243821,1,000002ec,00052443,0,1
1,764,1,00000300,244ea70a,1,000002fc,01ab302a,1,000002f8,00032b00,1,000002f4,34a4395d,1,000002f0,01243821,0,1
1,765,1,00000304,000758c0,1,00000300,244ea70a,1,000002fc,01ab302a,1,000002f8,00032b00,1,000002f4,34a4395d,0,0
1,766,1,00000308,01cf2821,1,00000304,000758c0,1,00000300,244ea70a,1,000002fc,01ab302a,1,000002f8,00032b00,0,0
1,767,1,0000030c,ac0f0068,1,00000308,01cf2821,1,00000304,000758c0,1,00000300,244ea70a,1,000002fc,01ab302a,0,0
1,768,1,00000310,8c0c0068,1,0000030c,ac0f0068,1,00000308,01cf2821,1,00000304,000758c0,1,00000300,244ea70a,0,0
1,769,1,00000314,018c0821,1,00000310,8c0c0068,1,0000030c,ac0f0068,1,00000308,01cf2821,1,00000304,000758c0,0,0
1,770,1,00000318,00073602,1,00000314,018c0821,1,00000310,8c0c0068,1,0000030c,ac0f0068,1,00000308,01cf2821,1,1
1,771,1,00000318,00073602,1,00000314,018c0821,0,00000310,8c0c0068,1,00000310,8c0c0068,1,0000030c,ac0f0068,1,1
1,772,1,0000031c,01e24826,1,00000318,00073602,1,00000314,018c0821,0,00000310,8c0c0068,1,00000310,8c0c0068,0,0
1,773,1,00000320,2cc9c309,1,0000031c,01e24826,1,00000318,00073602,1,00000314,018c0821,0,00000310,8c0c0068,0,0
1,774,1,00000324,00073642,1,00000320,2cc9c309,1,0000031c,01e24826,1,00000318,00073602,1,00000314,018c0821,0,0
1,775,1,00000328,0146782b,1,00000324,00073642,1,00000320,2cc9c309,1,0000031c,01e24826,1,00000318,00073602,0,0
1,776,1,0000032c,2c45959f,1,00000328,0146782b,1,00000324,00073642,1,00000320,2cc9c309,1,0000031c,01e24826,0,0
1,777,1,00000330,000c2fc3,1,0000032c,2c45959f,1,00000328,0146782b,1,00000324,00073642,1,00000320,2cc9c309,0,1
1,778,1,00000334,01e51827,1,00000330,000c2fc3,1,0000032c,2c45959f,1,00000328,0146782b,1,00000324,00073642,0,1
1,779,1,00000338,2da73363,1,00000334,01e51827,1,00000330,000c2fc3,1,0000032c,2c45959f,1,00000328,0146782b,0,0
1,780,1,0000033c,000b2643,1,00000338,2da73363,1,00000334,01e51827,1,00000330,000c2fc3,1,0000032c,2c45959f,0,0
1,781,1,00000340,ac010014,1,0000033c,000b2643,1,00000338,2da73363,1,00000334,01e51827,1,00000330,000c2fc3,0,0
1,782,1,00000344,8c0b0014,1,00000340,ac010014,1,0000033c,000b2643,1,00000338,2da73363,1,00000334,01e51827,0,0
1,783,1,00000348,016b1821,1,00000344,8c0b0014,1,00000340,ac010014,1,0000033c,000b2643,1,00000338,2da73363,0,0
1,784,1,0000034c,25a18c9d,1,00000348,016b1821,1,00000344,8c0b0014,1,00000340,ac010014,1,0000033c,000b2643,1,1
1,785,1,0000034c,25a18c9d,1,00000348,016b1821,0,00000344,8c0b0014,1,00000344,8c0b0014,1,00000340,ac010014,1,1
1,786,1,00000350,000939c2,1,0000034c,25a18c9d,1,00000348,016b1821,0,00000344,8c0b0014,1,00000344,8c0b0014,0,0
1,787,1,00000354,01e9402a,1,00000350,000939c2,1,0000034c,25a18c9d,1,00000348,016b1821,0,00000344,8c0b0014,0,0
1,788,1,00000358,29cba760,1,00000354,01e9402a,1,00000350,000939c2,1,0000034c,25a18c9d,1,00000348,016b1821,0,0
1,789,1,0000035c,00015100,1,00000358,29cba760,1,00000354,01e9402a,1,00000350,000939c2,1,0000034c,25a18c9d,0,0
1,790,1,00000360,004a402a,1,0000035c,00015100,1,00000358,29cba760,1,00000354,01e9402a,1,00000350,000939c2,0,0
1,791,1,00000364,29a32c79,1,00000360,004a402a,1,0000035c,00015100,1,00000358,29cba760,1,00000354,01e9402a,0,1
1,792,1,00000368,000453c3,1,00000364,29a32c79,1,00000360,004a402a,1,0000035c,00015100,1,00000358,29cba760,0,1
1,793,1,0000036c,01ed582b,1,00000368,000453c3,1,00000364,29a32c79,1,00000360,004a402a,1,0000035c,00015100,0,0
1,794,1,00000370,398a426d,1,0000036c,01ed582b,1,00000368,000453c3,1,00000364,29a32c79,1,00000360,004a402a,0,0
1,795,1,00000374,ac050040,1,00000370,398a426d,1,0000036c,01ed582b,1,00000368,000453c3,1,00000364,29a32c79,0,0
1,796,1,00000378,8c060040,1,00000374,ac050040,1,00000370,398a426d,1,0000036c,01ed582b,1,00000368,000453c3,0,0
1,797,1,0000037c,00c63021,1,00000378,8c060040,1,00000374,ac050040,1,00000370,398a426d,1,0000036c,01ed582b,0,0
1,798,1,00000380,00422023,1,0000037c,00c63021,1,00000378,8c060040,1,00000374,ac050040,1,00000370,398a426d,1,1
1,799,1,00000380,00422023,1,0000037c,00c63021,0,00000378,8c060040,1,00000378,8c060040,1,00000374,ac050040,1,1
1,800,1,00000384,358fdafa,1,00000380,00422023,1,0000037c,00c63021,0,00000378,8c060040,1,00000378,8c060040,0,0
1,801,1,00000388,000a7243,1,00000384,358fdafa,1,00000380,00422023,1,0000037c,00c63021,0,00000378,8c060040,0,0
1,802,1,0000038c,01cc5825,1,00000388,000a7243,1,00000384,358fdafa,1,00000380,00422023,1,0000037c,00c63021,0,0
1,803,1,00000390,29ae4767,1,0000038c,01cc5825,1,00000388,000a7243,1,00000384,358fdafa,1,00000380,00422023,0,0
1,804,1,00000394,000c3583,1,00000390,29ae4767,1,0000038c,01cc5825,1,00000388,000a7243,1,00000384,358fdafa,0,0
1,805,1,00000398,01827026,1,00000394,000c3583,1,00000390,29ae4767,1,0000038c,01cc5825,1,00000388,000a7243,0,1
1,806,1,0000039c,2886aa37,1,00000398,01827026,1,00000394,000c3583,1,00000390,29ae4767,1,0000038c,01cc5825,0,1
1,807,1,000003a0,00023f43,1,0000039c,2886aa37,1,00000398,01827026,1,00000394,000c3583,1,00000390,29ae4767,0,0
1,808,1,000003a4,00a56826,1,000003a0,00023f43,1,0000039c,2886aa37,1,00000398,01827026,1,00000394,000c3583,0,0
1,809,1,000003a8,ac03006c,1,000003a4,00a56826,1,000003a0,00023f43,1,0000039c,2886aa37,1,00000398,01827026,0,0
1,810,1,000003ac,8c02006c,1,000003a8,ac03006c,1,000003a4,00a56826,1,000003a0,00023f43,1,0000039c,2886aa37,0,0
1,811,1,000003b0,00424021,1,000003ac,8c02006c,1,000003a8,ac03006c,1,000003a4,00a56826,1,000003a0,00023f43,0,0
1,812,1,000003b4,00020d80,1,000003b0,00424021,1,000003ac,8c02006c,1,000003a8,ac03006c,1,000003a4,00a56826,1,1
1,813,1,000003b4,00020d80,1,000003b0,00424021,0,000003ac,8c02006c,1,000003ac,8c02006c,1,000003a8,ac03006c,1,1
1,814,1,000003b8,018c6023,1,000003b4,00020d80,1,000003b0,00424021,0,000003ac,8c02006c,1,000003ac,8c02006c,0,0
1,815,1,000003bc,30230d4a,1,000003b8,018c6023,1,000003b4,00020d80,1,000003b0,00424021,0,000003ac,8c02006c,0,0
1,816,1,000003c0,000d6cc2,1,000003bc,30230d4a,1,000003b8,018c6023,1,000003b4,00020d80,1,000003b0,00424021,0,0
1,817,1,000003c4,01ea0826,1,000003c0,000d6cc2,1,000003bc,30230d4a,1,000003b8,018c6023,1,000003b4,00020d80,0,0
1,818,1,000003c8,3108f01e,1,000003c4,01ea0826,1,000003c0,000d6cc2,1,000003bc,30230d4a,1,000003b8,018c6023,0,0
1,819,1,000003cc,000b3f40,1,000003c8,3108f01e,1,000003c4,01ea0826,1,000003c0,000d6cc2,1,000003bc,30230d4a,0,1
1,820,1,000003d0,00e53021,1,000003cc,000b3f40,1,000003c8,3108f01e,1,000003c4,01ea0826,1,000003c0,000d6cc2,0,1
1,821,1,000003d4,2d2a1ae4,1,000003d0,00e53021,1,000003cc,000b3f40,1,000003c8,3108f01e,1,000003c4,01ea0826,0,0
1,822,1,000003d8,00084ac0,1,000003d4,2d2a1ae4,1,000003d0,00e53021,1,000003cc,000b3f40,1,000003c8,3108f01e,0,0
1,823,1,000003dc,ac070018,1,000003d8,00084ac0,1,000003d4,2d2a1ae4,1,000003d0,00e53021,1,000003cc,000b3f40,0,0
1,824,1,000003e0,8c020018,1,000003dc,ac070018,1,000003d8,00084ac0,1,000003d4,2d2a1ae4,1,000003d0,00e53021,0,0
1,825,1,000003e4,00422021,1,000003e0,8c020018,1,000003dc,ac070018,1,000003d8,00084ac0,1,000003d4,2d2a1ae4,0,0
1,826,1,000003e8,2c4d7b32,1,000003e4,00422021,1,000003e0,8c020018,1,000003dc,ac070018,1,000003d8,00084ac0,1,1
1,827,1,000003e8,2c4d7b32,1,000003e4,00422021,0,000003e0,8c020018,1,000003e0,8c020018,1,000003dc,ac070018,1,1
1,828,1,000003ec,000e71c2,1,000003e8,2c4d7b32,1,000003e4,00422021,0,000003e0,8c020018,1,000003e0,8c020018,0,0
1,829,1,000003f0,01ea2024,1,000003ec,000e71c2,1,000003e8,2c4d7b32,1,000003e4,00422021,0,000003e0,8c020018,0,0
1,830,1,000003f4,29c13449,1,000003f0,01ea2024,1,000003ec,000e71c2,1,000003e8,2c4d7b32,1,000003e4,00422021,0,0
1,831,1,000003f8,00083d83,1,000003f4,29c13449,1,000003f0,01ea2024,1,000003ec,000e71c2,1,000003e8,2c4d7b32,0,0
1,832,1,000003fc,00686823,1,000003f8,00083d83,1,000003f4,29c13449,1,000003f0,01ea2024,1,000003ec,000e71c2,0,0
1,833,1,00000400,2c45f7ac,1,000003fc,00686823,1,000003f8,00083d83,1,000003f4,29c13449,1,000003f0,01ea2024,0,1
1,834,1,00000404,000e2103,1,00000400,2c45f7ac,1,000003fc,00686823,1,000003f8,00083d83,1,000003f4,29c13449,0,1
1,835,1,00000408,018d6023,1,00000404,000e2103,1,00000400,2c45f7ac,1,000003fc,00686823,1,000003f8,00083d83,0,0
1,836,1,0000040c,3966fc26,1,00000408,018d6023,1,00000404,000e2103,1,00000400,2c45f7ac,1,000003fc,00686823,0,0
1,837,1,00000410,ac0e0044,1,0000040c,3966fc26,1,00000408,018d6023,1,00000404,000e2103,1,00000400,2c45f7ac,0,0
1,838,1,00000414,8c080044,1,00000410,ac0e0044,1,0000040c,3966fc26,1,00000408,018d6023,1,00000404,000e2103,0,0
1,839,1,00000418,01083821,1,00000414,8c080044,1,00000410,ac0e0044,1,0000040c,3966fc26,1,00000408,018d6023,0,0
1,840,1,0000041c,00c80824,1,00000418,01083821,1,00000414,8c080044,1,00000410,ac0e0044,1,0000040c,3966fc26,1,1
1,841,1,0000041c,00c80824,1,00000418,01083821,0,00000414,8c080044,1,00000414,8c080044,1,00000410,ac0e0044,1,1
1,842,1,00000420,3545013b,1,0000041c,00c80824,1,00000418,01083821,0,00000414,8c080044,1,00000414,8c080044,0,0
1,843,1,00000424,000f5682,1,00000420,3545013b,1,0000041c,00c80824,1,00000418,01083821,0,00000414,8c080044,0,0
1,844,1,00000428,0049082b,1,00000424,000f5682,1,00000420,3545013b,1,0000041c,00c80824,1,00000418,01083821,0,0
1,845,1,0000042c,390fe2ad,1,00000428,0049082b,1,00000424,000f5682,1,00000420,3545013b,1,0000041c,00c80824,0,0
1,846,1,00000430,000a1682,1,0000042c,390fe2ad,1,00000428,0049082b,1,00000424,000f5682,1,00000420,3545013b,0,0
1,847,1,00000434,00622825,1,00000430,000a1682,1,0000042c,390fe2ad,1,00000428,0049082b,1,00000424,000f5682,0,1
1,848,1,00000438,29a42102,1,00000434,00622825,1,00000430,000a1682,1,0000042c,390fe2ad,1,00000428,0049082b,0,1
1,849,1,0000043c,00026943,1,00000438,29a42102,1,00000434,00622825,1,00000430,000a1682,1,0000042c,390fe2ad,0,0
1,850,1,00000440,01ca5821,1,0000043c,00026943,1,00000438,29a42102,1,00000434,00622825,1,00000430,000a1682,0,0
1,851,1,00000444,3c1080ff,1,00000440,01ca5821,1,0000043c,00026943,1,00000438,29a42102,1,00000434,00622825,0,0
1,852,1,00000448,361081fe,1,00000444,3c1080ff,1,00000440,01ca5821,1,0000043c,00026943,1,00000438,29a42102,0,0
1,853,1,0000044c,ac1000a0,1,00000448,361081fe,1,00000444,3c1080ff,1,00000440,01ca5821,1,0000043c,00026943,0,0
1,854,1,00000450,801100a0,1,0000044c,ac1000a0,1,00000448,361081fe,1,00000444,3c1080ff,1,00000440,01ca5821,0,1
1,855,1,00000454,901200a0,1,00000450,801100a0,1,0000044c,ac1000a0,1,00000448,361081fe,1,00000444,3c1080ff,0,1
1,856,1,00000458,a01000b4,1,00000454,901200a0,1,00000450,801100a0,1,0000044c,ac1000a0,1,00000448,361081fe,1,0
1,857,1,00000458,a01000b4,1,00000454,901200a0,1,00000450,801100a0,1,0000044c,ac1000a0,0,00000448,361081fe,1,0
1,858,1,00000458,a01000b4,1,00000454,901200a0,1,00000450,801100a0,1,0000044c,ac1000a0,0,00000448,361081fe,1,0
1,859,1,00000458,a01000b4,1,00000454,901200a0,1,00000450,801100a0,1,0000044c,ac1000a0,0,00000448,361081fe,1,0
1,860,1,00000458,a01000b4,1,00000454,901200a0,1,00000450,801100a0,1,0000044c,ac1000a0,0,00000448,361081fe,1,0
1,861,1,00000458,a01000b4,1,00000454,901200a0,1,00000450,801100a0,1,0000044c,ac1000a0,0,00000448,361081fe,1,1
1,862,1,0000045c,801100a1,1,00000458,a01000b4,1,00000454,901200a0,1,00000450,801100a0,1,0000044c,ac1000a0,1,1
1,863,1,00000460,901200a1,1,0000045c,801100a1,1,00000458,a01000b4,1,00000454,901200a0,1,00000450,801100a0,1,0
1,864,1,00000460,901200a1,1,0000045c,801100a1,1,00000458,a01000b4,1,00000454,901200a0,0,00000450,801100a0,1,0
1,865,1,00000460,901200a1,1,0000045c,801100a1,1,00000458,a01000b4,1,00000454,901200a0,0,00000450,801100a0,1,0
1,866,1,00000460,901200a1,1,0000045c,801100a1,1,00000458,a01000b4,1,00000454,901200a0,0,00000450,801100a0,1,0
1,867,1,00000460,901200a1,1,0000045c,801100a1,1,00000458,a01000b4,1,00000454,901200a0,0,00000450,801100a0,1,0
1,868,1,00000460,901200a1,1,0000045c,801100a1,1,00000458,a01000b4,1,00000454,901200a0,0,00000450,801100a0,1,1
1,869,1,00000464,a01000b5,1,00000460,901200a1,1,0000045c,801100a1,1,00000458,a01000b4,1,00000454,901200a0,1,1
1,870,1,00000468,801100a2,1,00000464,a01000b5,1,00000460,901200a1,1,0000045c,801100a1,1,00000458,a01000b4,1,0
1,871,1,00000468,801100a2,1,00000464,a01000b5,1,00000460,901200a1,1,0000045c,801100a1,0,00000458,a01000b4,1,0
1,872,1,00000468,801100a2,1,00000464,a01000b5,1,00000460,901200a1,1,0000045c,801100a1,0,00000458,a01000b4,1,0
1,873,1,00000468,801100a2,1,00000464,a01000b5,1,00000460,901200a1,1,0000045c,801100a1,0,00000458,a01000b4,1,0
1,874,1,00000468,801100a2,1,00000464,a01000b5,1,00000460,901200a1,1,0000045c,801100a1,0,00000458,a01000b4,1,0
1,875,1,00000468,801100a2,1,00000464,a01000b5,1,00000460,901200a1,1,0000045c,801100a1,0,00000458,a01000b4,1,1
1,876,1,0000046c,901200a2,1,00000468,801100a2,1,00000464,a01000b5,1,00000460,901200a1,1,0000045c,801100a1,1,1
1,877,1,00000470,a01000b6,1,0000046c,901200a2,1,00000468,801100a2,1,00000464,a01000b5,1,00000460,901200a1,1,0
1,878,1,00000470,a01000b6,1,0000046c,901200a2,1,00000468,801100a2,1,00000464,a01000b5,0,00000460,901200a1,1,0
1,879,1,00000470,a01000b6,1,0000046c,901200a2,1,00000468,801100a2,1,00000464,a01000b5,0,00000460,901200a1,1,0
1,880,1,00000470,a01000b6,1,0000046c,901200a2,1,00000468,801100a2,1,00000464,a01000b5,0,00000460,901200a1,1,0
1,881,1,00000470,a01000b6,1,0000046c,901200a2,1,00000468,801100a2,1,00000464,a01000b5,0,00000460,901200a1,1,0
1,882,1,00000470,a01000b6,1,0000046c,901200a2,1,00000468,801100a2,1,00000464,a01000b5,0,00000460,901200a1,1,1
1,883,1,00000474,801100a3,1,00000470,a01000b6,1,0000046c,901200a2,1,00000468,801100a2,1,00000464,a01000b5,1,1
1,884,1,00000478,901200a3,1,00000474,801100a3,1,00000470,a01000b6,1,0000046c,901200a2,1,00000468,801100a2,1,0
1,885,1,00000478,901200a3,1,00000474,801100a3,1,00000470,a01000b6,1,0000046c,901200a2,0,00000468,801100a2,1,0
1,886,1,00000478,901200a3,1,00000474,801100a3,1,00000470,a01000b6,1,0000046c,901200a2,0,00000468,801100a2,1,0
1,887,1,00000478,901200a3,1,00000474,801100a3,1,00000470,a01000b6,1,0000046c,901200a2,0,00000468,801100a2,1,0
1,888,1,00000478,901200a3,1,00000474,801100a3,1,00000470,a01000b6,1,0000046c,901200a2,0,00000468,801100a2,1,0
1,889,1,00000478,901200a3,1,00000474,801100a3,1,00000470,a01000b6,1,0000046c,901200a2,0,00000468,801100a2,1,1
1,890,1,0000047c,a01000b7,1,00000478,901200a3,1,00000474,801100a3,1,00000470,a01000b6,1,0000046c,901200a2,1,1
1,891,1,00000480,841100a0,1,0000047c,a01000b7,1,00000478,901200a3,1,00000474,801100a3,1,00000470,a01000b6,1,0
1,892,1,00000480,841100a0,1,0000047c,a01000b7,1,00000478,901200a3,1,00000474,801100a3,0,00000470,a01000b6,1,0
1,893,1,00000480,841100a0,1,0000047c,a01000b7,1,00000478,901200a3,1,00000474,801100a3,0,00000470,a01000b6,1,0
1,894,1,00000480,841100a0,1,0000047c,a01000b7,1,00000478,901200a3,1,00000474,801100a3,0,00000470,a01000b6,1,0
1,895,1,00000480,841100a0,1,0000047c,a01000b7,1,00000478,901200a3,1,00000474,801100a3,0,00000470,a01000b6,1,0
1,896,1,00000480,841100a0,1,0000047c,a01000b7,1,00000478,901200a3,1,00000474,801100a3,0,00000470,a01000b6,1,1
1,897,1,00000484,941200a0,1,00000480,841100a0,1,0000047c,a01000b7,1,00000478,901200a3,1,00000474,801100a3,1,1
1,898,1,00000488,a41000b8,1,00000484,941200a0,1,00000480,841100a0,1,0000047c,a01000b7,1,00000478,901200a3,1,0
1,899,1,00000488,a41000b8,1,00000484,941200a0,1,00000480,841100a0,1,0000047c,a01000b7,0,00000478,901200a3,1,0
1,900,1,00000488,a41000b8,1,00000484,941200a0,1,00000480,841100a0,1,0000047c,a01000b7,0,00000478,901200a3,1,0
1,901,1,00000488,a41000b8,1,00000484,941200a0,1,00000480,841100a0,1,0000047c,a01000b7,0,00000478,901200a3,1,0
1,902,1,00000488,a41000b8,1,00000484,941200a0,1,00000480,841100a0,1,0000047c,a01000b7,0,00000478,901200a3,1,0
1,903,1,00000488,a41000b8,1,00000484,941200a0,1,00000480,841100a0,1,0000047c,a01000b7,0,00000478,901200a3,1,1
1,904,1,0000048c,841100a2,1,00000488,a41000b8,1,00000484,941200a0,1,00000480,841100a0,1,0000047c,a01000b7,1,1
1,905,1,00000490,941200a2,1,0000048c,841100a2,1,00000488,a41000b8,1,00000484,941200a0,1,00000480,841100a0,1,0
1,906,1,00000490,941200a2,1,0000048c,841100a2,1,00000488,a41000b8,1,00000484,941200a0,0,00000480,841100a0,1,0
1,907,1,00000490,941200a2,1,0000048c,841100a2,1,00000488,a41000b8,1,00000484,941200a0,0,00000480,841100a0,1,0
1,908,1,00000490,941200a2,1,0000048c,841100a2,1,00000488,a41000b8,1,00000484,941200a0,0,00000480,841100a0,1,0
1,909,1,00000490,941200a2,1,0000048c,841100a2,1,00000488,a41000b8,1,00000484,941200a0,0,00000480,841100a0,1,0
1,910,1,00000490,941200a2,1,0000048c,841100a2,1,00000488,a41000b8,1,00000484,941200a0,0,00000480,841100a0,1,1
1,911,1,00000494,a41000ba,1,00000490,941200a2,1,0000048c,841100a2,1,00000488,a41000b8,1,00000484,941200a0,1,1
1,912,1,00000498,24110000,1,00000494,a41000ba,1,00000490,941200a2,1,0000048c,841100a2,1,00000488,a41000b8,1,0
1,913,1,00000498,24110000,1,00000494,a41000ba,1,00000490,941200a2,1,0000048c,841100a2,0,00000488,a41000b8,1,0
1,914,1,00000498,24110000,1,00000494,a41000ba,1,00000490,941200a2,1,0000048c,841100a2,0,00000488,a41000b8,1,0
1,915,1,00000498,24110000,1,00000494,a41000ba,1,00000490,941200a2,1,0000048c,841100a2,0,00000488,a41000b8,1,0
1,916,1,00000498,24110000,1,00000494,a41000ba,1,00000490,941200a2,1,0000048c,841100a2,0,00000488,a41000b8,1,0
1,917,1,00000498,24110000,1,00000494,a41000ba,1,00000490,941200a2,1,0000048c,841100a2,0,00000488,a41000b8,1,1
1,918,1,0000049c,02309004,1,00000498,24110000,1,00000494,a41000ba,1,00000490,941200a2,1,0000048c,841100a2,1,1
1,919,1,000004a0,02309006,1,0000049c,02309004,1,00000498,24110000,1,00000494,a41000ba,1,00000490,941200a2,1,0
1,920,1,000004a0,02309006,1,0000049c,02309004,1,00000498,24110000,1,00000494,a41000ba,0,00000490,941200a2,1,0
1,921,1,000004a0,02309006,1,0000049c,02309004,1,00000498,24110000,1,00000494,a41000ba,0,00000490,941200a2,1,0
1,922,1,000004a0,02309006,1,0000049c,02309004,1,00000498,24110000,1,00000494,a41000ba,0,00000490,941200a2,1,0
1,923,1,000004a0,02309006,1,0000049c,02309004,1,00000498,24110000,1,00000494,a41000ba,0,00000490,941200a2,1,0
1,924,1,000004a0,02309006,1,0000049c,02309004,1,00000498,24110000,1,00000494,a41000ba,0,00000490,941200a2,1,1
1,925,1,000004a4,02309007,1,000004a0,02309006,1,0000049c,02309004,1,00000498,24110000,1,00000494,a41000ba,0,1
1,926,1,000004a8,24110001,1,000004a4,02309007,1,000004a0,02309006,1,0000049c,02309004,1,00000498,24110000,0,0
1,927,1,000004ac,02309004,1,000004a8,24110001,1,000004a4,02309007,1,000004a0,02309006,1,0000049c,02309004,0,0
1,928,1,000004b0,02309006,1,000004ac,02309004,1,000004a8,24110001,1,000004a4,02309007,1,000004a0,02309006,0,0
1,929,1,000004b4,02309007,1,000004b0,02309006,1,000004ac,02309004,1,000004a8,24110001,1,000004a4,02309007,0,0
1,930,1,000004b8,24110002,1,000004b4,02309007,1,000004b0,02309006,1,000004ac,02309004,1,000004a8,24110001,0,0
1,931,1,000004bc,02309004,1,000004b8,24110002,1,000004b4,02309007,1,000004b0,02309006,1,000004ac,02309004,0,1
1,932,1,000004c0,02309006,1,000004bc,02309004,1,000004b8,24110002,1,000004b4,02309007,1,000004b0,02309006,0,1
1,933,1,000004c4,02309007,1,000004c0,02309006,1,000004bc,02309004,1,000004b8,24110002,1,000004b4,02309007,0,0
1,934,1,000004c8,24110003,1,000004c4,02309007,1,000004c0,02309006,1,000004bc,02309004,1,000004b8,24110002,0,0
1,935,1,000004cc,02309004,1,000004c8,24110003,1,000004c4,02309007,1,000004c0,02309006,1,000004bc,02309004,0,0
1,936,1,000004d0,02309006,1,000004cc,02309004,1,000004c8,24110003,1,000004c4,02309007,1,000004c0,02309006,0,0
1,937,1,000004d4,02309007,1,000004d0,02309006,1,000004cc,02309004,1,000004c8,24110003,1,000004c4,02309007,0,0
1,938,1,000004d8,24110004,1,000004d4,02309007,1,000004d0,02309006,1,000004cc,02309004,1,000004c8,24110003,0,1
1,939,1,000004dc,02309004,1,000004d8,24110004,1,000004d4,02309007,1,000004d0,02309006,1,000004cc,02309004,0,1
1,940,1,000004e0,02309006,1,000004dc,02309004,1,000004d8,24110004,1,000004d4,02309007,1,000004d0,02309006,0,0
1,941,1,000004e4,02309007,1,000004e0,02309006,1,000004dc,02309004,1,000004d8,24110004,1,000004d4,02309007,0,0
1,942,1,000004e8,24110005,1,000004e4,02309007,1,000004e0,02309006,1,000004dc,02309004,1,000004d8,24110004,0,0
1,943,1,000004ec,02309004,1,000004e8,24110005,1,000004e4,02309007,1,000004e0,02309006,1,000004dc,02309004,0,0
1,944,1,000004f0,02309006,1,000004ec,02309004,1,000004e8,24110005,1,000004e4,02309007,1,000004e0,02309006,0,0
1,945,1,000004f4,02309007,1,000004f0,02309006,1,000004ec,02309004,1,000004e8,24110005,1,000004e4,02309007,0,1
1,946,1,000004f8,24110006,1,000004f4,02309007,1,000004f0,02309006,1,000004ec,02309004,1,000004e8,24110005,0,1
1,947,1,000004fc,02309004,1,000004f8,24110006,1,000004f4,02309007,1,000004f0,02309006,1,000004ec,02309004,0,0
1,948,1,00000500,02309006,1,000004fc,02309004,1,000004f8,24110006,1,000004f4,02309007,1,000004f0,02309006,0,0
1,949,1,00000504,02309007,1,00000500,02309006,1,000004fc,02309004,1,000004f8,24110006,1,000004f4,02309007,0,0
1,950,1,00000508,24110007,1,00000504,02309007,1,00000500,02309006,1,000004fc,02309004,1,000004f8,24110006,0,0
1,951,1,0000050c,02309004,1,00000508,24110007,1,00000504,02309007,1,00000500,02309006,1,000004fc,02309004,0,0
1,952,1,00000510,02309006,1,0000050c,02309004,1,00000508,24110007,1,00000504,02309007,1,00000500,02309006,0,1
1,953,1,00000514,02309007,1,00000510,02309006,1,0000050c,02309004,1,00000508,24110007,1,00000504,02309007,0,1
1,954,1,00000518,24110008,1,00000514,02309007,1,00000510,02309006,1,0000050c,02309004,1,00000508,24110007,0,0
1,955,1,0000051c,02309004,1,00000518,24110008,1,00000514,02309007,1,00000510,02309006,1,0000050c,02309004,0,0
1,956,1,00000520,02309006,1,0000051c,02309004,1,00000518,24110008,1,00000514,02309007,1,00000510,02309006,0,0
1,957,1,00000524,02309007,1,00000520,02309006,1,0000051c,02309004,1,00000518,24110008,1,00000514,02309007,0,0
1,958,1,00000528,24110009,1,00000524,02309007,1,00000520,02309006,1,0000051c,02309004,1,00000518,24110008,0,0
1,959,1,0000052c,02309004,1,00000528,24110009,1,00000524,02309007,1,00000520,02309006,1,0000051c,02309004,0,1
1,960,1,00000530,02309006,1,0000052c,02309004,1,00000528,24110009,1,00000524,02309007,1,00000520,02309006,0,1
1,961,1,00000534,02309007,1,00000530,02309006,1,0000052c,02309004,1,00000528,24110009,1,00000524,02309007,0,0
1,962,1,00000538,2411000a,1,00000534,02309007,1,00000530,02309006,1,0000052c,02309004,1,00000528,24110009,0,0
1,963,1,0000053c,02309004,1,00000538,2411000a,1,00000534,02309007,1,00000530,02309006,1,0000052c,02309004,0,0
1,964,1,00000540,02309006,1,0000053c,02309004,1,00000538,2411000a,1,00000534,02309007,1,00000530,02309006,0,0
1,965,1,00000544,02309007,1,00000540,02309006,1,0000053c,02309004,1,00000538,2411000a,1,00000534,02309007,0,0
1,966,1,00000548,2411000b,1,00000544,02309007,1,00000540,02309006,1,0000053c,02309004,1,00000538,2411000a,0,1
1,967,1,0000054c,02309004,1,00000548,2411000b,1,00000544,02309007,1,00000540,02309006,1,0000053c,02309004,0,1
1,968,1,00000550,02309006,1,0000054c,02309004,1,00000548,2411000b,1,00000544,02309007,1,00000540,02309006,0,0
1,969,1,00000554,02309007,1,00000550,02309006,1,0000054c,02309004,1,00000548,2411000b,1,00000544,02309007,0,0
1,970,1,00000558,2411000c,1,00000554,02309007,1,00000550,02309006,1,0000054c,02309004,1,00000548,2411000b,0,0
1,971,1,0000055c,02309004,1,00000558,2411000c,1,00000554,02309007,1,00000550,02309006,1,0000054c,02309004,0,0
1,972,1,00000560,02309006,1,0000055c,02309004,1,00000558,2411000c,1,00000554,02309007,1,00000550,02309006,0,0
1,973,1,00000564,02309007,1,00000560,02309006,1,0000055c,02309004,1,00000558,2411000c,1,00000554,02309007,0,1
1,974,1,00000568,2411000d,1,00000564,02309007,1,00000560,02309006,1,0000055c,02309004,1,00000558,2411000c,0,1
1,975,1,0000056c,02309004,1,00000568,2411000d,1,00000564,02309007,1,00000560,02309006,1,0000055c,02309004,0,0
1,976,1,00000570,02309006,1,0000056c,02309004,1,00000568,2411000d,1,00000564,02309007,1,00000560,02309006,0,0
1,977,1,00000574,02309007,1,00000570,02309006,1,0000056c,02309004,1,00000568,2411000d,1,00000564,02309007,0,0
1,978,1,00000578,2411000e,1,00000574,02309007,1,00000570,02309006,1,0000056c,02309004,1,00000568,2411000d,0,0
1,979,1,0000057c,02309004,1,00000578,2411000e,1,00000574,02309007,1,00000570,02309006,1,0000056c,02309004,0,0
1,980,1,00000580,02309006,1,0000057c,02309004,1,00000578,2411000e,1,00000574,02309007,1,00000570,02309006,0,1
1,981,1,00000584,02309007,1,00000580,02309006,1,0000057c,02309004,1,00000578,2411000e,1,00000574,02309007,0,1
1,982,1,00000588,2411000f,1,00000584,02309007,1,00000580,02309006,1,0000057c,02309004,1,00000578,2411000e,0,0
1,983,1,0000058c,02309004,1,00000588,2411000f,1,00000584,02309007,1,00000580,02309006,1,0000057c,02309004,0,0
1,984,1,00000590,02309006,1,0000058c,02309004,1,00000588,2411000f,1,00000584,02309007,1,00000580,02309006,0,0
1,985,1,00000594,02309007,1,00000590,02309006,1,0000058c,02309004,1,00000588,2411000f,1,00000584,02309007,0,0
1,986,1,00000598,24110010,1,00000594,02309007,1,00000590,02309006,1,0000058c,02309004,1,00000588,2411000f,0,0
1,987,1,0000059c,02309004,1,00000598,24110010,1,00000594,02309007,1,00000590,02309006,1,0000058c,02309004,0,1
1,988,1,000005a0,02309006,1,0000059c,02309004,1,00000598,24110010,1,00000594,02309007,1,00000590,02309006,0,1
1,989,1,000005a4,02309007,1,000005a0,02309006,1,0000059c,02309004,1,00000598,24110010,1,00000594,02309007,0,0
1,990,1,000005a8,24110011,1,000005a4,02309007,1,000005a0,02309006,1,0000059c,02309004,1,00000598,24110010,0,0
1,991,1,000005ac,02309004,1,000005a8,24110011,1,000005a4,02309007,1,000005a0,02309006,1,0000059c,02309004,0,0
1,992,1,000005b0,02309006,1,000005ac,02309004,1,000005a8,24110011,1,000005a4,02309007,1,000005a0,02309006,0,0
1,993,1,000005b4,02309007,1,000005b0,02309006,1,000005ac,02309004,1,000005a8,24110011,1,000005a4,02309007,0,0
1,994,1,000005b8,24110012,1,000005b4,02309007,1,000005b0,02309006,1,000005ac,02309004,1,000005a8,24110011,0,1
1,995,1,000005bc,02309004,1,000005b8,24110012,1,000005b4,02309007,1,000005b0,02309006,1,000005ac,02309004,0,1
1,996,1,000005c0,02309006,1,000005bc,02309004,1,000005b8,24110012,1,000005b4,02309007,1,000005b0,02309006,0,0
1,997,1,000005c4,02309007,1,000005c0,02309006,1,000005bc,02309004,1,000005b8,24110012,1,000005b4,02309007,0,0
1,998,1,000005c8,24110013,1,000005c4,02309007,1,000005c0,02309006,1,000005bc,02309004,1,000005b8,24110012,0,0
1,999,1,000005cc,02309004,1,000005c8,24110013,1,000005c4,02309007,1,000005c0,02309006,1,000005bc,02309004,0,0
1,1000,1,000005d0,02309006,1,000005cc,02309004,1,000005c8,24110013,1,000005c4,02309007,1,000005c0,02309006,0,0
1,1001,1,000005d4,02309007,1,000005d0,02309006,1,000005cc,02309004,1,000005c8,24110013,1,000005c4,02309007,0,1
1,1002,1,000005d8,24110014,1,000005d4,02309007,1,000005d0,02309006,1,000005cc,02309004,1,000005c8,24110013,0,1
1,1003,1,000005dc,02309004,1,000005d8,24110014,1,000005d4,02309007,1,000005d0,02309006,1,000005cc,02309004,0,0
1,1004,1,000005e0,02309006,1,000005dc,02309004,1,000005d8,24110014,1,000005d4,02309007,1,000005d0,02309006,0,0
1,1005,1,000005e4,02309007,1,000005e0,02309006,1,000005dc,02309004,1,000005d8,24110014,1,000005d4,02309007,0,0
1,1006,1,000005e8,24110015,1,000005e4,02309007,1,000005e0,02309006,1,000005dc,02309004,1,000005d8,24110014,0,0
1,1007,1,000005ec,02309004,1,000005e8,24110015,1,000005e4,02309007,1,000005e0,02309006,1,000005dc,02309004,0,0
1,1008,1,000005f0,02309006,1,000005ec,02309004,1,000005e8,24110015,1,000005e4,02309007,1,000005e0,02309006,0,1
1,1009,1,000005f4,02309007,1,000005f0,02309006,1,000005ec,02309004,1,000005e8,24110015,1,000005e4,02309007,0,1
1,1010,1,000005f8,24110016,1,000005f4,02309007,1,000005f0,02309006,1,000005ec,02309004,1,000005e8,24110015,0,0
1,1011,1,000005fc,02309004,1,000005f8,24110016,1,000005f4,02309007,1,000005f0,02309006,1,000005ec,02309004,0,0
1,1012,1,00000600,02309006,1,000005fc,02309004,1,000005f8,24110016,1,000005f4,02309007,1,000005f0,02309006,0,0
1,1013,1,00000604,02309007,1,00000600,02309006,1,000005fc,02309004,1,000005f8,24110016,1,000005f4,02309007,0,0
1,1014,1,00000608,24110017,1,00000604,02309007,1,00000600,02309006,1,000005fc,02309004,1,000005f8,24110016,0,0
1,1015,1,0000060c,02309004,1,00000608,24110017,1,00000604,02309007,1,00000600,02309006,1,000005fc,02309004,0,1
1,1016,1,00000610,02309006,1,0000060c,02309004,1,00000608,24110017,1,00000604,02309007,1,00000600,02309006,0,1
1,1017,1,00000614,02309007,1,00000610,02309006,1,0000060c,02309004,1,00000608,24110017,1,00000604,02309007,0,0
1,1018,1,00000618,24110018,1,00000614,02309007,1,00000610,02309006,1,0000060c,02309004,1,00000608,24110017,0,0
1,1019,1,0000061c,02309004,1,00000618,24110018,1,00000614,02309007,1,00000610,02309006,1,0000060c,02309004,0,0
1,1020,1,00000620,02309006,1,0000061c,02309004,1,00000618,24110018,1,00000614,02309007,1,00000610,02309006,0,0
1,1021,1,00000624,02309007,1,00000620,02309006,1,0000061c,02309004,1,00000618,24110018,1,00000614,02309007,0,0
1,1022,1,00000628,24110019,1,00000624,02309007,1,00000620,02309006,1,0000061c,02309004,1,00000618,24110018,0,1
1,1023,1,0000062c,02309004,1,00000628,24110019,1,00000624,02309007,1,00000620,02309006,1,0000061c,02309004,0,1
1,1024,1,00000630,02309006,1,0000062c,02309004,1,00000628,24110019,1,00000624,02309007,1,00000620,02309006,0,0
1,1025,1,00000634,02309007,1,00000630,02309006,1,0000062c,02309004,1,00000628,24110019,1,00000624,02309007,0,0
1,1026,1,00000638,2411001a,1,00000634,02309007,1,00000630,02309006,1,0000062c,02309004,1,00000628,24110019,0,0
1,1027,1,0000063c,02309004,1,00000638,2411001a,1,00000634,02309007,1,00000630,02309006,1,0000062c,02309004,0,0
1,1028,1,00000640,02309006,1,0000063c,02309004,1,00000638,2411001a,1,00000634,02309007,1,00000630,02309006,0,0
1,1029,1,00000644,02309007,1,00000640,02309006,1,0000063c,02309004,1,00000638,2411001a,1,00000634,02309007,0,1
1,1030,1,00000648,2411001b,1,00000644,02309007,1,00000640,02309006,1,0000063c,02309004,1,00000638,2411001a,0,1
1,1031,1,0000064c,02309004,1,00000648,2411001b,1,00000644,02309007,1,00000640,02309006,1,0000063c,02309004,0,0
1,1032,1,00000650,02309006,1,0000064c,02309004,1,00000648,2411001b,1,00000644,02309007,1,00000640,02309006,0,0
1,1033,1,00000654,02309007,1,00000650,02309006,1,0000064c,02309004,1,00000648,2411001b,1,00000644,02309007,0,0
1,1034,1,00000658,2411001c,1,00000654,02309007,1,00000650,02309006,1,0000064c,02309004,1,00000648,2411001b,0,0
1,1035,1,0000065c,02309004,1,00000658,2411001c,1,00000654,02309007,1,00000650,02309006,1,0000064c,02309004,0,0
1,1036,1,00000660,02309006,1,0000065c,02309004,1,00000658,2411001c,1,00000654,02309007,1,00000650,02309006,0,1
1,1037,1,00000664,02309007,1,00000660,02309006,1,0000065c,02309004,1,00000658,2411001c,1,00000654,02309007,0,1
1,1038,1,00000668,2411001d,1,00000664,02309007,1,00000660,02309006,1,0000065c,02309004,1,00000658,2411001c,0,0
1,1039,1,0000066c,02309004,1,00000668,2411001d,1,00000664,02309007,1,00000660,02309006,1,0000065c,02309004,0,0
1,1040,1,00000670,02309006,1,0000066c,02309004,1,00000668,2411001d,1,00000664,02309007,1,00000660,02309006,0,0
1,1041,1,00000674,02309007,1,00000670,02309006,1,0000066c,02309004,1,00000668,2411001d,1,00000664,02309007,0,0
1,1042,1,00000678,2411001e,1,00000674,02309007,1,00000670,02309006,1,0000066c,02309004,1,00000668,2411001d,0,0
1,1043,1,0000067c,02309004,1,00000678,2411001e,1,00000674,02309007,1,00000670,02309006,1,0000066c,02309004,0,1
1,1044,1,00000680,02309006,1,0000067c,02309004,1,00000678,2411001e,1,00000674,02309007,1,00000670,02309006,0,1
1,1045,1,00000684,02309007,1,00000680,02309006,1,0000067c,02309004,1,00000678,2411001e,1,00000674,02309007,0,0
1,1046,1,00000688,2411001f,1,00000684,02309007,1,00000680,02309006,1,0000067c,02309004,1,00000678,2411001e,0,0
1,1047,1,0000068c,02309004,1,00000688,2411001f,1,00000684,02309007,1,00000680,02309006,1,0000067c,02309004,0,0
1,1048,1,00000690,02309006,1,0000068c,02309004,1,00000688,2411001f,1,00000684,02309007,1,00000680,02309006,0,0
1,1049,1,00000694,02309007,1,00000690,02309006,1,0000068c,02309004,1,00000688,2411001f,1,00000684,02309007,0,0
1,1050,1,00000698,02520021,1,00000694,02309007,1,00000690,02309006,1,0000068c,02309004,1,00000688,2411001f,0,1
1,1051,1,0000069c,2413ffff,1,00000698,02520021,1,00000694,02309007,1,00000690,02309006,1,0000068c,02309004,0,1
1,1052,1,000006a0,2413ffff,1,0000069c,2413ffff,1,00000698,02520021,1,00000694,02309007,1,00000690,02309006,0,0
1,1053,1,000006a4,12730002,1,000006a0,2413ffff,1,0000069c,2413ffff,1,00000698,02520021,1,00000694,02309007,0,0
1,1054,1,000006a8,2414000c,1,000006a4,12730002,1,000006a0,2413ffff,1,0000069c,2413ffff,1,00000698,02520021,0,0
1,1055,1,000006ac,2414000d,1,000006a8,2414000c,1,000006a4,12730002,1,000006a0,2413ffff,1,0000069c,2413ffff,0,0
1,1056,1,000006b0,24130001,0,000006a8,2414000c,1,000006a8,2414000c,1,000006a4,12730002,1,000006a0,2413ffff,0,0
1,1057,1,000006b4,12730002,1,000006b0,24130001,0,000006a8,2414000c,1,000006a8,2414000c,1,000006a4,12730002,0,1
1,1058,1,000006b8,2414000c,1,000006b4,12730002,1,000006b0,24130001,0,000006a8,2414000c,1,000006a8,2414000c,0,1
1,1059,1,000006bc,2414000d,1,000006b8,2414000c,1,000006b4,12730002,1,000006b0,24130001,0,000006a8,2414000c,0,0
1,1060,1,000006c0,2413ffff,0,000006b8,2414000c,1,000006b8,2414000c,1,000006b4,12730002,1,000006b0,24130001,0,0
1,1061,1,000006c4,16730002,1,000006c0,2413ffff,0,000006b8,2414000c,1,000006b8,2414000c,1,000006b4,12730002,0,0
1,1062,1,000006c8,2414000c,1,000006c4,16730002,1,000006c0,2413ffff,0,000006b8,2414000c,1,000006b8,2414000c,0,0
1,1063,1,000006cc,2414000d,1,000006c8,2414000c,1,000006c4,16730002,1,000006c0,2413ffff,0,000006b8,2414000c,0,0
1,1064,1,000006cc,2414000d,0,000006c8,2414000c,1,000006c8,2414000c,1,000006c4,16730002,1,000006c0,2413ffff,0,1
1,1065,1,000006d0,24130001,1,000006cc,2414000d,0,000006c8,2414000c,1,000006c8,2414000c,1,000006c4,16730002,0,1
1,1066,1,000006d4,16730002,1,000006d0,24130001,1,000006cc,2414000d,0,000006c8,2414000c,1,000006c8,2414000c,0,0
1,1067,1,000006d8,2414000c,1,000006d4,16730002,1,000006d0,24130001,1,000006cc,2414000d,0,000006c8,2414000c,0,0
1,1068,1,000006dc,2414000d,1,000006d8,2414000c,1,000006d4,16730002,1,000006d0,24130001,1,000006cc,2414000d,0,0
1,1069,1,000006dc,2414000d,0,000006d8,2414000c,1,000006d8,2414000c,1,000006d4,16730002,1,000006d0,24130001,0,0
1,1070,1,000006e0,2413ffff,1,000006dc,2414000d,0,000006d8,2414000c,1,000006d8,2414000c,1,000006d4,16730002,0,0
1,1071,1,000006e4,1a600002,1,000006e0,2413ffff,1,000006dc,2414000d,0,000006d8,2414000c,1,000006d8,2414000c,0,1
1,1072,1,000006e8,2414000c,1,000006e4,1a600002,1,000006e0,2413ffff,1,000006dc,2414000d,0,000006d8,2414000c,0,1
1,1073,1,000006ec,2414000d,1,000006e8,2414000c,1,000006e4,1a600002,1,000006e0,2413ffff,1,000006dc,2414000d,0,0
1,1074,1,000006f0,24130001,0,000006e8,2414000c,1,000006e8,2414000c,1,000006e4,1a600002,1,000006e0,2413ffff,0,0
1,1075,1,000006f4,1a600002,1,000006f0,24130001,0,000006e8,2414000c,1,000006e8,2414000c,1,000006e4,1a600002,0,0
1,1076,1,000006f8,2414000c,1,000006f4,1a600002,1,000006f0,24130001,0,000006e8,2414000c,1,000006e8,2414000c,0,0
1,1077,1,000006fc,2414000d,1,000006f8,2414000c,1,000006f4,1a600002,1,000006f0,24130001,0,000006e8,2414000c,0,0
1,1078,1,000006fc,2414000d,0,000006f8,2414000c,1,000006f8,2414000c,1,000006f4,1a600002,1,000006f0,24130001,0,1
1,1079,1,00000700,2413ffff,1,000006fc,2414000d,0,000006f8,2414000c,1,000006f8,2414000c,1,000006f4,1a600002,0,1
1,1080,1,00000704,1e600002,1,00000700,2413ffff,1,000006fc,2414000d,0,000006f8,2414000c,1,000006f8,2414000c,0,0
1,1081,1,00000708,2414000c,1,00000704,1e600002,1,00000700,2413ffff,1,000006fc,2414000d,0,000006f8,2414000c,0,0
1,1082,1,0000070c,2414000d,1,00000708,2414000c,1,00000704,1e600002,1,00000700,2413ffff,1,000006fc,2414000d,0,0
1,1083,1,0000070c,2414000d,0,00000708,2414000c,1,00000708,2414000c,1,00000704,1e600002,1,00000700,2413ffff,0,0
1,1084,1,00000710,24130001,1,0000070c,2414000d,0,00000708,2414000c,1,00000708,2414000c,1,00000704,1e600002,0,0
1,1085,1,00000714,1e600002,1,00000710,24130001,1,0000070c,2414000d,0,00000708,2414000c,1,00000708,2414000c,0,1
1,1086,1,00000718,2414000c,1,00000714,1e600002,1,00000710,24130001,1,0000070c,2414000d,0,00000708,2414000c,0,1
1,1087,1,0000071c,2414000d,1,00000718,2414000c,1,00000714,1e600002,1,00000710,24130001,1,0000070c,2414000d,0,0
1,1088,1,00000720,2413ffff,0,00000718,2414000c,1,00000718,2414000c,1,00000714,1e600002,1,00000710,24130001,0,0
1,1089,1,00000724,06600002,1,00000720,2413ffff,0,00000718,2414000c,1,00000718,2414000c,1,00000714,1e600002,0,0
1,1090,1,00000728,2414000c,1,00000724,06600002,1,00000720,2413ffff,0,00000718,2414000c,1,00000718,2414000c,0,0
1,1091,1,0000072c,2414000d,1,00000728,2414000c,1,00000724,06600002,1,00000720,2413ffff,0,00000718,2414000c,0,0
1,1092,1,00000730,24130001,0,00000728,2414000c,1,00000728,2414000c,1,00000724,06600002,1,00000720,2413ffff,0,1
1,1093,1,00000734,06600002,1,00000730,24130001,0,00000728,2414000c,1,00000728,2414000c,1,00000724,06600002,0,1
1,1094,1,00000738,2414000c,1,00000734,06600002,1,00000730,24130001,0,00000728,2414000c,1,00000728,2414000c,0,0
1,1095,1,0000073c,2414000d,1,00000738,2414000c,1,00000734,06600002,1,00000730,24130001,0,00000728,2414000c,0,0
1,1096,1,0000073c,2414000d,0,00000738,2414000c,1,00000738,2414000c,1,00000734,06600002,1,00000730,24130001,0,0
1,1097,1,00000740,2413ffff,1,0000073c,2414000d,0,00000738,2414000c,1,00000738,2414000c,1,00000734,06600002,0,0
1,1098,1,00000744,06610002,1,00000740,2413ffff,1,0000073c,2414000d,0,00000738,2414000c,1,00000738,2414000c,0,0
1,1099,1,00000748,27f40001,1,00000744,06610002,1,00000740,2413ffff,1,0000073c,2414000d,0,00000738,2414000c,0,1
1,1100,1,0000074c,2414000d,1,00000748,27f40001,1,00000744,06610002,1,00000740,2413ffff,1,0000073c,2414000d,0,1
1,1101,1,0000074c,2414000d,0,00000748,27f40001,1,00000748,27f40001,1,00000744,06610002,1,00000740,2413ffff,0,0
1,1102,1,00000750,24130001,1,0000074c,2414000d,0,00000748,27f40001,1,00000748,27f40001,1,00000744,06610002,0,0
1,1103,1,00000754,06610002,1,00000750,24130001,1,0000074c,2414000d,0,00000748,27f40001,1,00000748,27f40001,0,0
1,1104,1,00000758,27f40001,1,00000754,06610002,1,00000750,24130001,1,0000074c,2414000d,0,00000748,27f40001,0,0
1,1105,1,0000075c,2414000d,1,00000758,27f40001,1,00000754,06610002,1,00000750,24130001,1,0000074c,2414000d,0,0
1,1106,1,00000760,2413ffff,0,00000758,27f40001,1,00000758,27f40001,1,00000754,06610002,1,00000750,24130001,0,1
1,1107,1,00000764,06700002,1,00000760,2413ffff,0,00000758,27f40001,1,00000758,27f40001,1,00000754,06610002,0,1
1,1108,1,00000768,27f40001,1,00000764,06700002,1,00000760,2413ffff,0,00000758,27f40001,1,00000758,27f40001,0,0
1,1109,1,0000076c,2414000d,1,00000768,27f40001,1,00000764,06700002,1,00000760,2413ffff,0,00000758,27f40001,0,0
1,1110,1,00000770,24130001,0,00000768,27f40001,1,00000768,27f40001,1,00000764,06700002,1,00000760,2413ffff,0,0
1,1111,1,00000774,06700002,1,00000770,24130001,0,00000768,27f40001,1,00000768,27f40001,1,00000764,06700002,0,0
1,1112,1,00000778,27f40001,1,00000774,06700002,1,00000770,24130001,0,00000768,27f40001,1,00000768,27f40001,0,0
1,1113,1,0000077c,2414000d,1,00000778,27f40001,1,00000774,06700002,1,00000770,24130001,0,00000768,27f40001,0,1
1,1114,1,0000077c,2414000d,0,00000778,27f40001,1,00000778,27f40001,1,00000774,06700002,1,00000770,24130001,0,1
1,1115,1,00000780,2413ffff,1,0000077c,2414000d,0,00000778,27f40001,1,00000778,27f40001,1,00000774,06700002,0,0
1,1116,1,00000784,06710002,1,00000780,2413ffff,1,0000077c,2414000d,0,00000778,27f40001,1,00000778,27f40001,0,0
1,1117,1,00000788,27f40001,1,00000784,06710002,1,00000780,2413ffff,1,0000077c,2414000d,0,00000778,27f40001,0,0
1,1118,1,0000078c,2414000d,1,00000788,27f40001,1,00000784,06710002,1,00000780,2413ffff,1,0000077c,2414000d,0,0
1,1119,1,0000078c,2414000d,0,00000788,27f40001,1,00000788,27f40001,1,00000784,06710002,1,00000780,2413ffff,0,0
1,1120,1,00000790,24130001,1,0000078c,2414000d,0,00000788,27f40001,1,00000788,27f40001,1,00000784,06710002,0,1
1,1121,1,00000794,06710002,1,00000790,24130001,1,0000078c,2414000d,0,00000788,27f40001,1,00000788,27f40001,0,1
1,1122,1,00000798,27f40001,1,00000794,06710002,1,00000790,24130001,1,0000078c,2414000d,0,00000788,27f40001,0,0
1,1123,1,0000079c,2414000d,1,00000798,27f40001,1,00000794,06710002,1,00000790,24130001,1,0000078c,2414000d,0,0
1,1124,1,000007a0,0c0001eb,0,00000798,27f40001,1,00000798,27f40001,1,00000794,06710002,1,00000790,24130001,0,0
1,1125,1,000007a4,27f40000,1,000007a0,0c0001eb,0,00000798,27f40001,1,00000798,27f40001,1,00000794,06710002,0,0
1,1126,1,000007a8,24140063,1,000007a4,27f40000,1,000007a0,0c0001eb,0,00000798,27f40001,1,00000798,27f40001,0,0
1,1127,1,000007ac,241507bc,0,000007a4,27f40000,1,000007a4,27f40000,1,000007a0,0c0001eb,0,00000798,27f40001,0,1
1,1128,1,000007b0,02a0a809,1,000007ac,241507bc,0,000007a4,27f40000,1,000007a4,27f40000,1,000007a0,0c0001eb,0,1
1,1129,1,000007b4,26b40000,1,000007b0,02a0a809,1,000007ac,241507bc,0,000007a4,27f40000,1,000007a4,27f40000,0,0
1,1130,1,000007b8,24140063,1,000007b4,26b40000,1,000007b0,02a0a809,1,000007ac,241507bc,0,000007a4,27f40000,0,0
1,1131,1,000007bc,24160003,0,000007b4,26b40000,1,000007b4,26b40000,1,000007b0,02a0a809,1,000007ac,241507bc,0,0
1,1132,1,000007c0,26d6ffff,1,000007bc,24160003,0,000007b4,26b40000,1,000007b4,26b40000,1,000007b0,02a0a809,0,0
1,1133,1,000007c4,1ec0fffe,1,000007c0,26d6ffff,1,000007bc,24160003,0,000007b4,26b40000,1,000007b4,26b40000,0,0
1,1134,1,000007c8,26940001,1,000007c4,1ec0fffe,1,000007c0,26d6ffff,1,000007bc,24160003,0,000007b4,26b40000,0,1
1,1135,1,000007cc,ac0700fc,1,000007c8,26940001,1,000007c4,1ec0fffe,1,000007c0,26d6ffff,1,000007bc,24160003,0,1
1,1136,1,000007c0,26d6ffff,0,000007c8,26940001,1,000007c8,26940001,1,000007c4,1ec0fffe,1,000007c0,26d6ffff,0,0
1,1137,1,000007c4,1ec0fffe,1,000007c0,26d6ffff,0,000007c8,26940001,1,000007c8,26940001,1,000007c4,1ec0fffe,0,0
1,1138,1,000007c8,26940001,1,000007c4,1ec0fffe,1,000007c0,26d6ffff,0,000007c8,26940001,1,000007c8,26940001,0,0
1,1139,1,000007cc,ac0700fc,1,000007c8,26940001,1,000007c4,1ec0fffe,1,000007c0,26d6ffff,0,000007c8,26940001,0,0
1,1140,1,000007c0,26d6ffff,0,000007c8,26940001,1,000007c8,26940001,1,000007c4,1ec0fffe,1,000007c0,26d6ffff,0,0
1,1141,1,000007c4,1ec0fffe,1,000007c0,26d6ffff,0,000007c8,26940001,1,000007c8,26940001,1,000007c4,1ec0fffe,0,1
1,1142,1,000007c8,26940001,1,000007c4,1ec0fffe,1,000007c0,26d6ffff,0,000007c8,26940001,1,000007c8,26940001,0,1
1,1143,1,000007cc,ac0700fc,1,000007c8,26940001,1,000007c4,1ec0fffe,1,000007c0,26d6ffff,0,000007c8,26940001,0,0
1,1144,1,000007cc,ac0700fc,0,000007c8,26940001,1,000007c8,26940001,1,000007c4,1ec0fffe,1,000007c0,26d6ffff,0,0
1,1145,1,000007d0,00000000,1,000007cc,ac0700fc,0,000007c8,26940001,1,000007c8,26940001,1,000007c4,1ec0fffe,0,0
1,1146,1,000007d4,00000000,1,000007d0,00000000,1,000007cc,ac0700fc,0,000007c8,26940001,1,000007c8,26940001,0,0
1,1147,1,000007d8,00000000,1,000007d4,00000000,1,000007d0,00000000,1,000007cc,ac0700fc,0,000007c8,26940001,1,0
1,1148,1,000007d8,00000000,1,000007d4,00000000,1,000007d0,00000000,1,000007cc,ac0700fc,0,000007c8,26940001,1,1
1,1149,1,000007dc,00000000,1,000007d8,00000000,1,000007d4,00000000,1,000007d0,00000000,1,000007cc,ac0700fc,0,1
2,1153,1,00000000,24010007,0,00000000,00000000,0,00000000,00000000,0,00000000,00000000,0,00000000,00000000,0,0
2,1154,1,00000004,2422fffd,1,00000000,24010007,0,00000000,00000000,0,00000000,00000000,0,00000000,00000000,0,0
2,1155,1,00000008,00421821,1,00000004,2422fffd,1,00000000,24010007,0,00000000,00000000,0,00000000,00000000,0,0
2,1156,1,0000000c,ac030000,1,00000008,00421821,1,00000004,2422fffd,1,00000000,24010007,0,00000000,00000000,0,0
2,1157,1,00000010,8c040000,1,0000000c,ac030000,1,00000008,00421821,1,00000004,2422fffd,1,00000000,24010007,0,0
2,1158,1,00000014,00842821,1,00000010,8c040000,1,0000000c,ac030000,1,00000008,00421821,1,00000004,2422fffd,0,0
2,1159,1,00000018,ac050004,1,00000014,00842821,1,00000010,8c040000,1,0000000c,ac030000,1,00000008,00421821,1,0
2,1160,1,00000018,ac050004,1,00000014,00842821,1,00000010,8c040000,1,0000000c,ac030000,0,00000008,00421821,1,0
2,1161,1,00000018,ac050004,1,00000014,00842821,1,00000010,8c040000,1,0000000c,ac030000,0,00000008,00421821,1,0
2,1162,1,00000018,ac050004,1,00000014,00842821,1,00000010,8c040000,1,0000000c,ac030000,0,00000008,00421821,1,1
2,1163,1,00000018,ac050004,1,00000014,00842821,0,00000010,8c040000,1,00000010,8c040000,1,0000000c,ac030000,1,0
2,1164,1,00000018,ac050004,1,00000014,00842821,0,00000010,8c040000,1,00000010,8c040000,0,0000000c,ac030000,1,0
2,1165,1,00000018,ac050004,1,00000014,00842821,0,00000010,8c040000,1,00000010,8c040000,0,0000000c,ac030000,1,0
2,1166,1,00000018,ac050004,1,00000014,00842821,0,00000010,8c040000,1,00000010,8c040000,0,0000000c,ac030000,1,0
2,1167,1,00000018,ac050004,1,00000014,00842821,0,00000010,8c040000,1,00000010,8c040000,0,0000000c,ac030000,1,0
2,1168,1,00000018,ac050004,1,00000014,00842821,0,00000010,8c040000,1,00000010,8c040000,0,0000000c,ac030000,1,0
2,1169,1,00000018,ac050004,1,00000014,00842821,0,00000010,8c040000,1,00000010,8c040000,0,0000000c,ac030000,1,0
2,1170,1,00000018,ac050004,1,00000014,00842821,0,00000010,8c040000,1,00000010,8c040000,0,0000000c,ac030000,1,0
2,1171,1,00000018,ac050004,1,00000014,00842821,0,00000010,8c040000,1,00000010,8c040000,0,0000000c,ac030000,1,0
2,1172,1,00000018,ac050004,1,00000014,00842821,0,00000010,8c040000,1,00000010,8c040000,0,0000000c,ac030000,1,0
2,1173,1,00000018,ac050004,1,00000014,00842821,0,00000010,8c040000,1,00000010,8c040000,0,0000000c,ac030000,1,0
2,1174,1,00000018,ac050004,1,00000014,00842821,0,00000010,8c040000,1,00000010,8c040000,0,0000000c,ac030000,1,0
2,1175,1,00000018,ac050004,1,00000014,00842821,0,00000010,8c040000,1,00000010,8c040000,0,0000000c,ac030000,1,1
2,1176,1,0000001c,10a50002,1,00000018,ac050004,1,00000014,00842821,0,00000010,8c040000,1,00000010,8c040000,0,0
2,1177,1,00000020,24a60001,1,0000001c,10a50002,1,00000018,ac050004,1,00000014,00842821,0,00000010,8c040000,0,0
2,1178,1,00000024,ac010064,1,00000020,24a60001,1,0000001c,10a50002,1,00000018,ac050004,1,00000014,00842821,1,0
2,1179,1,00000024,ac010064,1,00000020,24a60001,1,0000001c,10a50002,1,00000018,ac050004,0,00000014,00842821,1,0
2,1180,1,00000024,ac010064,1,00000020,24a60001,1,0000001c,10a50002,1,00000018,ac050004,0,00000014,00842821,1,0
2,1181,1,00000024,ac010064,1,00000020,24a60001,1,0000001c,10a50002,1,00000018,ac050004,0,00000014,00842821,1,0
2,1182,1,00000024,ac010064,1,00000020,24a60001,1,0000001c,10a50002,1,00000018,ac050004,0,00000014,00842821,1,0
2,1183,1,00000024,ac010064,1,00000020,24a60001,1,0000001c,10a50002,1,00000018,ac050004,0,00000014,00842821,1,0
2,1184,1,00000024,ac010064,1,00000020,24a60001,1,0000001c,10a50002,1,00000018,ac050004,0,00000014,00842821,1,0
2,1185,1,00000024,ac010064,1,00000020,24a60001,1,0000001c,10a50002,1,00000018,ac050004,0,00000014,00842821,1,0
2,1186,1,00000024,ac010064,1,00000020,24a60001,1,0000001c,10a50002,1,00000018,ac050004,0,00000014,00842821,1,0
2,1187,1,00000024,ac010064,1,00000020,24a60001,1,0000001c,10a50002,1,00000018,ac050004,0,00000014,00842821,1,0
2,1188,1,00000024,ac010064,1,00000020,24a60001,1,0000001c,10a50002,1,00000018,ac050004,0,00000014,00842821,1,1
2,1189,1,00000028,14a60002,0,00000020,24a60001,1,00000020,24a60001,1,0000001c,10a50002,1,00000018,ac050004,0,0
2,1190,1,0000002c,24c70001,1,00000028,14a60002,0,00000020,24a60001,1,00000020,24a60001,1,0000001c,10a50002,0,0
2,1191,1,00000030,ac010064,1,0000002c,24c70001,1,00000028,14a60002,0,00000020,24a60001,1,00000020,24a60001,0,0
2,1192,1,00000034,ac0c0000,0,0000002c,24c70001,1,0000002c,24c70001,1,00000028,14a60002,0,00000020,24a60001,0,0
2,1193,1,00000038,8c040000,1,00000034,ac0c0000,0,0000002c,24c70001,1,0000002c,24c70001,1,00000028,14a60002,0,0
2,1194,1,0000003c,00843021,1,00000038,8c040000,1,00000034,ac0c0000,0,0000002c,24c70001,1,0000002c,24c70001,0,0
2,1195,1,00000040,35833e56,1,0000003c,00843021,1,00000038,8c040000,1,00000034,ac0c0000,0,0000002c,24c70001,1,0
2,1196,1,00000040,35833e56,1,0000003c,00843021,1,00000038,8c040000,1,00000034,ac0c0000,0,0000002c,24c70001,1,0
2,1197,1,00000040,35833e56,1,0000003c,00843021,1,00000038,8c040000,1,00000034,ac0c0000,0,0000002c,24c70001,1,0
2,1198,1,00000040,35833e56,1,0000003c,00843021,1,00000038,8c040000,1,00000034,ac0c0000,0,0000002c,24c70001,1,0
2,1199,1,00000040,35833e56,1,0000003c,00843021,1,00000038,8c040000,1,00000034,ac0c0000,0,0000002c,24c70001,1,0
2,1200,1,00000040,35833e56,1,0000003c,00843021,1,00000038,8c040000,1,00000034,ac0c0000,0,0000002c,24c70001,1,0
2,1201,1,00000040,35833e56,1,0000003c,00843021,1,00000038,8c040000,1,00000034,ac0c0000,0,0000002c,24c70001,1,1
2,1202,1,00000040,35833e56,1,0000003c,00843021,0,00000038,8c040000,1,00000038,8c040000,1,00000034,ac0c0000,1,0
2,1203,1,00000040,35833e56,1,0000003c,00843021,0,00000038,8c040000,1,00000038,8c040000,0,00000034,ac0c0000,1,0
2,1204,1,00000040,35833e56,1,0000003c,00843021,0,00000038,8c040000,1,00000038,8c040000,0,00000034,ac0c0000,1,0
2,1205,1,00000040,35833e56,1,0000003c,00843021,0,00000038,8c040000,1,00000038,8c040000,0,00000034,ac0c0000,1,0
2,1206,1,00000040,35833e56,1,0000003c,00843021,0,00000038,8c040000,1,00000038,8c040000,0,00000034,ac0c0000,1,0
2,1207,1,00000040,35833e56,1,0000003c,00843021,0,00000038,8c040000,1,00000038,8c040000,0,00000034,ac0c0000,1,0
2,1208,1,00000040,35833e56,1,0000003c,00843021,0,00000038,8c040000,1,00000038,8c040000,0,00000034,ac0c0000,1,0
2,1209,1,00000040,35833e56,1,0000003c,00843021,0,00000038,8c040000,1,00000038,8c040000,0,00000034,ac0c0000,1,0
2,1210,1,00000040,35833e56,1,0000003c,00843021,0,00000038,8c040000,1,00000038,8c040000,0,00000034,ac0c0000,1,0
2,1211,1,00000040,35833e56,1,0000003c,00843021,0,00000038,8c040000,1,00000038,8c040000,0,00000034,ac0c0000,1,0
2,1212,1,00000040,35833e56,1,0000003c,00843021,0,00000038,8c040000,1,00000038,8c040000,0,00000034,ac0c0000,1,0
2,1213,1,00000040,35833e56,1,0000003c,00843021,0,00000038,8c040000,1,00000038,8c040000,0,00000034,ac0c0000,1,0
2,1214,1,00000040,35833e56,1,0000003c,00843021,0,00000038,8c040000,1,00000038,8c040000,0,00000034,ac0c0000,1,1
2,1215,1,00000044,000d6e80,1,00000040,35833e56,1,0000003c,00843021,0,00000038,8c040000,1,00000038,8c040000,0,0
2,1216,1,00000048,01cb2023,1,00000044,000d6e80,1,00000040,35833e56,1,0000003c,00843021,0,00000038,8c040000,0,0
2,1217,1,0000004c,2dcbe87c,1,00000048,01cb2023,1,00000044,000d6e80,1,00000040,35833e56,1,0000003c,00843021,0,0
2,1218,1,00000050,00072383,1,0000004c,2dcbe87c,1,00000048,01cb2023,1,00000044,000d6e80,1,00000040,35833e56,0,0
2,1219,1,00000054,00ef3824,1,00000050,00072383,1,0000004c,2dcbe87c,1,00000048,01cb2023,1,00000044,000d6e80,0,0
2,1220,1,00000058,35cd31be,1,00000054,00ef3824,1,00000050,00072383,1,0000004c,2dcbe87c,1,00000048,01cb2023,0,0
2,1221,1,0000005c,00025d83,1,00000058,35cd31be,1,00000054,00ef3824,1,00000050,00072383,1,0000004c,2dcbe87c,0,0
2,1222,1,00000060,01c54821,1,0000005c,00025d83,1,00000058,35cd31be,1,00000054,00ef3824,1,00000050,00072383,0,0
2,1223,1,00000064,346e1b44,1,00000060,01c54821,1,0000005c,00025d83,1,00000058,35cd31be,1,00000054,00ef3824,0,0
2,1224,1,00000068,ac02002c,1,00000064,346e1b44,1,00000060,01c54821,1,0000005c,00025d83,1,00000058,35cd31be,0,0
2,1225,1,0000006c,8c03002c,1,00000068,ac02002c,1,00000064,346e1b44,1,00000060,01c54821,1,0000005c,00025d83,0,0
2,1226,1,00000070,00636021,1,0000006c,8c03002c,1,00000068,ac02002c,1,00000064,346e1b44,1,00000060,01c54821,0,0
2,1227,1,00000074,0104302a,1,00000070,00636021,1,0000006c,8c03002c,1,00000068,ac02002c,1,00000064,346e1b44,1,1
2,1228,1,00000074,0104302a,1,00000070,00636021,0,0000006c,8c03002c,1,0000006c,8c03002c,1,00000068,ac02002c,1,0
2,1229,1,00000074,0104302a,1,00000070,00636021,0,0000006c,8c03002c,1,0000006c,8c03002c,0,00000068,ac02002c,1,0
2,1230,1,00000074,0104302a,1,00000070,00636021,0,0000006c,8c03002c,1,0000006c,8c03002c,0,00000068,ac02002c,1,0
2,1231,1,00000074,0104302a,1,00000070,00636021,0,0000006c,8c03002c,1,0000006c,8c03002c,0,00000068,ac02002c,1,0
2,1232,1,00000074,0104302a,1,00000070,00636021,0,0000006c,8c03002c,1,0000006c,8c03002c,0,00000068,ac02002c,1,0
2,1233,1,00000074,0104302a,1,00000070,00636021,0,0000006c,8c03002c,1,0000006c,8c03002c,0,00000068,ac02002c,1,0
2,1234,1,00000074,0104302a,1,00000070,00636021,0,0000006c,8c03002c,1,0000006c,8c03002c,0,00000068,ac02002c,1,0
2,1235,1,00000074,0104302a,1,00000070,00636021,0,0000006c,8c03002c,1,0000006c,8c03002c,0,00000068,ac02002c,1,0
2,1236,1,00000074,0104302a,1,00000070,00636021,0,0000006c,8c03002c,1,0000006c,8c03002c,0,00000068,ac02002c,1,0
2,1237,1,00000074,0104302a,1,00000070,00636021,0,0000006c,8c03002c,1,0000006c,8c03002c,0,00000068,ac02002c,1,0
2,1238,1,00000074,0104302a,1,00000070,00636021,0,0000006c,8c03002c,1,0000006c,8c03002c,0,00000068,ac02002c,1,0
2,1239,1,00000074,0104302a,1,00000070,00636021,0,0000006c,8c03002c,1,0000006c,8c03002c,0,00000068,ac02002c,1,0
2,1240,1,00000074,0104302a,1,00000070,00636021,0,0000006c,8c03002c,1,0000006c,8c03002c,0,00000068,ac02002c,1,1
2,1241,1,00000078,29ce50eb,1,00000074,0104302a,1,00000070,00636021,0,0000006c,8c03002c,1,0000006c,8c03002c,0,0
2,1242,1,0000007c,00025383,1,00000078,29ce50eb,1,00000074,0104302a,1,00000070,00636021,0,0000006c,8c03002c,0,0
2,1243,1,00000080,01cf302a,1,0000007c,00025383,1,00000078,29ce50eb,1,00000074,0104302a,1,00000070,00636021,0,0
2,1244,1,00000084,38ee38ea,1,00000080,01cf302a,1,0000007c,00025383,1,00000078,29ce50eb,1,00000074,0104302a,0,0
2,1245,1,00000088,000f1303,1,00000084,38ee38ea,1,00000080,01cf302a,1,0000007c,00025383,1,00000078,29ce50eb,0,0
2,1246,1,0000008c,01057821,1,00000088,000f1303,1,00000084,38ee38ea,1,00000080,01cf302a,1,0000007c,00025383,0,0
2,1247,1,00000090,296ed6ff,1,0000008c,01057821,1,00000088,000f1303,1,00000084,38ee38ea,1,00000080,01cf302a,0,0
2,1248,1,00000094,000e7c02,1,00000090,296ed6ff,1,0000008c,01057821,1,00000088,000f1303,1,00000084,38ee38ea,0,0
2,1249,1,00000098,01e86826,1,00000094,000e7c02,1,00000090,296ed6ff,1,0000008c,01057821,1,00000088,000f1303,0,0
2,1250,1,0000009c,ac040058,1,00000098,01e86826,1,00000094,000e7c02,1,00000090,296ed6ff,1,0000008c,01057821,0,0
2,1251,1,000000a0,8c0f0058,1,0000009c,ac040058,1,00000098,01e86826,1,00000094,000e7c02,1,00000090,296ed6ff,0,0
2,1252,1,000000a4,01ef7021,1,000000a0,8c0f0058,1,0000009c,ac040058,1,00000098,01e86826,1,00000094,000e7c02,0,0
2,1253,1,000000a8,000c3843,1,000000a4,01ef7021,1,000000a0,8c0f0058,1,0000009c,ac040058,1,00000098,01e86826,1,1
2,1254,1,000000a8,000c3843,1,000000a4,01ef7021,0,000000a0,8c0f0058,1,000000a0,8c0f0058,1,0000009c,ac040058,1,0
2,1255,1,000000a8,000c3843,1,000000a4,01ef7021,0,000000a0,8c0f0058,1,000000a0,8c0f0058,0,0000009c,ac040058,1,0
2,1256,1,000000a8,000c3843,1,000000a4,01ef7021,0,000000a0,8c0f0058,1,000000a0,8c0f0058,0,0000009c,ac040058,1,0
2,1257,1,000000a8,000c3843,1,000000a4,01ef7021,0,000000a0,8c0f0058,1,000000a0,8c0f0058,0,0000009c,ac040058,1,0
2,1258,1,000000a8,000c3843,1,000000a4,01ef7021,0,000000a0,8c0f0058,1,000000a0,8c0f0058,0,0000009c,ac040058,1,0
2,1259,1,000000a8,000c3843,1,000000a4,01ef7021,0,000000a0,8c0f0058,1,000000a0,8c0f0058,0,0000009c,ac040058,1,0
2,1260,1,000000a8,000c3843,1,000000a4,01ef7021,0,000000a0,8c0f0058,1,000000a0,8c0f0058,0,0000009c,ac040058,1,0
2,1261,1,000000a8,000c3843,1,000000a4,01ef7021,0,000000a0,8c0f0058,1,000000a0,8c0f0058,0,0000009c,ac040058,1,0
2,1262,1,000000a8,000c3843,1,000000a4,01ef7021,0,000000a0,8c0f0058,1,000000a0,8c0f0058,0,0000009c,ac040058,1,0
2,1263,1,000000a8,000c3843,1,000000a4,01ef7021,0,000000a0,8c0f0058,1,000000a0,8c0f0058,0,0000009c,ac040058,1,0
2,1264,1,000000a8,000c3843,1,000000a4,01ef7021,0,000000a0,8c0f0058,1,000000a0,8c0f0058,0,0000009c,ac040058,1,0
2,1265,1,000000a8,000c3843,1,000000a4,01ef7021,0,000000a0,8c0f0058,1,000000a0,8c0f0058,0,0000009c,ac040058,1,0
2,1266,1,000000a8,000c3843,1,000000a4,01ef7021,0,000000a0,8c0f0058,1,000000a0,8c0f0058,0,0000009c,ac040058,1,1
2,1267,1,000000ac,00c55825,1,000000a8,000c3843,1,000000a4,01ef7021,0,000000a0,8c0f0058,1,000000a0,8c0f0058,0,0
2,1268,1,000000b0,390282d1,1,000000ac,00c55825,1,000000a8,000c3843,1,000000a4,01ef7021,0,000000a0,8c0f0058,0,0
2,1269,1,000000b4,00032642,1,000000b0,390282d1,1,000000ac,00c55825,1,000000a8,000c3843,1,000000a4,01ef7021,0,0
2,1270,1,000000b8,00c61824,1,000000b4,00032642,1,000000b0,390282d1,1,000000ac,00c55825,1,000000a8,000c3843,0,0
2,1271,1,000000bc,29c52b84,1,000000b8,00c61824,1,000000b4,00032642,1,000000b0,390282d1,1,000000ac,00c55825,0,0
2,1272,1,000000c0,000c0a40,1,000000bc,29c52b84,1,000000b8,00c61824,1,000000b4,00032642,1,000000b0,390282d1,0,0
2,1273,1,000000c4,006a102a,1,000000c0,000c0a40,1,000000bc,29c52b84,1,000000b8,00c61824,1,000000b4,00032642,0,0
2,1274,1,000000c8,2c6a0e0d,1,000000c4,006a102a,1,000000c0,000c0a40,1,000000bc,29c52b84,1,000000b8,00c61824,0,0
2,1275,1,000000cc,00086f42,1,000000c8,2c6a0e0d,1,000000c4,006a102a,1,000000c0,000c0a40,1,000000bc,29c52b84,0,0
2,1276,1,000000d0,ac080004,1,000000cc,00086f42,1,000000c8,2c6a0e0d,1,000000c4,006a102a,1,000000c0,000c0a40,0,0
2,1277,1,000000d4,8c050004,1,000000d0,ac080004,1,000000cc,00086f42,1,000000c8,2c6a0e0d,1,000000c4,006a102a,0,0
2,1278,1,000000d8,00a50821,1,000000d4,8c050004,1,000000d0,ac080004,1,000000cc,00086f42,1,000000c8,2c6a0e0d,0,0
2,1279,1,000000dc,244fabde,1,000000d8,00a50821,1,000000d4,8c050004,1,000000d0,ac080004,1,000000cc,00086f42,1,1
2,1280,1,000000dc,244fabde,1,000000d8,00a50821,0,000000d4,8c050004,1,000000d4,8c050004,1,000000d0,ac080004,1,0
2,1281,1,000000dc,244fabde,1,000000d8,00a50821,0,000000d4,8c050004,1,000000d4,8c050004,0,000000d0,ac080004,1,0
2,1282,1,000000dc,244fabde,1,000000d8,00a50821,0,000000d4,8c050004,1,000000d4,8c050004,0,000000d0,ac080004,1,0
2,1283,1,000000dc,244fabde,1,000000d8,00a50821,0,000000d4,8c050004,1,000000d4,8c050004,0,000000d0,ac080004,1,0
2,1284,1,000000dc,244fabde,1,000000d8,00a50821,0,000000d4,8c050004,1,000000d4,8c050004,0,000000d0,ac080004,1,0
2,1285,1,000000dc,244fabde,1,000000d8,00a50821,0,000000d4,8c050004,1,000000d4,8c050004,0,000000d0,ac080004,1,0
2,1286,1,000000dc,244fabde,1,000000d8,00a50821,0,000000d4,8c050004,1,000000d4,8c050004,0,000000d0,ac080004,1,0
2,1287,1,000000dc,244fabde,1,000000d8,00a50821,0,000000d4,8c050004,1,000000d4,8c050004,0,000000d0,ac080004,1,0
2,1288,1,000000dc,244fabde,1,000000d8,00a50821,0,000000d4,8c050004,1,000000d4,8c050004,0,000000d0,ac080004,1,0
2,1289,1,000000dc,244fabde,1,000000d8,00a50821,0,000000d4,8c050004,1,000000d4,8c050004,0,000000d0,ac080004,1,0
2,1290,1,000000dc,244fabde,1,000000d8,00a50821,0,000000d4,8c050004,1,000000d4,8c050004,0,000000d0,ac080004,1,0
2,1291,1,000000dc,244fabde,1,000000d8,00a50821,0,000000d4,8c050004,1,000000d4,8c050004,0,000000d0,ac080004,1,0
2,1292,1,000000dc,244fabde,1,000000d8,00a50821,0,000000d4,8c050004,1,000000d4,8c050004,0,000000d0,ac080004,1,1
2,1293,1,000000e0,000a1282,1,000000dc,244fabde,1,000000d8,00a50821,0,000000d4,8c050004,1,000000d4,8c050004,0,0
2,1294,1,000000e4,00445825,1,000000e0,000a1282,1,000000dc,244fabde,1,000000d8,00a50821,0,000000d4,8c050004,0,0
2,1295,1,000000e8,28e7f06b,1,000000e4,00445825,1,000000e0,000a1282,1,000000dc,244fabde,1,000000d8,00a50821,0,0
2,1296,1,000000ec,000908c3,1,000000e8,28e7f06b,1,000000e4,00445825,1,000000e0,000a1282,1,000000dc,244fabde,0,0
2,1297,1,000000f0,018c5826,1,000000ec,000908c3,1,000000e8,28e7f06b,1,000000e4,00445825,1,000000e0,000a1282,0,0
2,1298,1,000000f4,29654b31,1,000000f0,018c5826,1,000000ec,000908c3,1,000000e8,28e7f06b,1,000000e4,00445825,0,0
2,1299,1,000000f8,00087b02,1,000000f4,29654b31,1,000000f0,018c5826,1,000000ec,000908c3,1,000000e8,28e7f06b,0,0
2,1300,1,000000fc,00ee102b,1,000000f8,00087b02,1,000000f4,29654b31,1,000000f0,018c5826,1,000000ec,000908c3,0,0
2,1301,1,00000100,25c62e8b,1,000000fc,00ee102b,1,000000f8,00087b02,1,000000f4,29654b31,1,000000f0,018c5826,0,0
2,1302,1,00000104,ac0e0030,1,00000100,25c62e8b,1,000000fc,00ee102b,1,000000f8,00087b02,1,000000f4,29654b31,0,0
2,1303,1,00000108,8c0a0030,1,00000104,ac0e0030,1,00000100,25c62e8b,1,000000fc,00ee102b,1,000000f8,00087b02,0,0
2,1304,1,0000010c,014a6021,1,00000108,8c0a0030,1,00000104,ac0e0030,1,00000100,25c62e8b,1,000000fc,00ee102b,0,0
2,1305,1,00000110,01ed2826,1,0000010c,014a6021,1,00000108,8c0a0030,1,00000104,ac0e0030,1,00000100,25c62e8b,1,1
2,1306,1,00000110,01ed2826,1,0000010c,014a6021,0,00000108,8c0a0030,1,00000108,8c0a0030,1,00000104,ac0e0030,1,0
2,1307,1,00000110,01ed2826,1,0000010c,014a6021,0,00000108,8c0a0030,1,00000108,8c0a0030,0,00000104,ac0e0030,1,0
2,1308,1,00000110,01ed2826,1,0000010c,014a6021,0,00000108,8c0a0030,1,00000108,8c0a0030,0,00000104,ac0e0030,1,0
2,1309,1,00000110,01ed2826,1,0000010c,014a6021,0,00000108,8c0a0030,1,00000108,8c0a0030,0,00000104,ac0e0030,1,0
2,1310,1,00000110,01ed2826,1,0000010c,014a6021,0,00000108,8c0a0030,1,00000108,8c0a0030,0,00000104,ac0e0030,1,0
2,1311,1,00000110,01ed2826,1,0000010c,014a6021,0,00000108,8c0a0030,1,00000108,8c0a0030,0,00000104,ac0e0030,1,0
2,1312,1,00000110,01ed2826,1,0000010c,014a6021,0,00000108,8c0a0030,1,00000108,8c0a0030,0,00000104,ac0e0030,1,0
2,1313,1,00000110,01ed2826,1,0000010c,014a6021,0,00000108,8c0a0030,1,00000108,8c0a0030,0,00000104,ac0e0030,1,0
2,1314,1,00000110,01ed2826,1,0000010c,014a6021,0,00000108,8c0a0030,1,00000108,8c0a0030,0,00000104,ac0e0030,1,0
2,1315,1,00000110,01ed2826,1,0000010c,014a6021,0,00000108,8c0a0030,1,00000108,8c0a0030,0,00000104,ac0e0030,1,0
2,1316,1,00000110,01ed2826,1,0000010c,014a6021,0,00000108,8c0a0030,1,00000108,8c0a0030,0,00000104,ac0e0030,1,0
2,1317,1,00000110,01ed2826,1,0000010c,014a6021,0,00000108,8c0a0030,1,00000108,8c0a0030,0,00000104,ac0e0030,1,0
2,1318,1,00000110,01ed2826,1,0000010c,014a6021,0,00000108,8c0a0030,1,00000108,8c0a0030,0,00000104,ac0e0030,1,1
2,1319,1,00000114,382509a7,1,00000110,01ed2826,1,0000010c,014a6021,0,00000108,8c0a0030,1,00000108,8c0a0030,0,0
2,1320,1,00000118,000216c3,1,00000114,382509a7,1,00000110,01ed2826,1,0000010c,014a6021,0,00000108,8c0a0030,0,0
2,1321,1,0000011c,01296026,1,00000118,000216c3,1,00000114,382509a7,1,00000110,01ed2826,1,0000010c,014a6021,0,0
2,1322,1,00000120,28e2f773,1,0000011c,01296026,1,00000118,000216c3,1,00000114,382509a7,1,00000110,01ed2826,0,0
2,1323,1,00000124,000f5040,1,00000120,28e2f773,1,0000011c,01296026,1,00000118,000216c3,1,00000114,382509a7,0,0
2,1324,1,00000128,00eb0824,1,00000124,000f5040,1,00000120,28e2f773,1,0000011c,01296026,1,00000118,000216c3,0,0
2,1325,1,0000012c,25234438,1,00000128,00eb0824,1,00000124,000f5040,1,00000120,28e2f773,1,0000011c,01296026,0,0
2,1326,1,00000130,000749c3,1,0000012c,25234438,1,00000128,00eb0824,1,00000124,000f5040,1,00000120,28e2f773,0,0
2,1327,1,00000134,01e91024,1,00000130,000749c3,1,0000012c,25234438,1,00000128,00eb0824,1,00000124,000f5040,0,0
2,1328,1,00000138,ac0f005c,1,00000134,01e91024,1,00000130,000749c3,1,0000012c,25234438,1,00000128,00eb0824,0,0
2,1329,1,0000013c,8c05005c,1,00000138,ac0f005c,1,00000134,01e91024,1,00000130,000749c3,1,0000012c,25234438,0,0
2,1330,1,00000140,00a51021,1,0000013c,8c05005c,1,00000138,ac0f005c,1,00000134,01e91024,1,00000130,000749c3,0,0
2,1331,1,00000144,000c2d42,1,00000140,00a51021,1,0000013c,8c05005c,1,00000138,ac0f005c,1,00000134,01e91024,1,1
2,1332,1,00000144,000c2d42,1,00000140,00a51021,0,0000013c,8c05005c,1,0000013c,8c05005c,1,00000138,ac0f005c,1,0
2,1333,1,00000144,000c2d42,1,00000140,00a51021,0,0000013c,8c05005c,1,0000013c,8c05005c,0,00000138,ac0f005c,1,0
2,1334,1,00000144,000c2d42,1,00000140,00a51021,0,0000013c,8c05005c,1,0000013c,8c05005c,0,00000138,ac0f005c,1,0
2,1335,1,00000144,000c2d42,1,00000140,00a51021,0,0000013c,8c05005c,1,0000013c,8c05005c,0,00000138,ac0f005c,1,0
2,1336,1,00000144,000c2d42,1,00000140,00a51021,0,0000013c,8c05005c,1,0000013c,8c05005c,0,00000138,ac0f005c,1,0
2,1337,1,00000144,000c2d42,1,00000140,00a51021,0,0000013c,8c05005c,1,0000013c,8c05005c,0,00000138,ac0f005c,1,0
2,1338,1,00000144,000c2d42,1,00000140,00a51021,0,0000013c,8c05005c,1,0000013c,8c05005c,0,00000138,ac0f005c,1,0
2,1339,1,00000144,000c2d42,1,00000140,00a51021,0,0000013c,8c05005c,1,0000013c,8c05005c,0,00000138,ac0f005c,1,0
2,1340,1,00000144,000c2d42,1,00000140,00a51021,0,0000013c,8c05005c,1,0000013c,8c05005c,0,00000138,ac0f005c,1,0
2,1341,1,00000144,000c2d42,1,00000140,00a51021,0,0000013c,8c05005c,1,0000013c,8c05005c,0,00000138,ac0f005c,1,0
2,1342,1,00000144,000c2d42,1,00000140,00a51021,0,0000013c,8c05005c,1,0000013c,8c05005c,0,00000138,ac0f005c,1,0
2,1343,1,00000144,000c2d42,1,00000140,00a51021,0,0000013c,8c05005c,1,0000013c,8c05005c,0,00000138,ac0f005c,1,0
2,1344,1,00000144,000c2d42,1,00000140,00a51021,0,0000013c,8c05005c,1,0000013c,8c05005c,0,00000138,ac0f005c,1,1
2,1345,1,00000148,01671821,1,00000144,000c2d42,1,00000140,00a51021,0,0000013c,8c05005c,1,0000013c,8c05005c,0,0
2,1346,1,0000014c,25a16b68,1,00000148,01671821,1,00000144,000c2d42,1,00000140,00a51021,0,0000013c,8c05005c,0,0
2,1347,1,00000150,00080e80,1,0000014c,25a16b68,1,00000148,01671821,1,00000144,000c2d42,1,00000140,00a51021,0,0
2,1348,1,00000154,00af3825,1,00000150,00080e80,1,0000014c,25a16b68,1,00000148,01671821,1,00000144,000c2d42,0,0
2,1349,1,00000158,2c65d6a1,1,00000154,00af3825,1,00000150,00080e80,1,0000014c,25a16b68,1,00000148,01671821,0,0
2,1350,1,0000015c,00055200,1,00000158,2c65d6a1,1,00000154,00af3825,1,00000150,00080e80,1,0000014c,25a16b68,0,0
2,1351,1,00000160,00c34826,1,0000015c,00055200,1,00000158,2c65d6a1,1,00000154,00af3825,1,00000150,00080e80,0,0
2,1352,1,00000164,2966b113,1,00000160,00c34826,1,0000015c,00055200,1,00000158,2c65d6a1,1,00000154,00af3825,0,0
2,1353,1,00000168,00047800,1,00000164,2966b113,1,00000160,00c34826,1,0000015c,00055200,1,00000158,2c65d6a1,0,0
2,1354,1,0000016c,ac050008,1,00000168,00047800,1,00000164,2966b113,1,00000160,00c34826,1,0000015c,00055200,0,0
2,1355,1,00000170,8c0e0008,1,0000016c,ac050008,1,00000168,00047800,1,00000164,2966b113,1,00000160,00c34826,0,0
2,1356,1,00000174,01ce5021,1,00000170,8c0e0008,1,0000016c,ac050008,1,00000168,00047800,1,00000164,2966b113,0,0
2,1357,1,00000178,2863043e,1,00000174,01ce5021,1,00000170,8c0e0008,1,0000016c,ac050008,1,00000168,00047800,1,1
2,1358,1,00000178,2863043e,1,00000174,01ce5021,0,00000170,8c0e0008,1,00000170,8c0e0008,1,0000016c,ac050008,1,0
2,1359,1,00000178,2863043e,1,00000174,01ce5021,0,00000170,8c0e0008,1,00000170,8c0e0008,0,0000016c,ac050008,1,0
2,1360,1,00000178,2863043e,1,00000174,01ce5021,0,00000170,8c0e0008,1,00000170,8c0e0008,0,0000016c,ac050008,1,0
2,1361,1,00000178,2863043e,1,00000174,01ce5021,0,00000170,8c0e0008,1,00000170,8c0e0008,0,0000016c,ac050008,1,0
2,1362,1,00000178,2863043e,1,00000174,01ce5021,0,00000170,8c0e0008,1,00000170,8c0e0008,0,0000016c,ac050008,1,0
2,1363,1,00000178,2863043e,1,00000174,01ce5021,0,00000170,8c0e0008,1,00000170,8c0e0008,0,0000016c,ac050008,1,0
2,1364,1,00000178,2863043e,1,00000174,01ce5021,0,00000170,8c0e0008,1,00000170,8c0e0008,0,0000016c,ac050008,1,0
2,1365,1,00000178,2863043e,1,00000174,01ce5021,0,00000170,8c0e0008,1,00000170,8c0e0008,0,0000016c,ac050008,1,0
2,1366,1,00000178,2863043e,1,00000174,01ce5021,0,00000170,8c0e0008,1,00000170,8c0e0008,0,0000016c,ac050008,1,0
2,1367,1,00000178,2863043e,1,00000174,01ce5021,0,00000170,8c0e0008,1,00000170,8c0e0008,0,0000016c,ac050008,1,0
2,1368,1,00000178,2863043e,1,00000174,01ce5021,0,00000170,8c0e0008,1,00000170,8c0e0008,0,0000016c,ac050008,1,0
2,1369,1,00000178,2863043e,1,00000174,01ce5021,0,00000170,8c0e0008,1,00000170,8c0e0008,0,0000016c,ac050008,1,0
2,1370,1,00000178,2863043e,1,00000174,01ce5021,0,00000170,8c0e0008,1,00000170,8c0e0008,0,0000016c,ac050008,1,1
2,1371,1,0000017c,00086140,1,00000178,2863043e,1,00000174,01ce5021,0,00000170,8c0e0008,1,00000170,8c0e0008,0,0
2,1372,1,00000180,01e94021,1,0000017c,00086140,1,00000178,2863043e,1,00000174,01ce5021,0,00000170,8c0e0008,0,0
2,1373,1,00000184,2d059841,1,00000180,01e94021,1,0000017c,00086140,1,00000178,2863043e,1,00000174,01ce5021,0,0
2,1374,1,00000188,00021a00,1,00000184,2d059841,1,00000180,01e94021,1,0000017c,00086140,1,00000178,2863043e,0,0
2,1375,1,0000018c,00246823,1,00000188,00021a00,1,00000184,2d059841,1,00000180,01e94021,1,0000017c,00086140,0,0
2,1376,1,00000190,3083d98a,1,0000018c,00246823,1,00000188,00021a00,1,00000184,2d059841,1,00000180,01e94021,0,0
2,1377,1,00000194,00032602,1,00000190,3083d98a,1,0000018c,00246823,1,00000188,00021a00,1,00000184,2d059841,0,0
2,1378,1,00000198,010b2023,1,00000194,00032602,1,00000190,3083d98a,1,0000018c,00246823,1,00000188,00021a00,0,0
2,1379,1,0000019c,35860a19,1,00000198,010b2023,1,00000194,00032602,1,00000190,3083d98a,1,0000018c,00246823,0,0
2,1380,1,000001a0,ac040034,1,0000019c,35860a19,1,00000198,010b2023,1,00000194,00032602,1,00000190,3083d98a,0,0
2,1381,1,000001a4,8c0e0034,1,000001a0,ac040034,1,0000019c,35860a19,1,00000198,010b2023,1,00000194,00032602,0,0
2,1382,1,000001a8,01ce2821,1,000001a4,8c0e0034,1,000001a0,ac040034,1,0000019c,35860a19,1,00000198,010b2023,0,0
2,1383,1,000001ac,010b702a,1,000001a8,01ce2821,1,000001a4,8c0e0034,1,000001a0,ac040034,1,0000019c,35860a19,1,1
2,1384,1,000001ac,010b702a,1,000001a8,01ce2821,0,000001a4,8c0e0034,1,000001a4,8c0e0034,1,000001a0,ac040034,1,0
2,1385,1,000001ac,010b702a,1,000001a8,01ce2821,0,000001a4,8c0e0034,1,000001a4,8c0e0034,0,000001a0,ac040034,1,0
2,1386,1,000001ac,010b702a,1,000001a8,01ce2821,0,000001a4,8c0e0034,1,000001a4,8c0e0034,0,000001a0,ac040034,1,0
2,1387,1,000001ac,010b702a,1,000001a8,01ce2821,0,000001a4,8c0e0034,1,000001a4,8c0e0034,0,000001a0,ac040034,1,0
2,1388,1,000001ac,010b702a,1,000001a8,01ce2821,0,000001a4,8c0e0034,1,000001a4,8c0e0034,0,000001a0,ac040034,1,0
2,1389,1,000001ac,010b702a,1,000001a8,01ce2821,0,000001a4,8c0e0034,1,000001a4,8c0e0034,0,000001a0,ac040034,1,0
2,1390,1,000001ac,010b702a,1,000001a8,01ce2821,0,000001a4,8c0e0034,1,000001a4,8c0e0034,0,000001a0,ac040034,1,0
2,1391,1,000001ac,010b702a,1,000001a8,01ce2821,0,000001a4,8c0e0034,1,000001a4,8c0e0034,0,000001a0,ac040034,1,0
2,1392,1,000001ac,010b702a,1,000001a8,01ce2821,0,000001a4,8c0e0034,1,000001a4,8c0e0034,0,000001a0,ac040034,1,0
2,1393,1,000001ac,010b702a,1,000001a8,01ce2821,0,000001a4,8c0e0034,1,000001a4,8c0e0034,0,000001a0,ac040034,1,0
2,1394,1,000001ac,010b702a,1,000001a8,01ce2821,0,000001a4,8c0e0034,1,000001a4,8c0e0034,0,000001a0,ac040034,1,0
2,1395,1,000001ac,010b702a,1,000001a8,01ce2821,0,000001a4,8c0e0034,1,000001a4,8c0e0034,0,000001a0,ac040034,1,0
2,1396,1,000001ac,010b702a,1,000001a8,01ce2821,0,000001a4,8c0e0034,1,000001a4,8c0e0034,0,000001a0,ac040034,1,1
2,1397,1,000001b0,2c4a662f,1,000001ac,010b702a,1,000001a8,01ce2821,0,000001a4,8c0e0034,1,000001a4,8c0e0034,0,0
2,1398,1,000001b4,000536c0,1,000001b0,2c4a662f,1,000001ac,010b702a,1,000001a8,01ce2821,0,000001a4,8c0e0034,0,0
2,1399,1,000001b8,01ab682a,1,000001b4,000536c0,1,000001b0,2c4a662f,1,000001ac,010b702a,1,000001a8,01ce2821,0,0
2,1400,1,000001bc,308d1e92,1,000001b8,01ab682a,1,000001b4,000536c0,1,000001b0,2c4a662f,1,000001ac,010b702a,0,0
2,1401,1,000001c0,00093c03,1,000001bc,308d1e92,1,000001b8,01ab682a,1,000001b4,000536c0,1,000001b0,2c4a662f,0,0
2,1402,1,000001c4,00e7202b,1,000001c0,00093c03,1,000001bc,308d1e92,1,000001b8,01ab682a,1,000001b4,000536c0,0,0
2,1403,1,000001c8,3583c9f6,1,000001c4,00e7202b,1,000001c0,00093c03,1,000001bc,308d1e92,1,000001b8,01ab682a,0,0
2,1404,1,000001cc,000a2943,1,000001c8,3583c9f6,1,000001c4,00e7202b,1,000001c0,00093c03,1,000001bc,308d1e92,0,0
2,1405,1,000001d0,01e76825,1,000001cc,000a2943,1,000001c8,3583c9f6,1,000001c4,00e7202b,1,000001c0,00093c03,0,0
2,1406,1,000001d4,ac010060,1,000001d0,01e76825,1,000001cc,000a2943,1,000001c8,3583c9f6,1,000001c4,00e7202b,0,0
2,1407,1,000001d8,8c050060,1,000001d4,ac010060,1,000001d0,01e76825,1,000001cc,000a2943,1,000001c8,3583c9f6,0,0
2,1408,1,000001dc,00a51021,1,000001d8,8c050060,1,000001d4,ac010060,1,000001d0,01e76825,1,000001cc,000a2943,0,0
2,1409,1,000001e0,00086e43,1,000001dc,00a51021,1,000001d8,8c050060,1,000001d4,ac010060,1,000001d0,01e76825,1,1
2,1410,1,000001e0,00086e43,1,000001dc,00a51021,0,000001d8,8c050060,1,000001d8,8c050060,1,000001d4,ac010060,1,0
2,1411,1,000001e0,00086e43,1,000001dc,00a51021,0,000001d8,8c050060,1,000001d8,8c050060,0,000001d4,ac010060,1,0
2,1412,1,000001e0,00086e43,1,000001dc,00a51021,0,000001d8,8c050060,1,000001d8,8c050060,0,000001d4,ac010060,1,0
2,1413,1,000001e0,00086e43,1,000001dc,00a51021,0,000001d8,8c050060,1,000001d8,8c050060,0,000001d4,ac010060,1,0
2,1414,1,000001e0,00086e43,1,000001dc,00a51021,0,000001d8,8c050060,1,000001d8,8c050060,0,000001d4,ac010060,1,0
2,1415,1,000001e0,00086e43,1,000001dc,00a51021,0,000001d8,8c050060,1,000001d8,8c050060,0,000001d4,ac010060,1,0
2,1416,1,000001e0,00086e43,1,000001dc,00a51021,0,000001d8,8c050060,1,000001d8,8c050060,0,000001d4,ac010060,1,0
2,1417,1,000001e0,00086e43,1,000001dc,00a51021,0,000001d8,8c050060,1,000001d8,8c050060,0,000001d4,ac010060,1,0
2,1418,1,000001e0,00086e43,1,000001dc,00a51021,0,000001d8,8c050060,1,000001d8,8c050060,0,000001d4,ac010060,1,0
2,1419,1,000001e0,00086e43,1,000001dc,00a51021,0,000001d8,8c050060,1,000001d8,8c050060,0,000001d4,ac010060,1,0
2,1420,1,000001e0,00086e43,1,000001dc,00a51021,0,000001d8,8c050060,1,000001d8,8c050060,0,000001d4,ac010060,1,0
2,1421,1,000001e0,00086e43,1,000001dc,00a51021,0,000001d8,8c050060,1,000001d8,8c050060,0,000001d4,ac010060,1,0
2,1422,1,000001e0,00086e43,1,000001dc,00a51021,0,000001d8,8c050060,1,000001d8,8c050060,0,000001d4,ac010060,1,1
2,1423,1,000001e4,00ea5827,1,000001e0,00086e43,1,000001dc,00a51021,0,000001d8,8c050060,1,000001d8,8c050060,0,0
2,1424,1,000001e8,2824f332,1,000001e4,00ea5827,1,000001e0,00086e43,1,000001dc,00a51021,0,000001d8,8c050060,0,0
2,1425,1,000001ec,00025f42,1,000001e8,2824f332,1,000001e4,00ea5827,1,000001e0,00086e43,1,000001dc,00a51021,0,0
2,1426,1,000001f0,01866827,1,000001ec,00025f42,1,000001e8,2824f332,1,000001e4,00ea5827,1,000001e0,00086e43,0,0
2,1427,1,000001f4,2da1b4a6,1,000001f0,01866827,1,000001ec,00025f42,1,000001e8,2824f332,1,000001e4,00ea5827,0,0
2,1428,1,000001f8,000f29c3,1,000001f4,2da1b4a6,1,000001f0,01866827,1,000001ec,00025f42,1,000001e8,2824f332,0,0
2,1429,1,000001fc,00462026,1,000001f8,000f29c3,1,000001f4,2da1b4a6,1,000001f0,01866827,1,000001ec,00025f42,0,0
2,1430,1,00000200,256634a6,1,000001fc,00462026,1,000001f8,000f29c3,1,000001f4,2da1b4a6,1,000001f0,01866827,0,0
2,1431,1,00000204,000b6d03,1,00000200,256634a6,1,000001fc,00462026,1,000001f8,000f29c3,1,000001f4,2da1b4a6,0,0
2,1432,1,00000208,ac0c000c,1,00000204,000b6d03,1,00000200,256634a6,1,000001fc,00462026,1,000001f8,000f29c3,0,0
2,1433,1,0000020c,8c02000c,1,00000208,ac0c000c,1,00000204,000b6d03,1,00000200,256634a6,1,000001fc,00462026,0,0
2,1434,1,00000210,00423821,1,0000020c,8c02000c,1,00000208,ac0c000c,1,00000204,000b6d03,1,00000200,256634a6,0,0
2,1435,1,00000214,39aaa23d,1,00000210,00423821,1,0000020c,8c02000c,1,00000208,ac0c000c,1,00000204,000b6d03,1,1
2,1436,1,00000214,39aaa23d,1,00000210,00423821,0,0000020c,8c02000c,1,0000020c,8c02000c,1,00000208,ac0c000c,1,0
2,1437,1,00000214,39aaa23d,1,00000210,00423821,0,0000020c,8c02000c,1,0000020c,8c02000c,0,00000208,ac0c000c,1,0
2,1438,1,00000214,39aaa23d,1,00000210,00423821,0,0000020c,8c02000c,1,0000020c,8c02000c,0,00000208,ac0c000c,1,0
2,1439,1,00000214,39aaa23d,1,00000210,00423821,0,0000020c,8c02000c,1,0000020c,8c02000c,0,00000208,ac0c000c,1,0
2,1440,1,00000214,39aaa23d,1,00000210,00423821,0,0000020c,8c02000c,1,0000020c,8c02000c,0,00000208,ac0c000c,1,0
2,1441,1,00000214,39aaa23d,1,00000210,00423821,0,0000020c,8c02000c,1,0000020c,8c02000c,0,00000208,ac0c000c,1,0
2,1442,1,00000214,39aaa23d,1,00000210,00423821,0,0000020c,8c02000c,1,0000020c,8c02000c,0,00000208,ac0c000c,1,0
2,1443,1,00000214,39aaa23d,1,00000210,00423821,0,0000020c,8c02000c,1,0000020c,8c02000c,0,00000208,ac0c000c,1,0
2,1444,1,00000214,39aaa23d,1,00000210,00423821,0,0000020c,8c02000c,1,0000020c,8c02000c,0,00000208,ac0c000c,1,0
2,1445,1,00000214,39aaa23d,1,00000210,00423821,0,0000020c,8c02000c,1,0000020c,8c02000c,0,00000208,ac0c000c,1,0
2,1446,1,00000214,39aaa23d,1,00000210,00423821,0,0000020c,8c02000c,1,0000020c,8c02000c,0,00000208,ac0c000c,1,0
2,1447,1,00000214,39aaa23d,1,00000210,00423821,0,0000020c,8c02000c,1,0000020c,8c02000c,0,00000208,ac0c000c,1,0
2,1448,1,00000214,39aaa23d,1,00000210,00423821,0,0000020c,8c02000c,1,0000020c,8c02000c,0,00000208,ac0c000c,1,1
2,1449,1,00000218,00076a83,1,00000214,39aaa23d,1,00000210,00423821,0,0000020c,8c02000c,1,0000020c,8c02000c,0,0
2,1450,1,0000021c,014d6024,1,00000218,00076a83,1,00000214,39aaa23d,1,00000210,00423821,0,0000020c,8c02000c,0,0
2,1451,1,00000220,34a42706,1,0000021c,014d6024,1,00000218,00076a83,1,00000214,39aaa23d,1,00000210,00423821,0,0
2,1452,1,00000224,000d7543,1,00000220,34a42706,1,0000021c,014d6024,1,00000218,00076a83,1,00000214,39aaa23d,0,0
2,1453,1,00000228,00286025,1,00000224,000d7543,1,00000220,34a42706,1,0000021c,014d6024,1,00000218,00076a83,0,0
2,1454,1,0000022c,38c6bea0,1,00000228,00286025,1,00000224,000d7543,1,00000220,34a42706,1,0000021c,014d6024,0,0
2,1455,1,00000230,000a1182,1,0000022c,38c6bea0,1,00000228,00286025,1,00000224,000d7543,1,00000220,34a42706,0,0
2,1456,1,00000234,006d6825,1,00000230,000a1182,1,0000022c,38c6bea0,1,00000228,00286025,1,00000224,000d7543,0,0
2,1457,1,00000238,2d0abbf2,1,00000234,006d6825,1,00000230,000a1182,1,0000022c,38c6bea0,1,00000228,00286025,0,0
2,1458,1,0000023c,ac060038,1,00000238,2d0abbf2,1,00000234,006d6825,1,00000230,000a1182,1,0000022c,38c6bea0,0,0
2,1459,1,00000240,8c090038,1,0000023c,ac060038,1,00000238,2d0abbf2,1,00000234,006d6825,1,00000230,000a1182,0,0
2,1460,1,00000244,01296821,1,00000240,8c090038,1,0000023c,ac060038,1,00000238,2d0abbf2,1,00000234,006d6825,0,0
2,1461,1,00000248,0182782a,1,00000244,01296821,1,00000240,8c090038,1,0000023c,ac060038,1,00000238,2d0abbf2,1,1
2,1462,1,00000248,0182782a,1,00000244,01296821,0,00000240,8c090038,1,00000240,8c090038,1,0000023c,ac060038,1,0
2,1463,1,00000248,0182782a,1,00000244,01296821,0,00000240,8c090038,1,00000240,8c090038,0,0000023c,ac060038,1,0
2,1464,1,00000248,0182782a,1,00000244,01296821,0,00000240,8c090038,1,00000240,8c090038,0,0000023c,ac060038,1,0
2,1465,1,00000248,0182782a,1,00000244,01296821,0,00000240,8c090038,1,00000240,8c090038,0,0000023c,ac060038,1,0
2,1466,1,00000248,0182782a,1,00000244,01296821,0,00000240,8c090038,1,00000240,8c090038,0,0000023c,ac060038,1,0
2,1467,1,00000248,0182782a,1,00000244,01296821,0,00000240,8c090038,1,00000240,8c090038,0,0000023c,ac060038,1,0
2,1468,1,00000248,0182782a,1,00000244,01296821,0,00000240,8c090038,1,00000240,8c090038,0,0000023c,ac060038,1,0
2,1469,1,00000248,0182782a,1,00000244,01296821,0,00000240,8c090038,1,00000240,8c090038,0,0000023c,ac060038,1,0
2,1470,1,00000248,0182782a,1,00000244,01296821,0,00000240,8c090038,1,00000240,8c090038,0,0000023c,ac060038,1,0
2,1471,1,00000248,0182782a,1,00000244,01296821,0,00000240,8c090038,1,00000240,8c090038,0,0000023c,ac060038,1,0
2,1472,1,00000248,0182782a,1,00000244,01296821,0,00000240,8c090038,1,00000240,8c090038,0,0000023c,ac060038,1,0
2,1473,1,00000248,0182782a,1,00000244,01296821,0,00000240,8c090038,1,00000240,8c090038,0,0000023c,ac060038,1,0
2,1474,1,00000248,0182782a,1,00000244,01296821,0,00000240,8c090038,1,00000240,8c090038,0,0000023c,ac060038,1,1
2,1475,1,0000024c,24c4d763,1,00000248,0182782a,1,00000244,01296821,0,00000240,8c090038,1,00000240,8c090038,0,0
2,1476,1,00000250,00016b02,1,0000024c,24c4d763,1,00000248,0182782a,1,00000244,01296821,0,00000240,8c090038,0,0
2,1477,1,00000254,00e26023,1,00000250,00016b02,1,0000024c,24c4d763,1,00000248,0182782a,1,00000244,01296821,0,0
2,1478,1,00000258,24695bfe,1,00000254,00e26023,1,00000250,00016b02,1,0000024c,24c4d763,1,00000248,0182782a,0,0
2,1479,1,0000025c,00033ec3,1,00000258,24695bfe,1,00000254,00e26023,1,00000250,00016b02,1,0000024c,24c4d763,0,0
2,1480,1,00000260,00e37821,1,0000025c,00033ec3,1,00000258,24695bfe,1,00000254,00e26023,1,00000250,00016b02,0,0
2,1481,1,00000264,2da8fafb,1,00000260,00e37821,1,0000025c,00033ec3,1,00000258,24695bfe,1,00000254,00e26023,0,0
2,1482,1,00000268,00015bc3,1,00000264,2da8fafb,1,00000260,00e37821,1,0000025c,00033ec3,1,00000258,24695bfe,0,0
2,1483,1,0000026c,00862825,1,00000268,00015bc3,1,00000264,2da8fafb,1,00000260,00e37821,1,0000025c,00033ec3,0,0
2,1484,1,00000270,ac030064,1,0000026c,00862825,1,00000268,00015bc3,1,00000264,2da8fafb,1,00000260,00e37821,0,0
2,1485,1,00000274,8c0c0064,1,00000270,ac030064,1,0000026c,00862825,1,00000268,00015bc3,1,00000264,2da8fafb,0,0
2,1486,1,00000278,018c7821,1,00000274,8c0c0064,1,00000270,ac030064,1,0000026c,00862825,1,00000268,00015bc3,0,0
2,1487,1,0000027c,000e65c0,1,00000278,018c7821,1,00000274,8c0c0064,1,00000270,ac030064,1,0000026c,00862825,1,1
2,1488,1,0000027c,000e65c0,1,00000278,018c7821,0,00000274,8c0c0064,1,00000274,8c0c0064,1,00000270,ac030064,1,0
2,1489,1,0000027c,000e65c0,1,00000278,018c7821,0,00000274,8c0c0064,1,00000274,8c0c0064,0,00000270,ac030064,1,0
2,1490,1,0000027c,000e65c0,1,00000278,018c7821,0,00000274,8c0c0064,1,00000274,8c0c0064,0,00000270,ac030064,1,0
2,1491,1,0000027c,000e65c0,1,00000278,018c7821,0,00000274,8c0c0064,1,00000274,8c0c0064,0,00000270,ac030064,1,0
2,1492,1,0000027c,000e65c0,1,00000278,018c7821,0,00000274,8c0c0064,1,00000274,8c0c0064,0,00000270,ac030064,1,0
2,1493,1,0000027c,000e65c0,1,00000278,018c7821,0,00000274,8c0c0064,1,00000274,8c0c0064,0,00000270,ac030064,1,0
2,1494,1,0000027c,000e65c0,1,00000278,018c7821,0,00000274,8c0c0064,1,00000274,8c0c0064,0,00000270,ac030064,1,0
2,1495,1,0000027c,000e65c0,1,00000278,018c7821,0,00000274,8c0c0064,1,00000274,8c0c0064,0,00000270,ac030064,1,0
2,1496,1,0000027c,000e65c0,1,00000278,018c7821,0,00000274,8c0c0064,1,00000274,8c0c0064,0,00000270,ac030064,1,0
2,1497,1,0000027c,000e65c0,1,00000278,018c7821,0,00000274,8c0c0064,1,00000274,8c0c0064,0,00000270,ac030064,1,0
2,1498,1,0000027c,000e65c0,1,00000278,018c7821,0,00000274,8c0c0064,1,00000274,8c0c0064,0,00000270,ac030064,1,0
2,1499,1,0000027c,000e65c0,1,00000278,018c7821,0,00000274,8c0c0064,1,00000274,8c0c0064,0,00000270,ac030064,1,0
2,1500,1,0000027c,000e65c0,1,00000278,018c7821,0,00000274,8c0c0064,1,00000274,8c0c0064,0,00000270,ac030064,1,1
2,1501,1,00000280,01a42025,1,0000027c,000e65c0,1,00000278,018c7821,0,00000274,8c0c0064,1,00000274,8c0c0064,0,0
2,1502,1,00000284,30e8c142,1,00000280,01a42025,1,0000027c,000e65c0,1,00000278,018c7821,0,00000274,8c0c0064,0,0
2,1503,1,00000288,000c1b83,1,00000284,30e8c142,1,00000280,01a42025,1,0000027c,000e65c0,1,00000278,018c7821,0,0
2,1504,1,0000028c,0183582a,1,00000288,000c1b83,1,00000284,30e8c142,1,00000280,01a42025,1,0000027c,000e65c0,0,0
2,1505,1,00000290,3109daef,1,0000028c,0183582a,1,00000288,000c1b83,1,00000284,30e8c142,1,00000280,01a42025,0,0
2,1506,1,00000294,00010903,1,00000290,3109daef,1,0000028c,0183582a,1,00000288,000c1b83,1,00000284,30e8c142,0,0
2,1507,1,00000298,00ed4826,1,00000294,00010903,1,00000290,3109daef,1,0000028c,0183582a,1,00000288,000c1b83,0,0
2,1508,1,0000029c,38eee9f9,1,00000298,00ed4826,1,00000294,00010903,1,00000290,3109daef,1,0000028c,0183582a,0,0
2,1509,1,000002a0,00073c43,1,0000029c,38eee9f9,1,00000298,00ed4826,1,00000294,00010903,1,00000290,3109daef,0,0
2,1510,1,000002a4,ac020010,1,000002a0,00073c43,1,0000029c,38eee9f9,1,00000298,00ed4826,1,00000294,00010903,0,0
2,1511,1,000002a8,8c060010,1,000002a4,ac020010,1,000002a0,00073c43,1,0000029c,38eee9f9,1,00000298,00ed4826,0,0
2,1512,1,000002ac,00c62821,1,000002a8,8c060010,1,000002a4,ac020010,1,000002a0,00073c43,1,0000029c,38eee9f9,0,0
2,1513,1,000002b0,246436f1,1,000002ac,00c62821,1,000002a8,8c060010,1,000002a4,ac020010,1,000002a0,00073c43,1,1
2,1514,1,000002b0,246436f1,1,000002ac,00c62821,0,000002a8,8c060010,1,000002a8,8c060010,1,000002a4,ac020010,1,0
2,1515,1,000002b0,246436f1,1,000002ac,00c62821,0,000002a8,8c060010,1,000002a8,8c060010,0,000002a4,ac020010,1,0
2,1516,1,000002b0,246436f1,1,000002ac,00c62821,0,000002a8,8c060010,1,000002a8,8c060010,0,000002a4,ac020010,1,0
2,1517,1,000002b0,246436f1,1,000002ac,00c62821,0,000002a8,8c060010,1,000002a8,8c060010,0,000002a4,ac020010,1,0
2,1518,1,000002b0,246436f1,1,000002ac,00c62821,0,000002a8,8c060010,1,000002a8,8c060010,0,000002a4,ac020010,1,0
2,1519,1,000002b0,246436f1,1,000002ac,00c62821,0,000002a8,8c060010,1,000002a8,8c060010,0,000002a4,ac020010,1,0
2,1520,1,000002b0,246436f1,1,000002ac,00c62821,0,000002a8,8c060010,1,000002a8,8c060010,0,000002a4,ac020010,1,0
2,1521,1,000002b0,246436f1,1,000002ac,00c62821,0,000002a8,8c060010,1,000002a8,8c060010,0,000002a4,ac020010,1,0
2,1522,1,000002b0,246436f1,1,000002ac,00c62821,0,000002a8,8c060010,1,000002a8,8c060010,0,000002a4,ac020010,1,0
2,1523,1,000002b0,246436f1,1,000002ac,00c62821,0,000002a8,8c060010,1,000002a8,8c060010,0,000002a4,ac020010,1,0
2,1524,1,000002b0,246436f1,1,000002ac,00c62821,0,000002a8,8c060010,1,000002a8,8c060010,0,000002a4,ac020010,1,0
2,1525,1,000002b0,246436f1,1,000002ac,00c62821,0,000002a8,8c060010,1,000002a8,8c060010,0,000002a4,ac020010,1,0
2,1526,1,000002b0,246436f1,1,000002ac,00c62821,0,000002a8,8c060010,1,000002a8,8c060010,0,000002a4,ac020010,1,1
2,1527,1,000002b4,00074f83,1,000002b0,246436f1,1,000002ac,00c62821,0,000002a8,8c060010,1,000002a8,8c060010,0,0
2,1528,1,000002b8,01e12824,1,000002b4,00074f83,1,000002b0,246436f1,1,000002ac,00c62821,0,000002a8,8c060010,0,0
2,1529,1,000002bc,2d072d0b,1,000002b8,01e12824,1,000002b4,00074f83,1,000002b0,246436f1,1,000002ac,00c62821,0,0
2,1530,1,000002c0,00074502,1,000002bc,2d072d0b,1,000002b8,01e12824,1,000002b4,00074f83,1,000002b0,246436f1,0,0
2,1531,1,000002c4,01246027,1,000002c0,00074502,1,000002bc,2d072d0b,1,000002b8,01e12824,1,000002b4,00074f83,0,0
2,1532,1,000002c8,30a79c61,1,000002c4,01246027,1,000002c0,00074502,1,000002bc,2d072d0b,1,000002b8,01e12824,0,0
2,1533,1,000002cc,00012a03,1,000002c8,30a79c61,1,000002c4,01246027,1,000002c0,00074502,1,000002bc,2d072d0b,0,0
2,1534,1,000002d0,01ea4825,1,000002cc,00012a03,1,000002c8,30a79c61,1,000002c4,01246027,1,000002c0,00074502,0,0
2,1535,1,000002d4,31a2803a,1,000002d0,01ea4825,1,000002cc,00012a03,1,000002c8,30a79c61,1,000002c4,01246027,0,0
2,1536,1,000002d8,ac07003c,1,000002d4,31a2803a,1,000002d0,01ea4825,1,000002cc,00012a03,1,000002c8,30a79c61,0,0
2,1537,1,000002dc,8c05003c,1,000002d8,ac07003c,1,000002d4,31a2803a,1,000002d0,01ea4825,1,000002cc,00012a03,0,0
2,1538,1,000002e0,00a57021,1,000002dc,8c05003c,1,000002d8,ac07003c,1,000002d4,31a2803a,1,000002d0,01ea4825,0,0
2,1539,1,000002e4,01c3602b,1,000002e0,00a57021,1,000002dc,8c05003c,1,000002d8,ac07003c,1,000002d4,31a2803a,1,1
2,1540,1,000002e4,01c3602b,1,000002e0,00a57021,0,000002dc,8c05003c,1,000002dc,8c05003c,1,000002d8,ac07003c,1,0
2,1541,1,000002e4,01c3602b,1,000002e0,00a57021,0,000002dc,8c05003c,1,000002dc,8c05003c,0,000002d8,ac07003c,1,0
2,1542,1,000002e4,01c3602b,1,000002e0,00a57021,0,000002dc,8c05003c,1,000002dc,8c05003c,0,000002d8,ac07003c,1,0
2,1543,1,000002e4,01c3602b,1,000002e0,00a57021,0,000002dc,8c05003c,1,000002dc,8c05003c,0,000002d8,ac07003c,1,0
2,1544,1,000002e4,01c3602b,1,000002e0,00a57021,0,000002dc,8c05003c,1,000002dc,8c05003c,0,000002d8,ac07003c,1,0
2,1545,1,000002e4,01c3602b,1,000002e0,00a57021,0,000002dc,8c05003c,1,000002dc,8c05003c,0,000002d8,ac07003c,1,0
2,1546,1,000002e4,01c3602b,1,000002e0,00a57021,0,000002dc,8c05003c,1,000002dc,8c05003c,0,000002d8,ac07003c,1,0
2,1547,1,000002e4,01c3602b,1,000002e0,00a57021,0,000002dc,8c05003c,1,000002dc,8c05003c,0,000002d8,ac07003c,1,0
2,1548,1,000002e4,01c3602b,1,000002e0,00a57021,0,000002dc,8c05003c,1,000002dc,8c05003c,0,000002d8,ac07003c,1,0
2,1549,1,000002e4,01c3602b,1,000002e0,00a57021,0,000002dc,8c05003c,1,000002dc,8c05003c,0,000002d8,ac07003c,1,0
2,1550,1,000002e4,01c3602b,1,000002e0,00a57021,0,000002dc,8c05003c,1,000002dc,8c05003c,0,000002d8,ac07003c,1,0
2,1551,1,000002e4,01c3602b,1,000002e0,00a57021,0,000002dc,8c05003c,1,000002dc,8c05003c,0,000002d8,ac07003c,1,0
2,1552,1,000002e4,01c3602b,1,000002e0,00a57021,0,000002dc,8c05003c,1,000002dc,8c05003c,0,000002d8,ac07003c,1,1
2,1553,1,000002e8,2903de25,1,000002e4,01c3602b,1,000002e0,00a57021,0,000002dc,8c05003c,1,000002dc,8c05003c,0,0
2,1554,1,000002ec,00052443,1,000002e8,2903de25,1,000002e4,01c3602b,1,000002e0,00a57021,0,000002dc,8c05003c,0,0
2,1555,1,000002f0,01243821,1,000002ec,00052443,1,000002e8,2903de25,1,000002e4,01c3602b,1,000002e0,00a57021,0,0
2,1556,1,000002f4,34a4395d,1,000002f0,01243821,1,000002ec,00052443,1,000002e8,2903de25,1,000002e4,01c3602b,0,0
2,1557,1,000002f8,00032b00,1,000002f4,34a4395d,1,000002f0,01243821,1,000002ec,00052443,1,000002e8,2903de25,0,0
2,1558,1,000002fc,01ab302a,1,000002f8,00032b00,1,000002f4,34a4395d,1,000002f0,01243821,1,000002ec,00052443,0,0
2,1559,1,00000300,244ea70a,1,000002fc,01ab302a,1,000002f8,00032b00,1,000002f4,34a4395d,1,000002f0,01243821,0,0
2,1560,1,00000304,000758c0,1,00000300,244ea70a,1,000002fc,01ab302a,1,000002f8,00032b00,1,000002f4,34a4395d,0,0
2,1561,1,00000308,01cf2821,1,00000304,000758c0,1,00000300,244ea70a,1,000002fc,01ab302a,1,000002f8,00032b00,0,0
2,1562,1,0000030c,ac0f0068,1,00000308,01cf2821,1,00000304,000758c0,1,00000300,244ea70a,1,000002fc,01ab302a,0,0
2,1563,1,00000310,8c0c0068,1,0000030c,ac0f0068,1,00000308,01cf2821,1,00000304,000758c0,1,00000300,244ea70a,0,0
2,1564,1,00000314,018c0821,1,00000310,8c0c0068,1,0000030c,ac0f0068,1,00000308,01cf2821,1,00000304,000758c0,0,0
2,1565,1,00000318,00073602,1,00000314,018c0821,1,00000310,8c0c0068,1,0000030c,ac0f0068,1,00000308,01cf2821,1,1
2,1566,1,00000318,00073602,1,00000314,018c0821,0,00000310,8c0c0068,1,00000310,8c0c0068,1,0000030c,ac0f0068,1,0
2,1567,1,00000318,00073602,1,00000314,018c0821,0,00000310,8c0c0068,1,00000310,8c0c0068,0,0000030c,ac0f0068,1,0
2,1568,1,00000318,00073602,1,00000314,018c0821,0,00000310,8c0c0068,1,00000310,8c0c0068,0,0000030c,ac0f0068,1,0
2,1569,1,00000318,00073602,1,00000314,018c0821,0,00000310,8c0c0068,1,00000310,8c0c0068,0,0000030c,ac0f0068,1,0
2,1570,1,00000318,00073602,1,00000314,018c0821,0,00000310,8c0c0068,1,00000310,8c0c0068,0,0000030c,ac0f0068,1,0
2,1571,1,00000318,00073602,1,00000314,018c0821,0,00000310,8c0c0068,1,00000310,8c0c0068,0,0000030c,ac0f0068,1,0
2,1572,1,00000318,00073602,1,00000314,018c0821,0,00000310,8c0c0068,1,00000310,8c0c0068,0,0000030c,ac0f0068,1,0
2,1573,1,00000318,00073602,1,00000314,018c0821,0,00000310,8c0c0068,1,00000310,8c0c0068,0,0000030c,ac0f0068,1,0
2,1574,1,00000318,00073602,1,00000314,018c0821,0,00000310,8c0c0068,1,00000310,8c0c0068,0,0000030c,ac0f0068,1,0
2,1575,1,00000318,00073602,1,00000314,018c0821,0,00000310,8c0c0068,1,00000310,8c0c0068,0,0000030c,ac0f0068,1,0
2,1576,1,00000318,00073602,1,00000314,018c0821,0,00000310,8c0c0068,1,00000310,8c0c0068,0,0000030c,ac0f0068,1,0
2,1577,1,00000318,00073602,1,00000314,018c0821,0,00000310,8c0c0068,1,00000310,8c0c0068,0,0000030c,ac0f0068,1,0
2,1578,1,00000318,00073602,1,00000314,018c0821,0,00000310,8c0c0068,1,00000310,8c0c0068,0,0000030c,ac0f0068,1,1
2,1579,1,0000031c,01e24826,1,00000318,00073602,1,00000314,018c0821,0,00000310,8c0c0068,1,00000310,8c0c0068,0,0
2,1580,1,00000320,2cc9c309,1,0000031c,01e24826,1,00000318,00073602,1,00000314,018c0821,0,00000310,8c0c0068,0,0
2,1581,1,00000324,00073642,1,00000320,2cc9c309,1,0000031c,01e24826,1,00000318,00073602,1,00000314,018c0821,0,0
2,1582,1,00000328,0146782b,1,00000324,00073642,1,00000320,2cc9c309,1,0000031c,01e24826,1,00000318,00073602,0,0
2,1583,1,0000032c,2c45959f,1,00000328,0146782b,1,00000324,00073642,1,00000320,2cc9c309,1,0000031c,01e24826,0,0
2,1584,1,00000330,000c2fc3,1,0000032c,2c45959f,1,00000328,0146782b,1,00000324,00073642,1,00000320,2cc9c309,0,0
2,1585,1,00000334,01e51827,1,00000330,000c2fc3,1,0000032c,2c45959f,1,00000328,0146782b,1,00000324,00073642,0,0
2,1586,1,00000338,2da73363,1,00000334,01e51827,1,00000330,000c2fc3,1,0000032c,2c45959f,1,00000328,0146782b,0,0
2,1587,1,0000033c,000b2643,1,00000338,2da73363,1,00000334,01e51827,1,00000330,000c2fc3,1,0000032c,2c45959f,0,0
2,1588,1,00000340,ac010014,1,0000033c,000b2643,1,00000338,2da73363,1,00000334,01e51827,1,00000330,000c2fc3,0,0
2,1589,1,00000344,8c0b0014,1,00000340,ac010014,1,0000033c,000b2643,1,00000338,2da73363,1,00000334,01e51827,0,0
2,1590,1,00000348,016b1821,1,00000344,8c0b0014,1,00000340,ac010014,1,0000033c,000b2643,1,00000338,2da73363,0,0
2,1591,1,0000034c,25a18c9d,1,00000348,016b1821,1,00000344,8c0b0014,1,00000340,ac010014,1,0000033c,000b2643,1,1
2,1592,1,0000034c,25a18c9d,1,00000348,016b1821,0,00000344,8c0b0014,1,00000344,8c0b0014,1,00000340,ac010014,1,0
2,1593,1,0000034c,25a18c9d,1,00000348,016b1821,0,00000344,8c0b0014,1,00000344,8c0b0014,0,00000340,ac010014,1,0
2,1594,1,0000034c,25a18c9d,1,00000348,016b1821,0,00000344,8c0b0014,1,00000344,8c0b0014,0,00000340,ac010014,1,0
2,1595,1,0000034c,25a18c9d,1,00000348,016b1821,0,00000344,8c0b0014,1,00000344,8c0b0014,0,00000340,ac010014,1,0
2,1596,1,0000034c,25a18c9d,1,00000348,016b1821,0,00000344,8c0b0014,1,00000344,8c0b0014,0,00000340,ac010014,1,0
2,1597,1,0000034c,25a18c9d,1,00000348,016b1821,0,00000344,8c0b0014,1,00000344,8c0b0014,0,00000340,ac010014,1,0
2,1598,1,0000034c,25a18c9d,1,00000348,016b1821,0,00000344,8c0b0014,1,00000344,8c0b0014,0,00000340,ac010014,1,0
2,1599,1,0000034c,25a18c9d,1,00000348,016b1821,0,00000344,8c0b0014,1,00000344,8c0b0014,0,00000340,ac010014,1,0
2,1600,1,0000034c,25a18c9d,1,00000348,016b1821,0,00000344,8c0b0014,1,00000344,8c0b0014,0,00000340,ac010014,1,0
2,1601,1,0000034c,25a18c9d,1,00000348,016b1821,0,00000344,8c0b0014,1,00000344,8c0b0014,0,00000340,ac010014,1,0
2,1602,1,0000034c,25a18c9d,1,00000348,016b1821,0,00000344,8c0b0014,1,00000344,8c0b0014,0,00000340,ac010014,1,0
2,1603,1,0000034c,25a18c9d,1,00000348,016b1821,0,00000344,8c0b0014,1,00000344,8c0b0014,0,00000340,ac010014,1,0
2,1604,1,0000034c,25a18c9d,1,00000348,016b1821,0,00000344,8c0b0014,1,00000344,8c0b0014,0,00000340,ac010014,1,1
2,1605,1,00000350,000939c2,1,0000034c,25a18c9d,1,00000348,016b1821,0,00000344,8c0b0014,1,00000344,8c0b0014,0,0
2,1606,1,00000354,01e9402a,1,00000350,000939c2,1,0000034c,25a18c9d,1,00000348,016b1821,0,00000344,8c0b0014,0,0
2,1607,1,00000358,29cba760,1,00000354,01e9402a,1,00000350,000939c2,1,0000034c,25a18c9d,1,00000348,016b1821,0,0
2,1608,1,0000035c,00015100,1,00000358,29cba760,1,00000354,01e9402a,1,00000350,000939c2,1,0000034c,25a18c9d,0,0
2,1609,1,00000360,004a402a,1,0000035c,00015100,1,00000358,29cba760,1,00000354,01e9402a,1,00000350,000939c2,0,0
2,1610,1,00000364,29a32c79,1,00000360,004a402a,1,0000035c,00015100,1,00000358,29cba760,1,00000354,01e9402a,0,0
2,1611,1,00000368,000453c3,1,00000364,29a32c79,1,00000360,004a402a,1,0000035c,00015100,1,00000358,29cba760,0,0
2,1612,1,0000036c,01ed582b,1,00000368,000453c3,1,00000364,29a32c79,1,00000360,004a402a,1,0000035c,00015100,0,0
2,1613,1,00000370,398a426d,1,0000036c,01ed582b,1,00000368,000453c3,1,00000364,29a32c79,1,00000360,004a402a,0,0
2,1614,1,00000374,ac050040,1,00000370,398a426d,1,0000036c,01ed582b,1,00000368,000453c3,1,00000364,29a32c79,0,0
2,1615,1,00000378,8c060040,1,00000374,ac050040,1,00000370,398a426d,1,0000036c,01ed582b,1,00000368,000453c3,0,0
2,1616,1,0000037c,00c63021,1,00000378,8c060040,1,00000374,ac050040,1,00000370,398a426d,1,0000036c,01ed582b,0,0
2,1617,1,00000380,00422023,1,0000037c,00c63021,1,00000378,8c060040,1,00000374,ac050040,1,00000370,398a426d,1,1
2,1618,1,00000380,00422023,1,0000037c,00c63021,0,00000378,8c060040,1,00000378,8c060040,1,00000374,ac050040,1,0
2,1619,1,00000380,00422023,1,0000037c,00c63021,0,00000378,8c060040,1,00000378,8c060040,0,00000374,ac050040,1,0
2,1620,1,00000380,00422023,1,0000037c,00c63021,0,00000378,8c060040,1,00000378,8c060040,0,00000374,ac050040,1,0
2,1621,1,00000380,00422023,1,0000037c,00c63021,0,00000378,8c060040,1,00000378,8c060040,0,00000374,ac050040,1,0
2,1622,1,00000380,00422023,1,0000037c,00c63021,0,00000378,8c060040,1,00000378,8c060040,0,00000374,ac050040,1,0
2,1623,1,00000380,00422023,1,0000037c,00c63021,0,00000378,8c060040,1,00000378,8c060040,0,00000374,ac050040,1,0
2,1624,1,00000380,00422023,1,0000037c,00c63021,0,00000378,8c060040,1,00000378,8c060040,0,00000374,ac050040,1,0
2,1625,1,00000380,00422023,1,0000037c,00c63021,0,00000378,8c060040,1,00000378,8c060040,0,00000374,ac050040,1,0
2,1626,1,00000380,00422023,1,0000037c,00c63021,0,00000378,8c060040,1,00000378,8c060040,0,00000374,ac050040,1,0
2,1627,1,00000380,00422023,1,0000037c,00c63021,0,00000378,8c060040,1,00000378,8c060040,0,00000374,ac050040,1,0
2,1628,1,00000380,00422023,1,0000037c,00c63021,0,00000378,8c060040,1,00000378,8c060040,0,00000374,ac050040,1,0
2,1629,1,00000380,00422023,1,0000037c,00c63021,0,00000378,8c060040,1,00000378,8c060040,0,00000374,ac050040,1,0
2,1630,1,00000380,00422023,1,0000037c,00c63021,0,00000378,8c060040,1,00000378,8c060040,0,00000374,ac050040,1,1
2,1631,1,00000384,358fdafa,1,00000380,00422023,1,0000037c,00c63021,0,00000378,8c060040,1,00000378,8c060040,0,0
2,1632,1,00000388,000a7243,1,00000384,358fdafa,1,00000380,00422023,1,0000037c,00c63021,0,00000378,8c060040,0,0
2,1633,1,0000038c,01cc5825,1,00000388,000a7243,1,00000384,358fdafa,1,00000380,00422023,1,0000037c,00c63021,0,0
2,1634,1,00000390,29ae4767,1,0000038c,01cc5825,1,00000388,000a7243,1,00000384,358fdafa,1,00000380,00422023,0,0
2,1635,1,00000394,000c3583,1,00000390,29ae4767,1,0000038c,01cc5825,1,00000388,000a7243,1,00000384,358fdafa,0,0
2,1636,1,00000398,01827026,1,00000394,000c3583,1,00000390,29ae4767,1,0000038c,01cc5825,1,00000388,000a7243,0,0
2,1637,1,0000039c,2886aa37,1,00000398,01827026,1,00000394,000c3583,1,00000390,29ae4767,1,0000038c,01cc5825,0,0
2,1638,1,000003a0,00023f43,1,0000039c,2886aa37,1,00000398,01827026,1,00000394,000c3583,1,00000390,29ae4767,0,0
2,1639,1,000003a4,00a56826,1,000003a0,00023f43,1,0000039c,2886aa37,1,00000398,01827026,1,00000394,000c3583,0,0
2,1640,1,000003a8,ac03006c,1,000003a4,00a56826,1,000003a0,00023f43,1,0000039c,2886aa37,1,00000398,01827026,0,0
2,1641,1,000003ac,8c02006c,1,000003a8,ac03006c,1,000003a4,00a56826,1,000003a0,00023f43,1,0000039c,2886aa37,0,0
2,1642,1,000003b0,00424021,1,000003ac,8c02006c,1,000003a8,ac03006c,1,000003a4,00a56826,1,000003a0,00023f43,0,0
2,1643,1,000003b4,00020d80,1,000003b0,00424021,1,000003ac,8c02006c,1,000003a8,ac03006c,1,000003a4,00a56826,1,1
2,1644,1,000003b4,00020d80,1,000003b0,00424021,0,000003ac,8c02006c,1,000003ac,8c02006c,1,000003a8,ac03006c,1,0
2,1645,1,000003b4,00020d80,1,000003b0,00424021,0,000003ac,8c02006c,1,000003ac,8c02006c,0,000003a8,ac03006c,1,0
2,1646,1,000003b4,00020d80,1,000003b0,00424021,0,000003ac,8c02006c,1,000003ac,8c02006c,0,000003a8,ac03006c,1,0
2,1647,1,000003b4,00020d80,1,000003b0,00424021,0,000003ac,8c02006c,1,000003ac,8c02006c,0,000003a8,ac03006c,1,0
2,1648,1,000003b4,00020d80,1,000003b0,00424021,0,000003ac,8c02006c,1,000003ac,8c02006c,0,000003a8,ac03006c,1,0
2,1649,1,000003b4,00020d80,1,000003b0,00424021,0,000003ac,8c02006c,1,000003ac,8c02006c,0,000003a8,ac03006c,1,0
2,1650,1,000003b4,00020d80,1,000003b0,00424021,0,000003ac,8c02006c,1,000003ac,8c02006c,0,000003a8,ac03006c,1,0
2,1651,1,000003b4,00020d80,1,000003b0,00424021,0,000003ac,8c02006c,1,000003ac,8c02006c,0,000003a8,ac03006c,1,0
2,1652,1,000003b4,00020d80,1,000003b0,00424021,0,000003ac,8c02006c,1,000003ac,8c02006c,0,000003a8,ac03006c,1,0
2,1653,1,000003b4,00020d80,1,000003b0,00424021,0,000003ac,8c02006c,1,000003ac,8c02006c,0,000003a8,ac03006c,1,0
2,1654,1,000003b4,00020d80,1,000003b0,00424021,0,000003ac,8c02006c,1,000003ac,8c02006c,0,000003a8,ac03006c,1,0
2,1655,1,000003b4,00020d80,1,000003b0,00424021,0,000003ac,8c02006c,1,000003ac,8c02006c,0,000003a8,ac03006c,1,0
2,1656,1,000003b4,00020d80,1,000003b0,00424021,0,000003ac,8c02006c,1,000003ac,8c02006c,0,000003a8,ac03006c,1,1
2,1657,1,000003b8,018c6023,1,000003b4,00020d80,1,000003b0,00424021,0,000003ac,8c02006c,1,000003ac,8c02006c,0,0
2,1658,1,000003bc,30230d4a,1,000003b8,018c6023,1,000003b4,00020d80,1,000003b0,00424021,0,000003ac,8c02006c,0,0
2,1659,1,000003c0,000d6cc2,1,000003bc,30230d4a,1,000003b8,018c6023,1,000003b4,00020d80,1,000003b0,00424021,0,0
2,1660,1,000003c4,01ea0826,1,000003c0,000d6cc2,1,000003bc,30230d4a,1,000003b8,018c6023,1,000003b4,00020d80,0,0
2,1661,1,000003c8,3108f01e,1,000003c4,01ea0826,1,000003c0,000d6cc2,1,000003bc,30230d4a,1,000003b8,018c6023,0,0
2,1662,1,000003cc,000b3f40,1,000003c8,3108f01e,1,000003c4,01ea0826,1,000003c0,000d6cc2,1,000003bc,30230d4a,0,0
2,1663,1,000003d0,00e53021,1,000003cc,000b3f40,1,000003c8,3108f01e,1,000003c4,01ea0826,1,000003c0,000d6cc2,0,0
2,1664,1,000003d4,2d2a1ae4,1,000003d0,00e53021,1,000003cc,000b3f40,1,000003c8,3108f01e,1,000003c4,01ea0826,0,0
2,1665,1,000003d8,00084ac0,1,000003d4,2d2a1ae4,1,000003d0,00e53021,1,000003cc,000b3f40,1,000003c8,3108f01e,0,0
2,1666,1,000003dc,ac070018,1,000003d8,00084ac0,1,000003d4,2d2a1ae4,1,000003d0,00e53021,1,000003cc,000b3f40,0,0
2,1667,1,000003e0,8c020018,1,000003dc,ac070018,1,000003d8,00084ac0,1,000003d4,2d2a1ae4,1,000003d0,00e53021,0,0
2,1668,1,000003e4,00422021,1,000003e0,8c020018,1,000003dc,ac070018,1,000003d8,00084ac0,1,000003d4,2d2a1ae4,0,0
2,1669,1,000003e8,2c4d7b32,1,000003e4,00422021,1,000003e0,8c020018,1,000003dc,ac070018,1,000003d8,00084ac0,1,1
2,1670,1,000003e8,2c4d7b32,1,000003e4,00422021,0,000003e0,8c020018,1,000003e0,8c020018,1,000003dc,ac070018,1,0
2,1671,1,000003e8,2c4d7b32,1,000003e4,00422021,0,000003e0,8c020018,1,000003e0,8c020018,0,000003dc,ac070018,1,0
2,1672,1,000003e8,2c4d7b32,1,000003e4,00422021,0,000003e0,8c020018,1,000003e0,8c020018,0,000003dc,ac070018,1,0
2,1673,1,000003e8,2c4d7b32,1,000003e4,00422021,0,000003e0,8c020018,1,000003e0,8c020018,0,000003dc,ac070018,1,0
2,1674,1,000003e8,2c4d7b32,1,000003e4,00422021,0,000003e0,8c020018,1,000003e0,8c020018,0,000003dc,ac070018,1,0
2,1675,1,000003e8,2c4d7b32,1,000003e4,00422021,0,000003e0,8c020018,1,000003e0,8c020018,0,000003dc,ac070018,1,0
2,1676,1,000003e8,2c4d7b32,1,000003e4,00422021,0,000003e0,8c020018,1,000003e0,8c020018,0,000003dc,ac070018,1,0
2,1677,1,000003e8,2c4d7b32,1,000003e4,00422021,0,000003e0,8c020018,1,000003e0,8c020018,0,000003dc,ac070018,1,0
2,1678,1,000003e8,2c4d7b32,1,000003e4,00422021,0,000003e0,8c020018,1,000003e0,8c020018,0,000003dc,ac070018,1,0
2,1679,1,000003e8,2c4d7b32,1,000003e4,00422021,0,000003e0,8c020018,1,000003e0,8c020018,0,000003dc,ac070018,1,0
2,1680,1,000003e8,2c4d7b32,1,000003e4,00422021,0,000003e0,8c020018,1,000003e0,8c020018,0,000003dc,ac070018,1,0
2,1681,1,000003e8,2c4d7b32,1,000003e4,00422021,0,000003e0,8c020018,1,000003e0,8c020018,0,000003dc,ac070018,1,0
2,1682,1,000003e8,2c4d7b32,1,000003e4,00422021,0,000003e0,8c020018,1,000003e0,8c020018,0,000003dc,ac070018,1,1
2,1683,1,000003ec,000e71c2,1,000003e8,2c4d7b32,1,000003e4,00422021,0,000003e0,8c020018,1,000003e0,8c020018,0,0
2,1684,1,000003f0,01ea2024,1,000003ec,000e71c2,1,000003e8,2c4d7b32,1,000003e4,00422021,0,000003e0,8c020018,0,0
2,1685,1,000003f4,29c13449,1,000003f0,01ea2024,1,000003ec,000e71c2,1,000003e8,2c4d7b32,1,000003e4,00422021,0,0
2,1686,1,000003f8,00083d83,1,000003f4,29c13449,1,000003f0,01ea2024,1,000003ec,000e71c2,1,000003e8,2c4d7b32,0,0
2,1687,1,000003fc,00686823,1,000003f8,00083d83,1,000003f4,29c13449,1,000003f0,01ea2024,1,000003ec,000e71c2,0,0
2,1688,1,00000400,2c45f7ac,1,000003fc,00686823,1,000003f8,00083d83,1,000003f4,29c13449,1,000003f0,01ea2024,0,0
2,1689,1,00000404,000e2103,1,00000400,2c45f7ac,1,000003fc,00686823,1,000003f8,00083d83,1,000003f4,29c13449,0,0
2,1690,1,00000408,018d6023,1,00000404,000e2103,1,00000400,2c45f7ac,1,000003fc,00686823,1,000003f8,00083d83,0,0
2,1691,1,0000040c,3966fc26,1,00000408,018d6023,1,00000404,000e2103,1,00000400,2c45f7ac,1,000003fc,00686823,0,0
2,1692,1,00000410,ac0e0044,1,0000040c,3966fc26,1,00000408,018d6023,1,00000404,000e2103,1,00000400,2c45f7ac,0,0
2,1693,1,00000414,8c080044,1,00000410,ac0e0044,1,0000040c,3966fc26,1,00000408,018d6023,1,00000404,000e2103,0,0
2,1694,1,00000418,01083821,1,00000414,8c080044,1,00000410,ac0e0044,1,0000040c,3966fc26,1,00000408,018d6023,0,0
2,1695,1,0000041c,00c80824,1,00000418,01083821,1,00000414,8c080044,1,00000410,ac0e0044,1,0000040c,3966fc26,1,1
2,1696,1,0000041c,00c80824,1,00000418,01083821,0,00000414,8c080044,1,00000414,8c080044,1,00000410,ac0e0044,1,0
2,1697,1,0000041c,00c80824,1,00000418,01083821,0,00000414,8c080044,1,00000414,8c080044,0,00000410,ac0e0044,1,0
2,1698,1,0000041c,00c80824,1,00000418,01083821,0,00000414,8c080044,1,00000414,8c080044,0,00000410,ac0e0044,1,0
2,1699,1,0000041c,00c80824,1,00000418,01083821,0,00000414,8c080044,1,00000414,8c080044,0,00000410,ac0e0044,1,0
2,1700,1,0000041c,00c80824,1,00000418,01083821,0,00000414,8c080044,1,00000414,8c080044,0,00000410,ac0e0044,1,0
2,1701,1,0000041c,00c80824,1,00000418,01083821,0,00000414,8c080044,1,00000414,8c080044,0,00000410,ac0e0044,1,0
2,1702,1,0000041c,00c80824,1,00000418,01083821,0,00000414,8c080044,1,00000414,8c080044,0,00000410,ac0e0044,1,0
2,1703,1,0000041c,00c80824,1,00000418,01083821,0,00000414,8c080044,1,00000414,8c080044,0,00000410,ac0e0044,1,0
2,1704,1,0000041c,00c80824,1,00000418,01083821,0,00000414,8c080044,1,00000414,8c080044,0,00000410,ac0e0044,1,0
2,1705,1,0000041c,00c80824,1,00000418,01083821,0,00000414,8c080044,1,00000414,8c080044,0,00000410,ac0e0044,1,0
2,1706,1,0000041c,00c80824,1,00000418,01083821,0,00000414,8c080044,1,00000414,8c080044,0,00000410,ac0e0044,1,0
2,1707,1,0000041c,00c80824,1,00000418,01083821,0,00000414,8c080044,1,00000414,8c080044,0,00000410,ac0e0044,1,0
2,1708,1,0000041c,00c80824,1,00000418,01083821,0,00000414,8c080044,1,00000414,8c080044,0,00000410,ac0e0044,1,1
2,1709,1,00000420,3545013b,1,0000041c,00c80824,1,00000418,01083821,0,00000414,8c080044,1,00000414,8c080044,0,0
2,1710,1,00000424,000f5682,1,00000420,3545013b,1,0000041c,00c80824,1,00000418,01083821,0,00000414,8c080044,0,0
2,1711,1,00000428,0049082b,1,00000424,000f5682,1,00000420,3545013b,1,0000041c,00c80824,1,00000418,01083821,0,0
2,1712,1,0000042c,390fe2ad,1,00000428,0049082b,1,00000424,000f5682,1,00000420,3545013b,1,0000041c,00c80824,0,0
2,1713,1,00000430,000a1682,1,0000042c,390fe2ad,1,00000428,0049082b,1,00000424,000f5682,1,00000420,3545013b,0,0
2,1714,1,00000434,00622825,1,00000430,000a1682,1,0000042c,390fe2ad,1,00000428,0049082b,1,00000424,000f5682,0,0
2,1715,1,00000438,29a42102,1,00000434,00622825,1,00000430,000a1682,1,0000042c,390fe2ad,1,00000428,0049082b,0,0
2,1716,1,0000043c,00026943,1,00000438,29a42102,1,00000434,00622825,1,00000430,000a1682,1,0000042c,390fe2ad,0,0
2,1717,1,00000440,01ca5821,1,0000043c,00026943,1,00000438,29a42102,1,00000434,00622825,1,00000430,000a1682,0,0
2,1718,1,00000444,3c1080ff,1,00000440,01ca5821,1,0000043c,00026943,1,00000438,29a42102,1,00000434,00622825,0,0
2,1719,1,00000448,361081fe,1,00000444,3c1080ff,1,00000440,01ca5821,1,0000043c,00026943,1,00000438,29a42102,0,0
2,1720,1,0000044c,ac1000a0,1,00000448,361081fe,1,00000444,3c1080ff,1,00000440,01ca5821,1,0000043c,00026943,0,0
2,1721,1,00000450,801100a0,1,0000044c,ac1000a0,1,00000448,361081fe,1,00000444,3c1080ff,1,00000440,01ca5821,0,1
2,1722,1,00000454,901200a0,1,00000450,801100a0,1,0000044c,ac1000a0,1,00000448,361081fe,1,00000444,3c1080ff,0,0
2,1723,1,00000458,a01000b4,1,00000454,901200a0,1,00000450,801100a0,1,0000044c,ac1000a0,1,00000448,361081fe,1,0
2,1724,1,00000458,a01000b4,1,00000454,901200a0,1,00000450,801100a0,1,0000044c,ac1000a0,0,00000448,361081fe,1,0
2,1725,1,00000458,a01000b4,1,00000454,901200a0,1,00000450,801100a0,1,0000044c,ac1000a0,0,00000448,361081fe,1,0
2,1726,1,00000458,a01000b4,1,00000454,901200a0,1,00000450,801100a0,1,0000044c,ac1000a0,0,00000448,361081fe,1,0
2,1727,1,00000458,a01000b4,1,00000454,901200a0,1,00000450,801100a0,1,0000044c,ac1000a0,0,00000448,361081fe,1,0
2,1728,1,00000458,a01000b4,1,00000454,901200a0,1,00000450,801100a0,1,0000044c,ac1000a0,0,00000448,361081fe,1,0
2,1729,1,00000458,a01000b4,1,00000454,901200a0,1,00000450,801100a0,1,0000044c,ac1000a0,0,00000448,361081fe,1,0
2,1730,1,00000458,a01000b4,1,00000454,901200a0,1,00000450,801100a0,1,0000044c,ac1000a0,0,00000448,361081fe,1,0
2,1731,1,00000458,a01000b4,1,00000454,901200a0,1,00000450,801100a0,1,0000044c,ac1000a0,0,00000448,361081fe,1,0
2,1732,1,00000458,a01000b4,1,00000454,901200a0,1,00000450,801100a0,1,0000044c,ac1000a0,0,00000448,361081fe,1,0
2,1733,1,00000458,a01000b4,1,00000454,901200a0,1,00000450,801100a0,1,0000044c,ac1000a0,0,00000448,361081fe,1,0
2,1734,1,00000458,a01000b4,1,00000454,901200a0,1,00000450,801100a0,1,0000044c,ac1000a0,0,00000448,361081fe,1,1
2,1735,1,0000045c,801100a1,1,00000458,a01000b4,1,00000454,901200a0,1,00000450,801100a0,1,0000044c,ac1000a0,1,0
2,1736,1,0000045c,801100a1,1,00000458,a01000b4,1,00000454,901200a0,1,00000450,801100a0,0,0000044c,ac1000a0,1,0
2,1737,1,0000045c,801100a1,1,00000458,a01000b4,1,00000454,901200a0,1,00000450,801100a0,0,0000044c,ac1000a0,1,0
2,1738,1,0000045c,801100a1,1,00000458,a01000b4,1,00000454,901200a0,1,00000450,801100a0,0,0000044c,ac1000a0,1,0
2,1739,1,0000045c,801100a1,1,00000458,a01000b4,1,00000454,901200a0,1,00000450,801100a0,0,0000044c,ac1000a0,1,0
2,1740,1,0000045c,801100a1,1,00000458,a01000b4,1,00000454,901200a0,1,00000450,801100a0,0,0000044c,ac1000a0,1,0
2,1741,1,0000045c,801100a1,1,00000458,a01000b4,1,00000454,901200a0,1,00000450,801100a0,0,0000044c,ac1000a0,1,0
2,1742,1,0000045c,801100a1,1,00000458,a01000b4,1,00000454,901200a0,1,00000450,801100a0,0,0000044c,ac1000a0,1,0
2,1743,1,0000045c,801100a1,1,00000458,a01000b4,1,00000454,901200a0,1,00000450,801100a0,0,0000044c,ac1000a0,1,0
2,1744,1,0000045c,801100a1,1,00000458,a01000b4,1,00000454,901200a0,1,00000450,801100a0,0,0000044c,ac1000a0,1,0
2,1745,1,0000045c,801100a1,1,00000458,a01000b4,1,00000454,901200a0,1,00000450,801100a0,0,0000044c,ac1000a0,1,0
2,1746,1,0000045c,801100a1,1,00000458,a01000b4,1,00000454,901200a0,1,00000450,801100a0,0,0000044c,ac1000a0,1,0
2,1747,1,0000045c,801100a1,1,00000458,a01000b4,1,00000454,901200a0,1,00000450,801100a0,0,0000044c,ac1000a0,1,1
2,1748,1,00000460,901200a1,1,0000045c,801100a1,1,00000458,a01000b4,1,00000454,901200a0,1,00000450,801100a0,1,0
2,1749,1,00000460,901200a1,1,0000045c,801100a1,1,00000458,a01000b4,1,00000454,901200a0,0,00000450,801100a0,1,0
2,1750,1,00000460,901200a1,1,0000045c,801100a1,1,00000458,a01000b4,1,00000454,901200a0,0,00000450,801100a0,1,0
2,1751,1,00000460,901200a1,1,0000045c,801100a1,1,00000458,a01000b4,1,00000454,901200a0,0,00000450,801100a0,1,0
2,1752,1,00000460,901200a1,1,0000045c,801100a1,1,00000458,a01000b4,1,00000454,901200a0,0,00000450,801100a0,1,0
2,1753,1,00000460,901200a1,1,0000045c,801100a1,1,00000458,a01000b4,1,00000454,901200a0,0,00000450,801100a0,1,0
2,1754,1,00000460,901200a1,1,0000045c,801100a1,1,00000458,a01000b4,1,00000454,901200a0,0,00000450,801100a0,1,0
2,1755,1,00000460,901200a1,1,0000045c,801100a1,1,00000458,a01000b4,1,00000454,901200a0,0,00000450,801100a0,1,0
2,1756,1,00000460,901200a1,1,0000045c,801100a1,1,00000458,a01000b4,1,00000454,901200a0,0,00000450,801100a0,1,0
2,1757,1,00000460,901200a1,1,0000045c,801100a1,1,00000458,a01000b4,1,00000454,901200a0,0,00000450,801100a0,1,0
2,1758,1,00000460,901200a1,1,0000045c,801100a1,1,00000458,a01000b4,1,00000454,901200a0,0,00000450,801100a0,1,0
2,1759,1,00000460,901200a1,1,0000045c,801100a1,1,00000458,a01000b4,1,00000454,901200a0,0,00000450,801100a0,1,0
2,1760,1,00000460,901200a1,1,0000045c,801100a1,1,00000458,a01000b4,1,00000454,901200a0,0,00000450,801100a0,1,1
2,1761,1,00000464,a01000b5,1,00000460,901200a1,1,0000045c,801100a1,1,00000458,a01000b4,1,00000454,901200a0,1,0
2,1762,1,00000464,a01000b5,1,00000460,901200a1,1,0000045c,801100a1,1,00000458,a01000b4,0,00000454,901200a0,1,0
2,1763,1,00000464,a01000b5,1,00000460,901200a1,1,0000045c,801100a1,1,00000458,a01000b4,0,00000454,901200a0,1,0
2,1764,1,00000464,a01000b5,1,00000460,901200a1,1,0000045c,801100a1,1,00000458,a01000b4,0,00000454,901200a0,1,0
2,1765,1,00000464,a01000b5,1,00000460,901200a1,1,0000045c,801100a1,1,00000458,a01000b4,0,00000454,901200a0,1,0
2,1766,1,00000464,a01000b5,1,00000460,901200a1,1,0000045c,801100a1,1,00000458,a01000b4,0,00000454,901200a0,1,0
2,1767,1,00000464,a01000b5,1,00000460,901200a1,1,0000045c,801100a1,1,00000458,a01000b4,0,00000454,901200a0,1,0
2,1768,1,00000464,a01000b5,1,00000460,901200a1,1,0000045c,801100a1,1,00000458,a01000b4,0,00000454,901200a0,1,0
2,1769,1,00000464,a01000b5,1,00000460,901200a1,1,0000045c,801100a1,1,00000458,a01000b4,0,00000454,901200a0,1,0
2,1770,1,00000464,a01000b5,1,00000460,901200a1,1,0000045c,801100a1,1,00000458,a01000b4,0,00000454,901200a0,1,0
2,1771,1,00000464,a01000b5,1,00000460,901200a1,1,0000045c,801100a1,1,00000458,a01000b4,0,00000454,901200a0,1,0
2,1772,1,00000464,a01000b5,1,00000460,901200a1,1,0000045c,801100a1,1,00000458,a01000b4,0,00000454,901200a0,1,0
2,1773,1,00000464,a01000b5,1,00000460,901200a1,1,0000045c,801100a1,1,00000458,a01000b4,0,00000454,901200a0,1,1
2,1774,1,00000468,801100a2,1,00000464,a01000b5,1,00000460,901200a1,1,0000045c,801100a1,1,00000458,a01000b4,1,0
2,1775,1,00000468,801100a2,1,00000464,a01000b5,1,00000460,901200a1,1,0000045c,801100a1,0,00000458,a01000b4,1,0
2,1776,1,00000468,801100a2,1,00000464,a01000b5,1,00000460,901200a1,1,0000045c,801100a1,0,00000458,a01000b4,1,0
2,1777,1,00000468,801100a2,1,00000464,a01000b5,1,00000460,901200a1,1,0000045c,801100a1,0,00000458,a01000b4,1,0
2,1778,1,00000468,801100a2,1,00000464,a01000b5,1,00000460,901200a1,1,0000045c,801100a1,0,00000458,a01000b4,1,0
2,1779,1,00000468,801100a2,1,00000464,a01000b5,1,00000460,901200a1,1,0000045c,801100a1,0,00000458,a01000b4,1,0
2,1780,1,00000468,801100a2,1,00000464,a01000b5,1,00000460,901200a1,1,0000045c,801100a1,0,00000458,a01000b4,1,0
2,1781,1,00000468,801100a2,1,00000464,a01000b5,1,00000460,901200a1,1,0000045c,801100a1,0,00000458,a01000b4,1,0
2,1782,1,00000468,801100a2,1,00000464,a01000b5,1,00000460,901200a1,1,0000045c,801100a1,0,00000458,a01000b4,1,0
2,1783,1,00000468,801100a2,1,00000464,a01000b5,1,00000460,901200a1,1,0000045c,801100a1,0,00000458,a01000b4,1,0
2,1784,1,00000468,801100a2,1,00000464,a01000b5,1,00000460,901200a1,1,0000045c,801100a1,0,00000458,a01000b4,1,0
2,1785,1,00000468,801100a2,1,00000464,a01000b5,1,00000460,901200a1,1,0000045c,801100a1,0,00000458,a01000b4,1,0
2,1786,1,00000468,801100a2,1,00000464,a01000b5,1,00000460,901200a1,1,0000045c,801100a1,0,00000458,a01000b4,1,1
2,1787,1,0000046c,901200a2,1,00000468,801100a2,1,00000464,a01000b5,1,00000460,901200a1,1,0000045c,801100a1,1,0
2,1788,1,0000046c,901200a2,1,00000468,801100a2,1,00000464,a01000b5,1,00000460,901200a1,0,0000045c,801100a1,1,0
2,1789,1,0000046c,901200a2,1,00000468,801100a2,1,00000464,a01000b5,1,00000460,901200a1,0,0000045c,801100a1,1,0
2,1790,1,0000046c,901200a2,1,00000468,801100a2,1,00000464,a01000b5,1,00000460,901200a1,0,0000045c,801100a1,1,0
2,1791,1,0000046c,901200a2,1,00000468,801100a2,1,00000464,a01000b5,1,00000460,901200a1,0,0000045c,801100a1,1,0
2,1792,1,0000046c,901200a2,1,00000468,801100a2,1,00000464,a01000b5,1,00000460,901200a1,0,0000045c,801100a1,1,0
2,1793,1,0000046c,901200a2,1,00000468,801100a2,1,00000464,a01000b5,1,00000460,901200a1,0,0000045c,801100a1,1,0
2,1794,1,0000046c,901200a2,1,00000468,801100a2,1,00000464,a01000b5,1,00000460,901200a1,0,0000045c,801100a1,1,0
2,1795,1,0000046c,901200a2,1,00000468,801100a2,1,00000464,a01000b5,1,00000460,901200a1,0,0000045c,801100a1,1,0
2,1796,1,0000046c,901200a2,1,00000468,801100a2,1,00000464,a01000b5,1,00000460,901200a1,0,0000045c,801100a1,1,0
2,1797,1,0000046c,901200a2,1,00000468,801100a2,1,00000464,a01000b5,1,00000460,901200a1,0,0000045c,801100a1,1,0
2,1798,1,0000046c,901200a2,1,00000468,801100a2,1,00000464,a01000b5,1,00000460,901200a1,0,0000045c,801100a1,1,0
2,1799,1,0000046c,901200a2,1,00000468,801100a2,1,00000464,a01000b5,1,00000460,901200a1,0,0000045c,801100a1,1,1
2,1800,1,00000470,a01000b6,1,0000046c,901200a2,1,00000468,801100a2,1,00000464,a01000b5,1,00000460,901200a1,1,0
2,1801,1,00000470,a01000b6,1,0000046c,901200a2,1,00000468,801100a2,1,00000464,a01000b5,0,00000460,901200a1,1,0
2,1802,1,00000470,a01000b6,1,0000046c,901200a2,1,00000468,801100a2,1,00000464,a01000b5,0,00000460,901200a1,1,0
2,1803,1,00000470,a01000b6,1,0000046c,901200a2,1,00000468,801100a2,1,00000464,a01000b5,0,00000460,901200a1,1,0
2,1804,1,00000470,a01000b6,1,0000046c,901200a2,1,00000468,801100a2,1,00000464,a01000b5,0,00000460,901200a1,1,0
2,1805,1,00000470,a01000b6,1,0000046c,901200a2,1,00000468,801100a2,1,00000464,a01000b5,0,00000460,901200a1,1,0
2,1806,1,00000470,a01000b6,1,0000046c,901200a2,1,00000468,801100a2,1,00000464,a01000b5,0,00000460,901200a1,1,0
2,1807,1,00000470,a01000b6,1,0000046c,901200a2,1,00000468,801100a2,1,00000464,a01000b5,0,00000460,901200a1,1,0
2,1808,1,00000470,a01000b6,1,0000046c,901200a2,1,00000468,801100a2,1,00000464,a01000b5,0,00000460,901200a1,1,0
2,1809,1,00000470,a01000b6,1,0000046c,901200a2,1,00000468,801100a2,1,00000464,a01000b5,0,00000460,901200a1,1,0
2,1810,1,00000470,a01000b6,1,0000046c,901200a2,1,00000468,801100a2,1,00000464,a01000b5,0,00000460,901200a1,1,0
2,1811,1,00000470,a01000b6,1,0000046c,901200a2,1,00000468,801100a2,1,00000464,a01000b5,0,00000460,901200a1,1,0
2,1812,1,00000470,a01000b6,1,0000046c,901200a2,1,00000468,801100a2,1,00000464,a01000b5,0,00000460,901200a1,1,1
2,1813,1,00000474,801100a3,1,00000470,a01000b6,1,0000046c,901200a2,1,00000468,801100a2,1,00000464,a01000b5,1,0
2,1814,1,00000474,801100a3,1,00000470,a01000b6,1,0000046c,901200a2,1,00000468,801100a2,0,00000464,a01000b5,1,0
2,1815,1,00000474,801100a3,1,00000470,a01000b6,1,0000046c,901200a2,1,00000468,801100a2,0,00000464,a01000b5,1,0
2,1816,1,00000474,801100a3,1,00000470,a01000b6,1,0000046c,901200a2,1,00000468,801100a2,0,00000464,a01000b5,1,0
2,1817,1,00000474,801100a3,1,00000470,a01000b6,1,0000046c,901200a2,1,00000468,801100a2,0,00000464,a01000b5,1,0
2,1818,1,00000474,801100a3,1,00000470,a01000b6,1,0000046c,901200a2,1,00000468,801100a2,0,00000464,a01000b5,1,0
2,1819,1,00000474,801100a3,1,00000470,a01000b6,1,0000046c,901200a2,1,00000468,801100a2,0,00000464,a01000b5,1,0
2,1820,1,00000474,801100a3,1,00000470,a01000b6,1,0000046c,901200a2,1,00000468,801100a2,0,00000464,a01000b5,1,0
2,1821,1,00000474,801100a3,1,00000470,a01000b6,1,0000046c,901200a2,1,00000468,801100a2,0,00000464,a01000b5,1,0
2,1822,1,00000474,801100a3,1,00000470,a01000b6,1,0000046c,901200a2,1,00000468,801100a2,0,00000464,a01000b5,1,0
2,1823,1,00000474,801100a3,1,00000470,a01000b6,1,0000046c,901200a2,1,00000468,801100a2,0,00000464,a01000b5,1,0
2,1824,1,00000474,801100a3,1,00000470,a01000b6,1,0000046c,901200a2,1,00000468,801100a2,0,00000464,a01000b5,1,0
2,1825,1,00000474,801100a3,1,00000470,a01000b6,1,0000046c,901200a2,1,00000468,801100a2,0,00000464,a01000b5,1,1
2,1826,1,00000478,901200a3,1,00000474,801100a3,1,00000470,a01000b6,1,0000046c,901200a2,1,00000468,801100a2,1,0
2,1827,1,00000478,901200a3,1,00000474,801100a3,1,00000470,a01000b6,1,0000046c,901200a2,0,00000468,801100a2,1,0
2,1828,1,00000478,901200a3,1,00000474,801100a3,1,00000470,a01000b6,1,0000046c,901200a2,0,00000468,801100a2,1,0
2,1829,1,00000478,901200a3,1,00000474,801100a3,1,00000470,a01000b6,1,0000046c,901200a2,0,00000468,801100a2,1,0
2,1830,1,00000478,901200a3,1,00000474,801100a3,1,00000470,a01000b6,1,0000046c,901200a2,0,00000468,801100a2,1,0
2,1831,1,00000478,901200a3,1,00000474,801100a3,1,00000470,a01000b6,1,0000046c,901200a2,0,00000468,801100a2,1,0
2,1832,1,00000478,901200a3,1,00000474,801100a3,1,00000470,a01000b6,1,0000046c,901200a2,0,00000468,801100a2,1,0
2,1833,1,00000478,901200a3,1,00000474,801100a3,1,00000470,a01000b6,1,0000046c,901200a2,0,00000468,801100a2,1,0
2,1834,1,00000478,901200a3,1,00000474,801100a3,1,00000470,a01000b6,1,0000046c,901200a2,0,00000468,801100a2,1,0
2,1835,1,00000478,901200a3,1,00000474,801100a3,1,00000470,a01000b6,1,0000046c,901200a2,0,00000468,801100a2,1,0
2,1836,1,00000478,901200a3,1,00000474,801100a3,1,00000470,a01000b6,1,0000046c,901200a2,0,00000468,801100a2,1,0
2,1837,1,00000478,901200a3,1,00000474,801100a3,1,00000470,a01000b6,1,0000046c,901200a2,0,00000468,801100a2,1,0
2,1838,1,00000478,901200a3,1,00000474,801100a3,1,00000470,a01000b6,1,0000046c,901200a2,0,00000468,801100a2,1,1
2,1839,1,0000047c,a01000b7,1,00000478,901200a3,1,00000474,801100a3,1,00000470,a01000b6,1,0000046c,901200a2,1,0
2,1840,1,0000047c,a01000b7,1,00000478,901200a3,1,00000474,801100a3,1,00000470,a01000b6,0,0000046c,901200a2,1,0
2,1841,1,0000047c,a01000b7,1,00000478,901200a3,1,00000474,801100a3,1,00000470,a01000b6,0,0000046c,901200a2,1,0
2,1842,1,0000047c,a01000b7,1,00000478,901200a3,1,00000474,801100a3,1,00000470,a01000b6,0,0000046c,901200a2,1,0
2,1843,1,0000047c,a01000b7,1,00000478,901200a3,1,00000474,801100a3,1,00000470,a01000b6,0,0000046c,901200a2,1,0
2,1844,1,0000047c,a01000b7,1,00000478,901200a3,1,00000474,801100a3,1,00000470,a01000b6,0,0000046c,901200a2,1,0
2,1845,1,0000047c,a01000b7,1,00000478,901200a3,1,00000474,801100a3,1,00000470,a01000b6,0,0000046c,901200a2,1,0
2,1846,1,0000047c,a01000b7,1,00000478,901200a3,1,00000474,801100a3,1,00000470,a01000b6,0,0000046c,901200a2,1,0
2,1847,1,0000047c,a01000b7,1,00000478,901200a3,1,00000474,801100a3,1,00000470,a01000b6,0,0000046c,901200a2,1,0
2,1848,1,0000047c,a01000b7,1,00000478,901200a3,1,00000474,801100a3,1,00000470,a01000b6,0,0000046c,901200a2,1,0
2,1849,1,0000047c,a01000b7,1,00000478,901200a3,1,00000474,801100a3,1,00000470,a01000b6,0,0000046c,901200a2,1,0
2,1850,1,0000047c,a01000b7,1,00000478,901200a3,1,00000474,801100a3,1,00000470,a01000b6,0,0000046c,901200a2,1,0
2,1851,1,0000047c,a01000b7,1,00000478,901200a3,1,00000474,801100a3,1,00000470,a01000b6,0,0000046c,901200a2,1,1
2,1852,1,00000480,841100a0,1,0000047c,a01000b7,1,00000478,901200a3,1,00000474,801100a3,1,00000470,a01000b6,1,0
2,1853,1,00000480,841100a0,1,0000047c,a01000b7,1,00000478,901200a3,1,00000474,801100a3,0,00000470,a01000b6,1,0
2,1854,1,00000480,841100a0,1,0000047c,a01000b7,1,00000478,901200a3,1,00000474,801100a3,0,00000470,a01000b6,1,0
2,1855,1,00000480,841100a0,1,0000047c,a01000b7,1,00000478,901200a3,1,00000474,801100a3,0,00000470,a01000b6,1,0
2,1856,1,00000480,841100a0,1,0000047c,a01000b7,1,00000478,901200a3,1,00000474,801100a3,0,00000470,a01000b6,1,0
2,1857,1,00000480,841100a0,1,0000047c,a01000b7,1,00000478,901200a3,1,00000474,801100a3,0,00000470,a01000b6,1,0
2,1858,1,00000480,841100a0,1,0000047c,a01000b7,1,00000478,901200a3,1,00000474,801100a3,0,00000470,a01000b6,1,0
2,1859,1,00000480,841100a0,1,0000047c,a01000b7,1,00000478,901200a3,1,00000474,801100a3,0,00000470,a01000b6,1,0
2,1860,1,00000480,841100a0,1,0000047c,a01000b7,1,00000478,901200a3,1,00000474,801100a3,0,00000470,a01000b6,1,0
2,1861,1,00000480,841100a0,1,0000047c,a01000b7,1,00000478,901200a3,1,00000474,801100a3,0,00000470,a01000b6,1,0
2,1862,1,00000480,841100a0,1,0000047c,a01000b7,1,00000478,901200a3,1,00000474,801100a3,0,00000470,a01000b6,1,0
2,1863,1,00000480,841100a0,1,0000047c,a01000b7,1,00000478,901200a3,1,00000474,801100a3,0,00000470,a01000b6,1,0
2,1864,1,00000480,841100a0,1,0000047c,a01000b7,1,00000478,901200a3,1,00000474,801100a3,0,00000470,a01000b6,1,1
2,1865,1,00000484,941200a0,1,00000480,841100a0,1,0000047c,a01000b7,1,00000478,901200a3,1,00000474,801100a3,1,0
2,1866,1,00000484,941200a0,1,00000480,841100a0,1,0000047c,a01000b7,1,00000478,901200a3,0,00000474,801100a3,1,0
2,1867,1,00000484,941200a0,1,00000480,841100a0,1,0000047c,a01000b7,1,00000478,901200a3,0,00000474,801100a3,1,0
2,1868,1,00000484,941200a0,1,00000480,841100a0,1,0000047c,a01000b7,1,00000478,901200a3,0,00000474,801100a3,1,0
2,1869,1,00000484,941200a0,1,00000480,841100a0,1,0000047c,a01000b7,1,00000478,901200a3,0,00000474,801100a3,1,0
2,1870,1,00000484,941200a0,1,00000480,841100a0,1,0000047c,a01000b7,1,00000478,901200a3,0,00000474,801100a3,1,0
2,1871,1,00000484,941200a0,1,00000480,841100a0,1,0000047c,a01000b7,1,00000478,901200a3,0,00000474,801100a3,1,0
2,1872,1,00000484,941200a0,1,00000480,841100a0,1,0000047c,a01000b7,1,00000478,901200a3,0,00000474,801100a3,1,0
2,1873,1,00000484,941200a0,1,00000480,841100a0,1,0000047c,a01000b7,1,00000478,901200a3,0,00000474,801100a3,1,0
2,1874,1,00000484,941200a0,1,00000480,841100a0,1,0000047c,a01000b7,1,00000478,901200a3,0,00000474,801100a3,1,0
2,1875,1,00000484,941200a0,1,00000480,841100a0,1,0000047c,a01000b7,1,00000478,901200a3,0,00000474,801100a3,1,0
2,1876,1,00000484,941200a0,1,00000480,841100a0,1,0000047c,a01000b7,1,00000478,901200a3,0,00000474,801100a3,1,0
2,1877,1,00000484,941200a0,1,00000480,841100a0,1,0000047c,a01000b7,1,00000478,901200a3,0,00000474,801100a3,1,1
2,1878,1,00000488,a41000b8,1,00000484,941200a0,1,00000480,841100a0,1,0000047c,a01000b7,1,00000478,901200a3,1,0
2,1879,1,00000488,a41000b8,1,00000484,941200a0,1,00000480,841100a0,1,0000047c,a01000b7,0,00000478,901200a3,1,0
2,1880,1,00000488,a41000b8,1,00000484,941200a0,1,00000480,841100a0,1,0000047c,a01000b7,0,00000478,901200a3,1,0
2,1881,1,00000488,a41000b8,1,00000484,941200a0,1,00000480,841100a0,1,0000047c,a01000b7,0,00000478,901200a3,1,0
2,1882,1,00000488,a41000b8,1,00000484,941200a0,1,00000480,841100a0,1,0000047c,a01000b7,0,00000478,901200a3,1,0
2,1883,1,00000488,a41000b8,1,00000484,941200a0,1,00000480,841100a0,1,0000047c,a01000b7,0,00000478,901200a3,1,0
2,1884,1,00000488,a41000b8,1,00000484,941200a0,1,00000480,841100a0,1,0000047c,a01000b7,0,00000478,901200a3,1,0
2,1885,1,00000488,a41000b8,1,00000484,941200a0,1,00000480,841100a0,1,0000047c,a01000b7,0,00000478,901200a3,1,0
2,1886,1,00000488,a41000b8,1,00000484,941200a0,1,00000480,841100a0,1,0000047c,a01000b7,0,00000478,901200a3,1,0
2,1887,1,00000488,a41000b8,1,00000484,941200a0,1,00000480,841100a0,1,0000047c,a01000b7,0,00000478,901200a3,1,0
2,1888,1,00000488,a41000b8,1,00000484,941200a0,1,00000480,841100a0,1,0000047c,a01000b7,0,00000478,901200a3,1,0
2,1889,1,00000488,a41000b8,1,00000484,941200a0,1,00000480,841100a0,1,0000047c,a01000b7,0,00000478,901200a3,1,0
2,1890,1,00000488,a41000b8,1,00000484,941200a0,1,00000480,841100a0,1,0000047c,a01000b7,0,00000478,901200a3,1,1
2,1891,1,0000048c,841100a2,1,00000488,a41000b8,1,00000484,941200a0,1,00000480,841100a0,1,0000047c,a01000b7,1,0
2,1892,1,0000048c,841100a2,1,00000488,a41000b8,1,00000484,941200a0,1,00000480,841100a0,0,0000047c,a01000b7,1,0
2,1893,1,0000048c,841100a2,1,00000488,a41000b8,1,00000484,941200a0,1,00000480,841100a0,0,0000047c,a01000b7,1,0
2,1894,1,0000048c,841100a2,1,00000488,a41000b8,1,00000484,941200a0,1,00000480,841100a0,0,0000047c,a01000b7,1,0
2,1895,1,0000048c,841100a2,1,00000488,a41000b8,1,00000484,941200a0,1,00000480,841100a0,0,0000047c,a01000b7,1,0
2,1896,1,0000048c,841100a2,1,00000488,a41000b8,1,00000484,941200a0,1,00000480,841100a0,0,0000047c,a01000b7,1,0
2,1897,1,0000048c,841100a2,1,00000488,a41000b8,1,00000484,941200a0,1,00000480,841100a0,0,0000047c,a01000b7,1,0
2,1898,1,0000048c,841100a2,1,00000488,a41000b8,1,00000484,941200a0,1,00000480,841100a0,0,0000047c,a01000b7,1,0
2,1899,1,0000048c,841100a2,1,00000488,a41000b8,1,00000484,941200a0,1,00000480,841100a0,0,0000047c,a01000b7,1,0
2,1900,1,0000048c,841100a2,1,00000488,a41000b8,1,00000484,941200a0,1,00000480,841100a0,0,0000047c,a01000b7,1,0
2,1901,1,0000048c,841100a2,1,00000488,a41000b8,1,00000484,941200a0,1,00000480,841100a0,0,0000047c,a01000b7,1,0
2,1902,1,0000048c,841100a2,1,00000488,a41000b8,1,00000484,941200a0,1,00000480,841100a0,0,0000047c,a01000b7,1,0
2,1903,1,0000048c,841100a2,1,00000488,a41000b8,1,00000484,941200a0,1,00000480,841100a0,0,0000047c,a01000b7,1,1
2,1904,1,00000490,941200a2,1,0000048c,841100a2,1,00000488,a41000b8,1,00000484,941200a0,1,00000480,841100a0,1,0
2,1905,1,00000490,941200a2,1,0000048c,841100a2,1,00000488,a41000b8,1,00000484,941200a0,0,00000480,841100a0,1,0
2,1906,1,00000490,941200a2,1,0000048c,841100a2,1,00000488,a41000b8,1,00000484,941200a0,0,00000480,841100a0,1,0
2,1907,1,00000490,941200a2,1,0000048c,841100a2,1,00000488,a41000b8,1,00000484,941200a0,0,00000480,841100a0,1,0
2,1908,1,00000490,941200a2,1,0000048c,841100a2,1,00000488,a41000b8,1,00000484,941200a0,0,00000480,841100a0,1,0
2,1909,1,00000490,941200a2,1,0000048c,841100a2,1,00000488,a41000b8,1,00000484,941200a0,0,00000480,841100a0,1,0
2,1910,1,00000490,941200a2,1,0000048c,841100a2,1,00000488,a41000b8,1,00000484,941200a0,0,00000480,841100a0,1,0
2,1911,1,00000490,941200a2,1,0000048c,841100a2,1,00000488,a41000b8,1,00000484,941200a0,0,00000480,841100a0,1,0
2,1912,1,00000490,941200a2,1,0000048c,841100a2,1,00000488,a41000b8,1,00000484,941200a0,0,00000480,841100a0,1,0
2,1913,1,00000490,941200a2,1,0000048c,841100a2,1,00000488,a41000b8,1,00000484,941200a0,0,00000480,841100a0,1,0
2,1914,1,00000490,941200a2,1,0000048c,841100a2,1,00000488,a41000b8,1,00000484,941200a0,0,00000480,841100a0,1,0
2,1915,1,00000490,941200a2,1,0000048c,841100a2,1,00000488,a41000b8,1,00000484,941200a0,0,00000480,841100a0,1,0
2,1916,1,00000490,941200a2,1,0000048c,841100a2,1,00000488,a41000b8,1,00000484,941200a0,0,00000480,841100a0,1,1
2,1917,1,00000494,a41000ba,1,00000490,941200a2,1,0000048c,841100a2,1,00000488,a41000b8,1,00000484,941200a0,1,0
2,1918,1,00000494,a41000ba,1,00000490,941200a2,1,0000048c,841100a2,1,00000488,a41000b8,0,00000484,941200a0,1,0
2,1919,1,00000494,a41000ba,1,00000490,941200a2,1,0000048c,841100a2,1,00000488,a41000b8,0,00000484,941200a0,1,0
2,1920,1,00000494,a41000ba,1,00000490,941200a2,1,0000048c,841100a2,1,00000488,a41000b8,0,00000484,941200a0,1,0
2,1921,1,00000494,a41000ba,1,00000490,941200a2,1,0000048c,841100a2,1,00000488,a41000b8,0,00000484,941200a0,1,0
2,1922,1,00000494,a41000ba,1,00000490,941200a2,1,0000048c,841100a2,1,00000488,a41000b8,0,00000484,941200a0,1,0
2,1923,1,00000494,a41000ba,1,00000490,941200a2,1,0000048c,841100a2,1,00000488,a41000b8,0,00000484,941200a0,1,0
2,1924,1,00000494,a41000ba,1,00000490,941200a2,1,0000048c,841100a2,1,00000488,a41000b8,0,00000484,941200a0,1,0
2,1925,1,00000494,a41000ba,1,00000490,941200a2,1,0000048c,841100a2,1,00000488,a41000b8,0,00000484,941200a0,1,0
2,1926,1,00000494,a41000ba,1,00000490,941200a2,1,0000048c,841100a2,1,00000488,a41000b8,0,00000484,941200a0,1,0
2,1927,1,00000494,a41000ba,1,00000490,941200a2,1,0000048c,841100a2,1,00000488,a41000b8,0,00000484,941200a0,1,0
2,1928,1,00000494,a41000ba,1,00000490,941200a2,1,0000048c,841100a2,1,00000488,a41000b8,0,00000484,941200a0,1,0
2,1929,1,00000494,a41000ba,1,00000490,941200a2,1,0000048c,841100a2,1,00000488,a41000b8,0,00000484,941200a0,1,1
2,1930,1,00000498,24110000,1,00000494,a41000ba,1,00000490,941200a2,1,0000048c,841100a2,1,00000488,a41000b8,1,0
2,1931,1,00000498,24110000,1,00000494,a41000ba,1,00000490,941200a2,1,0000048c,841100a2,0,00000488,a41000b8,1,0
2,1932,1,00000498,24110000,1,00000494,a41000ba,1,00000490,941200a2,1,0000048c,841100a2,0,00000488,a41000b8,1,0
2,1933,1,00000498,24110000,1,00000494,a41000ba,1,00000490,941200a2,1,0000048c,841100a2,0,00000488,a41000b8,1,0
2,1934,1,00000498,24110000,1,00000494,a41000ba,1,00000490,941200a2,1,0000048c,841100a2,0,00000488,a41000b8,1,0
2,1935,1,00000498,24110000,1,00000494,a41000ba,1,00000490,941200a2,1,0000048c,841100a2,0,00000488,a41000b8,1,0
2,1936,1,00000498,24110000,1,00000494,a41000ba,1,00000490,941200a2,1,0000048c,841100a2,0,00000488,a41000b8,1,0
2,1937,1,00000498,24110000,1,00000494,a41000ba,1,00000490,941200a2,1,0000048c,841100a2,0,00000488,a41000b8,1,0
2,1938,1,00000498,24110000,1,00000494,a41000ba,1,00000490,941200a2,1,0000048c,841100a2,0,00000488,a41000b8,1,0
2,1939,1,00000498,24110000,1,00000494,a41000ba,1,00000490,941200a2,1,0000048c,841100a2,0,00000488,a41000b8,1,0
2,1940,1,00000498,24110000,1,00000494,a41000ba,1,00000490,941200a2,1,0000048c,841100a2,0,00000488,a41000b8,1,0
2,1941,1,00000498,24110000,1,00000494,a41000ba,1,00000490,941200a2,1,0000048c,841100a2,0,00000488,a41000b8,1,0
2,1942,1,00000498,24110000,1,00000494,a41000ba,1,00000490,941200a2,1,0000048c,841100a2,0,00000488,a41000b8,1,1
2,1943,1,0000049c,02309004,1,00000498,24110000,1,00000494,a41000ba,1,00000490,941200a2,1,0000048c,841100a2,1,0
2,1944,1,0000049c,02309004,1,00000498,24110000,1,00000494,a41000ba,1,00000490,941200a2,0,0000048c,841100a2,1,0
2,1945,1,0000049c,02309004,1,00000498,24110000,1,00000494,a41000ba,1,00000490,941200a2,0,0000048c,841100a2,1,0
2,1946,1,0000049c,02309004,1,00000498,24110000,1,00000494,a41000ba,1,00000490,941200a2,0,0000048c,841100a2,1,0
2,1947,1,0000049c,02309004,1,00000498,24110000,1,00000494,a41000ba,1,00000490,941200a2,0,0000048c,841100a2,1,0
2,1948,1,0000049c,02309004,1,00000498,24110000,1,00000494,a41000ba,1,00000490,941200a2,0,0000048c,841100a2,1,0
2,1949,1,0000049c,02309004,1,00000498,24110000,1,00000494,a41000ba,1,00000490,941200a2,0,0000048c,841100a2,1,0
2,1950,1,0000049c,02309004,1,00000498,24110000,1,00000494,a41000ba,1,00000490,941200a2,0,0000048c,841100a2,1,0
2,1951,1,0000049c,02309004,1,00000498,24110000,1,00000494,a41000ba,1,00000490,941200a2,0,0000048c,841100a2,1,0
2,1952,1,0000049c,02309004,1,00000498,24110000,1,00000494,a41000ba,1,00000490,941200a2,0,0000048c,841100a2,1,0
2,1953,1,0000049c,02309004,1,00000498,24110000,1,00000494,a41000ba,1,00000490,941200a2,0,0000048c,841100a2,1,0
2,1954,1,0000049c,02309004,1,00000498,24110000,1,00000494,a41000ba,1,00000490,941200a2,0,0000048c,841100a2,1,0
2,1955,1,0000049c,02309004,1,00000498,24110000,1,00000494,a41000ba,1,00000490,941200a2,0,0000048c,841100a2,1,1
2,1956,1,000004a0,02309006,1,0000049c,02309004,1,00000498,24110000,1,00000494,a41000ba,1,00000490,941200a2,1,0
2,1957,1,000004a0,02309006,1,0000049c,02309004,1,00000498,24110000,1,00000494,a41000ba,0,00000490,941200a2,1,0
2,1958,1,000004a0,02309006,1,0000049c,02309004,1,00000498,24110000,1,00000494,a41000ba,0,00000490,941200a2,1,0
2,1959,1,000004a0,02309006,1,0000049c,02309004,1,00000498,24110000,1,00000494,a41000ba,0,00000490,941200a2,1,0
2,1960,1,000004a0,02309006,1,0000049c,02309004,1,00000498,24110000,1,00000494,a41000ba,0,00000490,941200a2,1,0
2,1961,1,000004a0,02309006,1,0000049c,02309004,1,00000498,24110000,1,00000494,a41000ba,0,00000490,941200a2,1,0
2,1962,1,000004a0,02309006,1,0000049c,02309004,1,00000498,24110000,1,00000494,a41000ba,0,00000490,941200a2,1,0
2,1963,1,000004a0,02309006,1,0000049c,02309004,1,00000498,24110000,1,00000494,a41000ba,0,00000490,941200a2,1,0
2,1964,1,000004a0,02309006,1,0000049c,02309004,1,00000498,24110000,1,00000494,a41000ba,0,00000490,941200a2,1,0
2,1965,1,000004a0,02309006,1,0000049c,02309004,1,00000498,24110000,1,00000494,a41000ba,0,00000490,941200a2,1,0
2,1966,1,000004a0,02309006,1,0000049c,02309004,1,00000498,24110000,1,00000494,a41000ba,0,00000490,941200a2,1,0
2,1967,1,000004a0,02309006,1,0000049c,02309004,1,00000498,24110000,1,00000494,a41000ba,0,00000490,941200a2,1,0
2,1968,1,000004a0,02309006,1,0000049c,02309004,1,00000498,24110000,1,00000494,a41000ba,0,00000490,941200a2,1,1
2,1969,1,000004a4,02309007,1,000004a0,02309006,1,0000049c,02309004,1,00000498,24110000,1,00000494,a41000ba,0,0
2,1970,1,000004a8,24110001,1,000004a4,02309007,1,000004a0,02309006,1,0000049c,02309004,1,00000498,24110000,0,0
2,1971,1,000004ac,02309004,1,000004a8,24110001,1,000004a4,02309007,1,000004a0,02309006,1,0000049c,02309004,0,0
2,1972,1,000004b0,02309006,1,000004ac,02309004,1,000004a8,24110001,1,000004a4,02309007,1,000004a0,02309006,0,0
2,1973,1,000004b4,02309007,1,000004b0,02309006,1,000004ac,02309004,1,000004a8,24110001,1,000004a4,02309007,0,0
2,1974,1,000004b8,24110002,1,000004b4,02309007,1,000004b0,02309006,1,000004ac,02309004,1,000004a8,24110001,0,0
2,1975,1,000004bc,02309004,1,000004b8,24110002,1,000004b4,02309007,1,000004b0,02309006,1,000004ac,02309004,0,0
2,1976,1,000004c0,02309006,1,000004bc,02309004,1,000004b8,24110002,1,000004b4,02309007,1,000004b0,02309006,0,0
2,1977,1,000004c4,02309007,1,000004c0,02309006,1,000004bc,02309004,1,000004b8,24110002,1,000004b4,02309007,0,0
2,1978,1,000004c8,24110003,1,000004c4,02309007,1,000004c0,02309006,1,000004bc,02309004,1,000004b8,24110002,0,0
2,1979,1,000004cc,02309004,1,000004c8,24110003,1,000004c4,02309007,1,000004c0,02309006,1,000004bc,02309004,0,0
2,1980,1,000004d0,02309006,1,000004cc,02309004,1,000004c8,24110003,1,000004c4,02309007,1,000004c0,02309006,0,0
2,1981,1,000004d4,02309007,1,000004d0,02309006,1,000004cc,02309004,1,000004c8,24110003,1,000004c4,02309007,0,1
2,1982,1,000004d8,24110004,1,000004d4,02309007,1,000004d0,02309006,1,000004cc,02309004,1,000004c8,24110003,0,0
2,1983,1,000004dc,02309004,1,000004d8,24110004,1,000004d4,02309007,1,000004d0,02309006,1,000004cc,02309004,0,0
2,1984,1,000004e0,02309006,1,000004dc,02309004,1,000004d8,24110004,1,000004d4,02309007,1,000004d0,02309006,0,0
2,1985,1,000004e4,02309007,1,000004e0,02309006,1,000004dc,02309004,1,000004d8,24110004,1,000004d4,02309007,0,0
2,1986,1,000004e8,24110005,1,000004e4,02309007,1,000004e0,02309006,1,000004dc,02309004,1,000004d8,24110004,0,0
2,1987,1,000004ec,02309004,1,000004e8,24110005,1,000004e4,02309007,1,000004e0,02309006,1,000004dc,02309004,0,0
2,1988,1,000004f0,02309006,1,000004ec,02309004,1,000004e8,24110005,1,000004e4,02309007,1,000004e0,02309006,0,0
2,1989,1,000004f4,02309007,1,000004f0,02309006,1,000004ec,02309004,1,000004e8,24110005,1,000004e4,02309007,0,0
2,1990,1,000004f8,24110006,1,000004f4,02309007,1,000004f0,02309006,1,000004ec,02309004,1,000004e8,24110005,0,0
2,1991,1,000004fc,02309004,1,000004f8,24110006,1,000004f4,02309007,1,000004f0,02309006,1,000004ec,02309004,0,0
2,1992,1,00000500,02309006,1,000004fc,02309004,1,000004f8,24110006,1,000004f4,02309007,1,000004f0,02309006,0,0
2,1993,1,00000504,02309007,1,00000500,02309006,1,000004fc,02309004,1,000004f8,24110006,1,000004f4,02309007,0,0
2,1994,1,00000508,24110007,1,00000504,02309007,1,00000500,02309006,1,000004fc,02309004,1,000004f8,24110006,0,1
2,1995,1,0000050c,02309004,1,00000508,24110007,1,00000504,02309007,1,00000500,02309006,1,000004fc,02309004,0,0
2,1996,1,00000510,02309006,1,0000050c,02309004,1,00000508,24110007,1,00000504,02309007,1,00000500,02309006,0,0
2,1997,1,00000514,02309007,1,00000510,02309006,1,0000050c,02309004,1,00000508,24110007,1,00000504,02309007,0,0
2,1998,1,00000518,24110008,1,00000514,02309007,1,00000510,02309006,1,0000050c,02309004,1,00000508,24110007,0,0
2,1999,1,0000051c,02309004,1,00000518,24110008,1,00000514,02309007,1,00000510,02309006,1,0000050c,02309004,0,0
2,2000,1,00000520,02309006,1,0000051c,02309004,1,00000518,24110008,1,00000514,02309007,1,00000510,02309006,0,0
2,2001,1,00000524,02309007,1,00000520,02309006,1,0000051c,02309004,1,00000518,24110008,1,00000514,02309007,0,0
2,2002,1,00000528,24110009,1,00000524,02309007,1,00000520,02309006,1,0000051c,02309004,1,00000518,24110008,0,0
2,2003,1,0000052c,02309004,1,00000528,24110009,1,00000524,02309007,1,00000520,02309006,1,0000051c,02309004,0,0
2,2004,1,00000530,02309006,1,0000052c,02309004,1,00000528,24110009,1,00000524,02309007,1,00000520,02309006,0,0
2,2005,1,00000534,02309007,1,00000530,02309006,1,0000052c,02309004,1,00000528,24110009,1,00000524,02309007,0,0
2,2006,1,00000538,2411000a,1,00000534,02309007,1,00000530,02309006,1,0000052c,02309004,1,00000528,24110009,0,0
2,2007,1,0000053c,02309004,1,00000538,2411000a,1,00000534,02309007,1,00000530,02309006,1,0000052c,02309004,0,1
2,2008,1,00000540,02309006,1,0000053c,02309004,1,00000538,2411000a,1,00000534,02309007,1,00000530,02309006,0,0
2,2009,1,00000544,02309007,1,00000540,02309006,1,0000053c,02309004,1,00000538,2411000a,1,00000534,02309007,0,0
2,2010,1,00000548,2411000b,1,00000544,02309007,1,00000540,02309006,1,0000053c,02309004,1,00000538,2411000a,0,0
2,2011,1,0000054c,02309004,1,00000548,2411000b,1,00000544,02309007,1,00000540,02309006,1,0000053c,02309004,0,0
2,2012,1,00000550,02309006,1,0000054c,02309004,1,00000548,2411000b,1,00000544,02309007,1,00000540,02309006,0,0
2,2013,1,00000554,02309007,1,00000550,02309006,1,0000054c,02309004,1,00000548,2411000b,1,00000544,02309007,0,0
2,2014,1,00000558,2411000c,1,00000554,02309007,1,00000550,02309006,1,0000054c,02309004,1,00000548,2411000b,0,0
2,2015,1,0000055c,02309004,1,00000558,2411000c,1,00000554,02309007,1,00000550,02309006,1,0000054c,02309004,0,0
2,2016,1,00000560,02309006,1,0000055c,02309004,1,00000558,2411000c,1,00000554,02309007,1,00000550,02309006,0,0
2,2017,1,00000564,02309007,1,00000560,02309006,1,0000055c,02309004,1,00000558,2411000c,1,00000554,02309007,0,0
2,2018,1,00000568,2411000d,1,00000564,02309007,1,00000560,02309006,1,0000055c,02309004,1,00000558,2411000c,0,0
2,2019,1,0000056c,02309004,1,00000568,2411000d,1,00000564,02309007,1,00000560,02309006,1,0000055c,02309004,0,0
2,2020,1,00000570,02309006,1,0000056c,02309004,1,00000568,2411000d,1,00000564,02309007,1,00000560,02309006,0,1
2,2021,1,00000574,02309007,1,00000570,02309006,1,0000056c,02309004,1,00000568,2411000d,1,00000564,02309007,0,0
2,2022,1,00000578,2411000e,1,00000574,02309007,1,00000570,02309006,1,0000056c,02309004,1,00000568,2411000d,0,0
2,2023,1,0000057c,02309004,1,00000578,2411000e,1,00000574,02309007,1,00000570,02309006,1,0000056c,02309004,0,0
2,2024,1,00000580,02309006,1,0000057c,02309004,1,00000578,2411000e,1,00000574,02309007,1,00000570,02309006,0,0
2,2025,1,00000584,02309007,1,00000580,02309006,1,0000057c,02309004,1,00000578,2411000e,1,00000574,02309007,0,0
2,2026,1,00000588,2411000f,1,00000584,02309007,1,00000580,02309006,1,0000057c,02309004,1,00000578,2411000e,0,0
2,2027,1,0000058c,02309004,1,00000588,2411000f,1,00000584,02309007,1,00000580,02309006,1,0000057c,02309004,0,0
2,2028,1,00000590,02309006,1,0000058c,02309004,1,00000588,2411000f,1,00000584,02309007,1,00000580,02309006,0,0
2,2029,1,00000594,02309007,1,00000590,02309006,1,0000058c,02309004,1,00000588,2411000f,1,00000584,02309007,0,0
2,2030,1,00000598,24110010,1,00000594,02309007,1,00000590,02309006,1,0000058c,02309004,1,00000588,2411000f,0,0
2,2031,1,0000059c,02309004,1,00000598,24110010,1,00000594,02309007,1,00000590,02309006,1,0000058c,02309004,0,0
2,2032,1,000005a0,02309006,1,0000059c,02309004,1,00000598,24110010,1,00000594,02309007,1,00000590,02309006,0,0
2,2033,1,000005a4,02309007,1,000005a0,02309006,1,0000059c,02309004,1,00000598,24110010,1,00000594,02309007,0,1
2,2034,1,000005a8,24110011,1,000005a4,02309007,1,000005a0,02309006,1,0000059c,02309004,1,00000598,24110010,0,0
2,2035,1,000005ac,02309004,1,000005a8,24110011,1,000005a4,02309007,1,000005a0,02309006,1,0000059c,02309004,0,0
2,2036,1,000005b0,02309006,1,000005ac,02309004,1,000005a8,24110011,1,000005a4,02309007,1,000005a0,02309006,0,0
2,2037,1,000005b4,02309007,1,000005b0,02309006,1,000005ac,02309004,1,000005a8,24110011,1,000005a4,02309007,0,0
2,2038,1,000005b8,24110012,1,000005b4,02309007,1,000005b0,02309006,1,000005ac,02309004,1,000005a8,24110011,0,0
2,2039,1,000005bc,02309004,1,000005b8,24110012,1,000005b4,02309007,1,000005b0,02309006,1,000005ac,02309004,0,0
2,2040,1,000005c0,02309006,1,000005bc,02309004,1,000005b8,24110012,1,000005b4,02309007,1,000005b0,02309006,0,0
2,2041,1,000005c4,02309007,1,000005c0,02309006,1,000005bc,02309004,1,000005b8,24110012,1,000005b4,02309007,0,0
2,2042,1,000005c8,24110013,1,000005c4,02309007,1,000005c0,02309006,1,000005bc,02309004,1,000005b8,24110012,0,0
2,2043,1,000005cc,02309004,1,000005c8,24110013,1,000005c4,02309007,1,000005c0,02309006,1,000005bc,02309004,0,0
2,2044,1,000005d0,02309006,1,000005cc,02309004,1,000005c8,24110013,1,000005c4,02309007,1,000005c0,02309006,0,0
2,2045,1,000005d4,02309007,1,000005d0,02309006,1,000005cc,02309004,1,000005c8,24110013,1,000005c4,02309007,0,0
2,2046,1,000005d8,24110014,1,000005d4,02309007,1,000005d0,02309006,1,000005cc,02309004,1,000005c8,24110013,0,1
2,2047,1,000005dc,02309004,1,000005d8,24110014,1,000005d4,02309007,1,000005d0,02309006,1,000005cc,02309004,0,0
2,2048,1,000005e0,02309006,1,000005dc,02309004,1,000005d8,24110014,1,000005d4,02309007,1,000005d0,02309006,0,0
2,2049,1,000005e4,02309007,1,000005e0,02309006,1,000005dc,02309004,1,000005d8,24110014,1,000005d4,02309007,0,0
2,2050,1,000005e8,24110015,1,000005e4,02309007,1,000005e0,02309006,1,000005dc,02309004,1,000005d8,24110014,0,0
2,2051,1,000005ec,02309004,1,000005e8,24110015,1,000005e4,02309007,1,000005e0,02309006,1,000005dc,02309004,0,0
2,2052,1,000005f0,02309006,1,000005ec,02309004,1,000005e8,24110015,1,000005e4,02309007,1,000005e0,02309006,0,0
2,2053,1,000005f4,02309007,1,000005f0,02309006,1,000005ec,02309004,1,000005e8,24110015,1,000005e4,02309007,0,0
2,2054,1,000005f8,24110016,1,000005f4,02309007,1,000005f0,02309006,1,000005ec,02309004,1,000005e8,24110015,0,0
2,2055,1,000005fc,02309004,1,000005f8,24110016,1,000005f4,02309007,1,000005f0,02309006,1,000005ec,02309004,0,0
2,2056,1,00000600,02309006,1,000005fc,02309004,1,000005f8,24110016,1,000005f4,02309007,1,000005f0,02309006,0,0
2,2057,1,00000604,02309007,1,00000600,02309006,1,000005fc,02309004,1,000005f8,24110016,1,000005f4,02309007,0,0
2,2058,1,00000608,24110017,1,00000604,02309007,1,00000600,02309006,1,000005fc,02309004,1,000005f8,24110016,0,0
2,2059,1,0000060c,02309004,1,00000608,24110017,1,00000604,02309007,1,00000600,02309006,1,000005fc,02309004,0,1
2,2060,1,00000610,02309006,1,0000060c,02309004,1,00000608,24110017,1,00000604,02309007,1,00000600,02309006,0,0
2,2061,1,00000614,02309007,1,00000610,02309006,1,0000060c,02309004,1,00000608,24110017,1,00000604,02309007,0,0
2,2062,1,00000618,24110018,1,00000614,02309007,1,00000610,02309006,1,0000060c,02309004,1,00000608,24110017,0,0
2,2063,1,0000061c,02309004,1,00000618,24110018,1,00000614,02309007,1,00000610,02309006,1,0000060c,02309004,0,0
2,2064,1,00000620,02309006,1,0000061c,02309004,1,00000618,24110018,1,00000614,02309007,1,00000610,02309006,0,0
2,2065,1,00000624,02309007,1,00000620,02309006,1,0000061c,02309004,1,00000618,24110018,1,00000614,02309007,0,0
2,2066,1,00000628,24110019,1,00000624,02309007,1,00000620,02309006,1,0000061c,02309004,1,00000618,24110018,0,0
2,2067,1,0000062c,02309004,1,00000628,24110019,1,00000624,02309007,1,00000620,02309006,1,0000061c,02309004,0,0
2,2068,1,00000630,02309006,1,0000062c,02309004,1,00000628,24110019,1,00000624,02309007,1,00000620,02309006,0,0
2,2069,1,00000634,02309007,1,00000630,02309006,1,0000062c,02309004,1,00000628,24110019,1,00000624,02309007,0,0
2,2070,1,00000638,2411001a,1,00000634,02309007,1,00000630,02309006,1,0000062c,02309004,1,00000628,24110019,0,0
2,2071,1,0000063c,02309004,1,00000638,2411001a,1,00000634,02309007,1,00000630,02309006,1,0000062c,02309004,0,0
2,2072,1,00000640,02309006,1,0000063c,02309004,1,00000638,2411001a,1,00000634,02309007,1,00000630,02309006,0,1
2,2073,1,00000644,02309007,1,00000640,02309006,1,0000063c,02309004,1,00000638,2411001a,1,00000634,02309007,0,0
2,2074,1,00000648,2411001b,1,00000644,02309007,1,00000640,02309006,1,0000063c,02309004,1,00000638,2411001a,0,0
2,2075,1,0000064c,02309004,1,00000648,2411001b,1,00000644,02309007,1,00000640,02309006,1,0000063c,02309004,0,0
2,2076,1,00000650,02309006,1,0000064c,02309004,1,00000648,2411001b,1,00000644,02309007,1,00000640,02309006,0,0
2,2077,1,00000654,02309007,1,00000650,02309006,1,0000064c,02309004,1,00000648,2411001b,1,00000644,02309007,0,0
2,2078,1,00000658,2411001c,1,00000654,02309007,1,00000650,02309006,1,0000064c,02309004,1,00000648,2411001b,0,0
2,2079,1,0000065c,02309004,1,00000658,2411001c,1,00000654,02309007,1,00000650,02309006,1,0000064c,02309004,0,0
2,2080,1,00000660,02309006,1,0000065c,02309004,1,00000658,2411001c,1,00000654,02309007,1,00000650,02309006,0,0
2,2081,1,00000664,02309007,1,00000660,02309006,1,0000065c,02309004,1,00000658,2411001c,1,00000654,02309007,0,0
2,2082,1,00000668,2411001d,1,00000664,02309007,1,00000660,02309006,1,0000065c,02309004,1,00000658,2411001c,0,0
2,2083,1,0000066c,02309004,1,00000668,2411001d,1,00000664,02309007,1,00000660,02309006,1,0000065c,02309004,0,0
2,2084,1,00000670,02309006,1,0000066c,02309004,1,00000668,2411001d,1,00000664,02309007,1,00000660,02309006,0,0
2,2085,1,00000674,02309007,1,00000670,02309006,1,0000066c,02309004,1,00000668,2411001d,1,00000664,02309007,0,1
2,2086,1,00000678,2411001e,1,00000674,02309007,1,00000670,02309006,1,0000066c,02309004,1,00000668,2411001d,0,0
2,2087,1,0000067c,02309004,1,00000678,2411001e,1,00000674,02309007,1,00000670,02309006,1,0000066c,02309004,0,0
2,2088,1,00000680,02309006,1,0000067c,02309004,1,00000678,2411001e,1,00000674,02309007,1,00000670,02309006,0,0
2,2089,1,00000684,02309007,1,00000680,02309006,1,0000067c,02309004,1,00000678,2411001e,1,00000674,02309007,0,0
2,2090,1,00000688,2411001f,1,00000684,02309007,1,00000680,02309006,1,0000067c,02309004,1,00000678,2411001e,0,0
2,2091,1,0000068c,02309004,1,00000688,2411001f,1,00000684,02309007,1,00000680,02309006,1,0000067c,02309004,0,0
2,2092,1,00000690,02309006,1,0000068c,02309004,1,00000688,2411001f,1,00000684,02309007,1,00000680,02309006,0,0
2,2093,1,00000694,02309007,1,00000690,02309006,1,0000068c,02309004,1,00000688,2411001f,1,00000684,02309007,0,0
2,2094,1,00000698,02520021,1,00000694,02309007,1,00000690,02309006,1,0000068c,02309004,1,00000688,2411001f,0,0
2,2095,1,0000069c,2413ffff,1,00000698,02520021,1,00000694,02309007,1,00000690,02309006,1,0000068c,02309004,0,0
2,2096,1,000006a0,2413ffff,1,0000069c,2413ffff,1,00000698,02520021,1,00000694,02309007,1,00000690,02309006,0,0
2,2097,1,000006a4,12730002,1,000006a0,2413ffff,1,0000069c,2413ffff,1,00000698,02520021,1,00000694,02309007,0,0
2,2098,1,000006a8,2414000c,1,000006a4,12730002,1,000006a0,2413ffff,1,0000069c,2413ffff,1,00000698,02520021,0,1
2,2099,1,000006ac,2414000d,1,000006a8,2414000c,1,000006a4,12730002,1,000006a0,2413ffff,1,0000069c,2413ffff,0,0
2,2100,1,000006b0,24130001,0,000006a8,2414000c,1,000006a8,2414000c,1,000006a4,12730002,1,000006a0,2413ffff,0,0
2,2101,1,000006b4,12730002,1,000006b0,24130001,0,000006a8,2414000c,1,000006a8,2414000c,1,000006a4,12730002,0,0
2,2102,1,000006b8,2414000c,1,000006b4,12730002,1,000006b0,24130001,0,000006a8,2414000c,1,000006a8,2414000c,0,0
2,2103,1,000006bc,2414000d,1,000006b8,2414000c,1,000006b4,12730002,1,000006b0,24130001,0,000006a8,2414000c,0,0
2,2104,1,000006c0,2413ffff,0,000006b8,2414000c,1,000006b8,2414000c,1,000006b4,12730002,1,000006b0,24130001,0,0
2,2105,1,000006c4,16730002,1,000006c0,2413ffff,0,000006b8,2414000c,1,000006b8,2414000c,1,000006b4,12730002,0,0
2,2106,1,000006c8,2414000c,1,000006c4,16730002,1,000006c0,2413ffff,0,000006b8,2414000c,1,000006b8,2414000c,0,0
2,2107,1,000006cc,2414000d,1,000006c8,2414000c,1,000006c4,16730002,1,000006c0,2413ffff,0,000006b8,2414000c,0,0
2,2108,1,000006cc,2414000d,0,000006c8,2414000c,1,000006c8,2414000c,1,000006c4,16730002,1,000006c0,2413ffff,0,0
2,2109,1,000006d0,24130001,1,000006cc,2414000d,0,000006c8,2414000c,1,000006c8,2414000c,1,000006c4,16730002,0,0
2,2110,1,000006d4,16730002,1,000006d0,24130001,1,000006cc,2414000d,0,000006c8,2414000c,1,000006c8,2414000c,0,0
2,2111,1,000006d8,2414000c,1,000006d4,16730002,1,000006d0,24130001,1,000006cc,2414000d,0,000006c8,2414000c,0,1
2,2112,1,000006dc,2414000d,1,000006d8,2414000c,1,000006d4,16730002,1,000006d0,24130001,1,000006cc,2414000d,0,0
2,2113,1,000006dc,2414000d,0,000006d8,2414000c,1,000006d8,2414000c,1,000006d4,16730002,1,000006d0,24130001,0,0
2,2114,1,000006e0,2413ffff,1,000006dc,2414000d,0,000006d8,2414000c,1,000006d8,2414000c,1,000006d4,16730002,0,0
2,2115,1,000006e4,1a600002,1,000006e0,2413ffff,1,000006dc,2414000d,0,000006d8,2414000c,1,000006d8,2414000c,0,0
2,2116,1,000006e8,2414000c,1,000006e4,1a600002,1,000006e0,2413ffff,1,000006dc,2414000d,0,000006d8,2414000c,0,0
2,2117,1,000006ec,2414000d,1,000006e8,2414000c,1,000006e4,1a600002,1,000006e0,2413ffff,1,000006dc,2414000d,0,0
2,2118,1,000006f0,24130001,0,000006e8,2414000c,1,000006e8,2414000c,1,000006e4,1a600002,1,000006e0,2413ffff,0,0
2,2119,1,000006f4,1a600002,1,000006f0,24130001,0,000006e8,2414000c,1,000006e8,2414000c,1,000006e4,1a600002,0,0
2,2120,1,000006f8,2414000c,1,000006f4,1a600002,1,000006f0,24130001,0,000006e8,2414000c,1,000006e8,2414000c,0,0
2,2121,1,000006fc,2414000d,1,000006f8,2414000c,1,000006f4,1a600002,1,000006f0,24130001,0,000006e8,2414000c,0,0
2,2122,1,000006fc,2414000d,0,000006f8,2414000c,1,000006f8,2414000c,1,000006f4,1a600002,1,000006f0,24130001,0,0
2,2123,1,00000700,2413ffff,1,000006fc,2414000d,0,000006f8,2414000c,1,000006f8,2414000c,1,000006f4,1a600002,0,0
2,2124,1,00000704,1e600002,1,00000700,2413ffff,1,000006fc,2414000d,0,000006f8,2414000c,1,000006f8,2414000c,0,1
2,2125,1,00000708,2414000c,1,00000704,1e600002,1,00000700,2413ffff,1,000006fc,2414000d,0,000006f8,2414000c,0,0
2,2126,1,0000070c,2414000d,1,00000708,2414000c,1,00000704,1e600002,1,00000700,2413ffff,1,000006fc,2414000d,0,0
2,2127,1,0000070c,2414000d,0,00000708,2414000c,1,00000708,2414000c,1,00000704,1e600002,1,00000700,2413ffff,0,0
2,2128,1,00000710,24130001,1,0000070c,2414000d,0,00000708,2414000c,1,00000708,2414000c,1,00000704,1e600002,0,0
2,2129,1,00000714,1e600002,1,00000710,24130001,1,0000070c,2414000d,0,00000708,2414000c,1,00000708,2414000c,0,0
2,2130,1,00000718,2414000c,1,00000714,1e600002,1,00000710,24130001,1,0000070c,2414000d,0,00000708,2414000c,0,0
2,2131,1,0000071c,2414000d,1,00000718,2414000c,1,00000714,1e600002,1,00000710,24130001,1,0000070c,2414000d,0,0
2,2132,1,00000720,2413ffff,0,00000718,2414000c,1,00000718,2414000c,1,00000714,1e600002,1,00000710,24130001,0,0
2,2133,1,00000724,06600002,1,00000720,2413ffff,0,00000718,2414000c,1,00000718,2414000c,1,00000714,1e600002,0,0
2,2134,1,00000728,2414000c,1,00000724,06600002,1,00000720,2413ffff,0,00000718,2414000c,1,00000718,2414000c,0,0
2,2135,1,0000072c,2414000d,1,00000728,2414000c,1,00000724,06600002,1,00000720,2413ffff,0,00000718,2414000c,0,0
2,2136,1,00000730,24130001,0,00000728,2414000c,1,00000728,2414000c,1,00000724,06600002,1,00000720,2413ffff,0,0
2,2137,1,00000734,06600002,1,00000730,24130001,0,00000728,2414000c,1,00000728,2414000c,1,00000724,06600002,0,1
2,2138,1,00000738,2414000c,1,00000734,06600002,1,00000730,24130001,0,00000728,2414000c,1,00000728,2414000c,0,0
2,2139,1,0000073c,2414000d,1,00000738,2414000c,1,00000734,06600002,1,00000730,24130001,0,00000728,2414000c,0,0
2,2140,1,0000073c,2414000d,0,00000738,2414000c,1,00000738,2414000c,1,00000734,06600002,1,00000730,24130001,0,0
2,2141,1,00000740,2413ffff,1,0000073c,2414000d,0,00000738,2414000c,1,00000738,2414000c,1,00000734,06600002,0,0
2,2142,1,00000744,06610002,1,00000740,2413ffff,1,0000073c,2414000d,0,00000738,2414000c,1,00000738,2414000c,0,0
2,2143,1,00000748,27f40001,1,00000744,06610002,1,00000740,2413ffff,1,0000073c,2414000d,0,00000738,2414000c,0,0
2,2144,1,0000074c,2414000d,1,00000748,27f40001,1,00000744,06610002,1,00000740,2413ffff,1,0000073c,2414000d,0,0
2,2145,1,0000074c,2414000d,0,00000748,27f40001,1,00000748,27f40001,1,00000744,06610002,1,00000740,2413ffff,0,0
2,2146,1,00000750,24130001,1,0000074c,2414000d,0,00000748,27f40001,1,00000748,27f40001,1,00000744,06610002,0,0
2,2147,1,00000754,06610002,1,00000750,24130001,1,0000074c,2414000d,0,00000748,27f40001,1,00000748,27f40001,0,0
2,2148,1,00000758,27f40001,1,00000754,06610002,1,00000750,24130001,1,0000074c,2414000d,0,00000748,27f40001,0,0
2,2149,1,0000075c,2414000d,1,00000758,27f40001,1,00000754,06610002,1,00000750,24130001,1,0000074c,2414000d,0,0
2,2150,1,00000760,2413ffff,0,00000758,27f40001,1,00000758,27f40001,1,00000754,06610002,1,00000750,24130001,0,1
2,2151,1,00000764,06700002,1,00000760,2413ffff,0,00000758,27f40001,1,00000758,27f40001,1,00000754,06610002,0,0
2,2152,1,00000768,27f40001,1,00000764,06700002,1,00000760,2413ffff,0,00000758,27f40001,1,00000758,27f40001,0,0
2,2153,1,0000076c,2414000d,1,00000768,27f40001,1,00000764,06700002,1,00000760,2413ffff,0,00000758,27f40001,0,0
2,2154,1,00000770,24130001,0,00000768,27f40001,1,00000768,27f40001,1,00000764,06700002,1,00000760,2413ffff,0,0
2,2155,1,00000774,06700002,1,00000770,24130001,0,00000768,27f40001,1,00000768,27f40001,1,00000764,06700002,0,0
2,2156,1,00000778,27f40001,1,00000774,06700002,1,00000770,24130001,0,00000768,27f40001,1,00000768,27f40001,0,0
2,2157,1,0000077c,2414000d,1,00000778,27f40001,1,00000774,06700002,1,00000770,24130001,0,00000768,27f40001,0,0
2,2158,1,0000077c,2414000d,0,00000778,27f40001,1,00000778,27f40001,1,00000774,06700002,1,00000770,24130001,0,0
2,2159,1,00000780,2413ffff,1,0000077c,2414000d,0,00000778,27f40001,1,00000778,27f40001,1,00000774,06700002,0,0
2,2160,1,00000784,06710002,1,00000780,2413ffff,1,0000077c,2414000d,0,00000778,27f40001,1,00000778,27f40001,0,0
2,2161,1,00000788,27f40001,1,00000784,06710002,1,00000780,2413ffff,1,0000077c,2414000d,0,00000778,27f40001,0,0
2,2162,1,0000078c,2414000d,1,00000788,27f40001,1,00000784,06710002,1,00000780,2413ffff,1,0000077c,2414000d,0,0
2,2163,1,0000078c,2414000d,0,00000788,27f40001,1,00000788,27f40001,1,00000784,06710002,1,00000780,2413ffff,0,1
2,2164,1,00000790,24130001,1,0000078c,2414000d,0,00000788,27f40001,1,00000788,27f40001,1,00000784,06710002,0,0
2,2165,1,00000794,06710002,1,00000790,24130001,1,0000078c,2414000d,0,00000788,27f40001,1,00000788,27f40001,0,0
2,2166,1,00000798,27f40001,1,00000794,06710002,1,00000790,24130001,1,0000078c,2414000d,0,00000788,27f40001,0,0
2,2167,1,0000079c,2414000d,1,00000798,27f40001,1,00000794,06710002,1,00000790,24130001,1,0000078c,2414000d,0,0
2,2168,1,000007a0,0c0001eb,0,00000798,27f40001,1,00000798,27f40001,1,00000794,06710002,1,00000790,24130001,0,0
2,2169,1,000007a4,27f40000,1,000007a0,0c0001eb,0,00000798,27f40001,1,00000798,27f40001,1,00000794,06710002,0,0
2,2170,1,000007a8,24140063,1,000007a4,27f40000,1,000007a0,0c0001eb,0,00000798,27f40001,1,00000798,27f40001,0,0
2,2171,1,000007ac,241507bc,0,000007a4,27f40000,1,000007a4,27f40000,1,000007a0,0c0001eb,0,00000798,27f40001,0,0
2,2172,1,000007b0,02a0a809,1,000007ac,241507bc,0,000007a4,27f40000,1,000007a4,27f40000,1,000007a0,0c0001eb,0,0
2,2173,1,000007b4,26b40000,1,000007b0,02a0a809,1,000007ac,241507bc,0,000007a4,27f40000,1,000007a4,27f40000,0,0
2,2174,1,000007b8,24140063,1,000007b4,26b40000,1,000007b0,02a0a809,1,000007ac,241507bc,0,000007a4,27f40000,0,0
2,2175,1,000007bc,24160003,0,000007b4,26b40000,1,000007b4,26b40000,1,000007b0,02a0a809,1,000007ac,241507bc,0,0
2,2176,1,000007c0,26d6ffff,1,000007bc,24160003,0,000007b4,26b40000,1,000007b4,26b40000,1,000007b0,02a0a809,0,1
2,2177,1,000007c4,1ec0fffe,1,000007c0,26d6ffff,1,000007bc,24160003,0,000007b4,26b40000,1,000007b4,26b40000,0,0
2,2178,1,000007c8,26940001,1,000007c4,1ec0fffe,1,000007c0,26d6ffff,1,000007bc,24160003,0,000007b4,26b40000,0,0
2,2179,1,000007cc,ac0700fc,1,000007c8,26940001,1,000007c4,1ec0fffe,1,000007c0,26d6ffff,1,000007bc,24160003,0,0
2,2180,1,000007c0,26d6ffff,0,000007c8,26940001,1,000007c8,26940001,1,000007c4,1ec0fffe,1,000007c0,26d6ffff,0,0
2,2181,1,000007c4,1ec0fffe,1,000007c0,26d6ffff,0,000007c8,26940001,1,000007c8,26940001,1,000007c4,1ec0fffe,0,0
2,2182,1,000007c8,26940001,1,000007c4,1ec0fffe,1,000007c0,26d6ffff,0,000007c8,26940001,1,000007c8,26940001,0,0
2,2183,1,000007cc,ac0700fc,1,000007c8,26940001,1,000007c4,1ec0fffe,1,000007c0,26d6ffff,0,000007c8,26940001,0,0
2,2184,1,000007c0,26d6ffff,0,000007c8,26940001,1,000007c8,26940001,1,000007c4,1ec0fffe,1,000007c0,26d6ffff,0,0
2,2185,1,000007c4,1ec0fffe,1,000007c0,26d6ffff,0,000007c8,26940001,1,000007c8,26940001,1,000007c4,1ec0fffe,0,0
2,2186,1,000007c8,26940001,1,000007c4,1ec0fffe,1,000007c0,26d6ffff,0,000007c8,26940001,1,000007c8,26940001,0,0
2,2187,1,000007cc,ac0700fc,1,000007c8,26940001,1,000007c4,1ec0fffe,1,000007c0,26d6ffff,0,000007c8,26940001,0,0
2,2188,1,000007cc,ac0700fc,0,000007c8,26940001,1,000007c8,26940001,1,000007c4,1ec0fffe,1,000007c0,26d6ffff,0,0
2,2189,1,000007d0,00000000,1,000007cc,ac0700fc,0,000007c8,26940001,1,000007c8,26940001,1,000007c4,1ec0fffe,0,1
2,2190,1,000007d4,00000000,1,000007d0,00000000,1,000007cc,ac0700fc,0,000007c8,26940001,1,000007c8,26940001,0,0
2,2191,1,000007d8,00000000,1,000007d4,00000000,1,000007d0,00000000,1,000007cc,ac0700fc,0,000007c8,26940001,1,0
2,2192,1,000007d8,00000000,1,000007d4,00000000,1,000007d0,00000000,1,000007cc,ac0700fc,0,000007c8,26940001,1,0
2,2193,1,000007d8,00000000,1,000007d4,00000000,1,000007d0,00000000,1,000007cc,ac0700fc,0,000007c8,26940001,1,0
2,2194,1,000007d8,00000000,1,000007d4,00000000,1,000007d0,00000000,1,000007cc,ac0700fc,0,000007c8,26940001,1,0
2,2195,1,000007d8,00000000,1,000007d4,00000000,1,000007d0,00000000,1,000007cc,ac0700fc,0,000007c8,26940001,1,0
2,2196,1,000007d8,00000000,1,000007d4,00000000,1,000007d0,00000000,1,000007cc,ac0700fc,0,000007c8,26940001,1,0
2,2197,1,000007d8,00000000,1,000007d4,00000000,1,000007d0,00000000,1,000007cc,ac0700fc,0,000007c8,26940001,1,0
2,2198,1,000007d8,00000000,1,000007d4,00000000,1,000007d0,00000000,1,000007cc,ac0700fc,0,000007c8,26940001,1,0
2,2199,1,000007d8,00000000,1,000007d4,00000000,1,000007d0,00000000,1,000007cc,ac0700fc,0,000007c8,26940001,1,0
2,2200,1,000007d8,00000000,1,000007d4,00000000,1,000007d0,00000000,1,000007cc,ac0700fc,0,000007c8,26940001,1,0
2,2201,1,000007d8,00000000,1,000007d4,00000000,1,000007d0,00000000,1,000007cc,ac0700fc,0,000007c8,26940001,1,0
2,2202,1,000007d8,00000000,1,000007d4,00000000,1,000007d0,00000000,1,000007cc,ac0700fc,0,000007c8,26940001,1,1
2,2203,1,000007dc,00000000,1,000007d8,00000000,1,000007d4,00000000,1,000007d0,00000000,1,000007cc,ac0700fc,0,0
2,2207,1,00000000,24010037,0,00000000,00000000,0,00000000,00000000,0,00000000,00000000,0,00000000,00000000,0,0
2,2208,1,00000004,ac010000,1,00000000,24010037,0,00000000,00000000,0,00000000,00000000,0,00000000,00000000,0,0
2,2209,1,00000008,0000000c,1,00000004,ac010000,1,00000000,24010037,0,00000000,00000000,0,00000000,00000000,0,0
2,2210,1,0000000c,ac010004,1,00000008,0000000c,1,00000004,ac010000,1,00000000,24010037,0,00000000,00000000,0,0
2,2211,1,00000010,2402004d,1,0000000c,ac010004,1,00000008,0000000c,1,00000004,ac010000,1,00000000,24010037,1,0
2,2212,1,00000010,2402004d,1,0000000c,ac010004,1,00000008,0000000c,1,00000004,ac010000,0,00000000,24010037,1,0
2,2213,1,00000010,2402004d,1,0000000c,ac010004,1,00000008,0000000c,1,00000004,ac010000,0,00000000,24010037,1,0
2,2214,1,00000010,2402004d,1,0000000c,ac010004,1,00000008,0000000c,1,00000004,ac010000,0,00000000,24010037,1,0
2,2215,1,00000010,2402004d,1,0000000c,ac010004,1,00000008,0000000c,1,00000004,ac010000,0,00000000,24010037,1,1
2,2216,0,00000010,2402004d,0,0000000c,ac010004,0,00000008,0000000c,1,00000008,0000000c,1,00000004,ac010000,0,0
2,2217,0,00000010,2402004d,0,0000000c,ac010004,0,00000008,0000000c,0,00000008,0000000c,1,00000008,0000000c,0,0
2,2218,1,00001000,40146800,0,0000000c,ac010004,0,00000008,0000000c,0,00000008,0000000c,0,00000008,0000000c,0,0
2,2219,1,00001004,40157000,1,00001000,40146800,0,0000000c,ac010004,0,00000008,0000000c,0,00000008,0000000c,0,0
2,2220,1,00001008,40164000,1,00001004,40157000,1,00001000,40146800,0,0000000c,ac010004,0,00000008,0000000c,0,0
2,2221,1,00001008,40164000,1,00001004,40157000,0,00001000,40146800,1,00001000,40146800,0,0000000c,ac010004,0,0
2,2222,1,00001008,40164000,1,00001004,40157000,0,00001000,40146800,0,00001000,40146800,1,00001000,40146800,0,0
2,2223,1,00001008,40164000,1,00001004,40157000,0,00001000,40146800,0,00001000,40146800,0,00001000,40146800,0,0
2,2224,1,0000100c,40176000,1,00001008,40164000,1,00001004,40157000,0,00001000,40146800,0,00001000,40146800,0,0
2,2225,1,0000100c,40176000,1,00001008,40164000,0,00001004,40157000,1,00001004,40157000,0,00001000,40146800,0,0
2,2226,1,0000100c,40176000,1,00001008,40164000,0,00001004,40157000,0,00001004,40157000,1,00001004,40157000,0,0
2,2227,1,0000100c,40176000,1,00001008,40164000,0,00001004,40157000,0,00001004,40157000,0,00001004,40157000,0,0
2,2228,1,00001010,24180010,1,0000100c,40176000,1,00001008,40164000,0,00001004,40157000,0,00001004,40157000,0,1
2,2229,1,00001010,24180010,1,0000100c,40176000,0,00001008,40164000,1,00001008,40164000,0,00001004,40157000,0,0
2,2230,1,00001010,24180010,1,0000100c,40176000,0,00001008,40164000,0,00001008,40164000,1,00001008,40164000,0,0
2,2231,1,00001010,24180010,1,0000100c,40176000,0,00001008,40164000,0,00001008,40164000,0,00001008,40164000,0,0
2,2232,1,00001014,40987000,1,00001010,24180010,1,0000100c,40176000,0,00001008,40164000,0,00001008,40164000,0,0
2,2233,1,00001014,40987000,1,00001010,24180010,0,0000100c,40176000,1,0000100c,40176000,0,00001008,40164000,0,0
2,2234,1,00001014,40987000,1,00001010,24180010,0,0000100c,40176000,0,0000100c,40176000,1,0000100c,40176000,0,0
2,2235,1,00001014,40987000,1,00001010,24180010,0,0000100c,40176000,0,0000100c,40176000,0,0000100c,40176000,0,0
2,2236,1,00001018,42000018,1,00001014,40987000,1,00001010,24180010,0,0000100c,40176000,0,0000100c,40176000,0,0
2,2237,1,00001018,42000018,1,00001014,40987000,0,00001010,24180010,1,00001010,24180010,0,0000100c,40176000,0,0
2,2238,1,00001018,42000018,1,00001014,40987000,0,00001010,24180010,0,00001010,24180010,1,00001010,24180010,0,0
2,2239,1,00001018,42000018,1,00001014,40987000,0,00001010,24180010,0,00001010,24180010,0,00001010,24180010,0,0
2,2240,1,0000101c,00000000,1,00001018,42000018,1,00001014,40987000,0,00001010,24180010,0,00001010,24180010,0,0
2,2241,1,0000101c,00000000,1,00001018,42000018,0,00001014,40987000,1,00001014,40987000,0,00001010,24180010,0,1
2,2242,1,0000101c,00000000,1,00001018,42000018,0,00001014,40987000,0,00001014,40987000,1,00001014,40987000,0,0
2,2243,1,0000101c,00000000,1,00001018,42000018,0,00001014,40987000,0,00001014,40987000,0,00001014,40987000,0,0
2,2244,1,00001020,00000000,1,0000101c,00000000,1,00001018,42000018,0,00001014,40987000,0,00001014,40987000,0,0
2,2245,1,00001020,00000000,1,0000101c,00000000,0,00001018,42000018,1,00001018,42000018,0,00001014,40987000,0,0
2,2246,1,00001020,00000000,1,0000101c,00000000,0,00001018,42000018,0,00001018,42000018,1,00001018,42000018,0,0
2,2247,1,00000010,2402004d,0,0000101c,00000000,0,00001018,42000018,0,00001018,42000018,0,00001018,42000018,0,0
2,2248,1,00000014,ac020008,1,00000010,2402004d,0,0000101c,00000000,0,00001018,42000018,0,00001018,42000018,0,0
2,2249,1,00000018,00000000,1,00000014,ac020008,1,00000010,2402004d,0,0000101c,00000000,0,00001018,42000018,0,0
2,2250,1,0000001c,00000000,1,00000018,00000000,1,00000014,ac020008,1,00000010,2402004d,0,0000101c,00000000,0,0
2,2251,1,00000020,00000000,1,0000001c,00000000,1,00000018,00000000,1,00000014,ac020008,1,00000010,2402004d,1,0
2,2252,1,00000020,00000000,1,0000001c,00000000,1,00000018,00000000,1,00000014,ac020008,0,00000010,2402004d,1,0
2,2253,1,00000020,00000000,1,0000001c,00000000,1,00000018,00000000,1,00000014,ac020008,0,00000010,2402004d,1,0
2,2254,1,00000020,00000000,1,0000001c,00000000,1,00000018,00000000,1,00000014,ac020008,0,00000010,2402004d,1,1
2,2258,1,00000000,24010037,0,00000000,00000000,0,00000000,00000000,0,00000000,00000000,0,00000000,00000000,0,0
2,2259,1,00000004,ac010000,1,00000000,24010037,0,00000000,00000000,0,00000000,00000000,0,00000000,00000000,0,0
2,2260,1,00000008,0000000d,1,00000004,ac010000,1,00000000,24010037,0,00000000,00000000,0,00000000,00000000,0,0
2,2261,1,0000000c,ac010004,1,00000008,0000000d,1,00000004,ac010000,1,00000000,24010037,0,00000000,00000000,0,0
2,2262,1,00000010,2402004d,1,0000000c,ac010004,1,00000008,0000000d,1,00000004,ac010000,1,00000000,24010037,1,0
2,2263,1,00000010,2402004d,1,0000000c,ac010004,1,00000008,0000000d,1,00000004,ac010000,0,00000000,24010037,1,0
2,2264,1,00000010,2402004d,1,0000000c,ac010004,1,00000008,0000000d,1,00000004,ac010000,0,00000000,24010037,1,0
2,2265,1,00000010,2402004d,1,0000000c,ac010004,1,00000008,0000000d,1,00000004,ac010000,0,00000000,24010037,1,0
2,2266,1,00000010,2402004d,1,0000000c,ac010004,1,00000008,0000000d,1,00000004,ac010000,0,00000000,24010037,1,0
2,2267,1,00000010,2402004d,1,0000000c,ac010004,1,00000008,0000000d,1,00000004,ac010000,0,00000000,24010037,1,1
2,2268,0,00000010,2402004d,0,0000000c,ac010004,0,00000008,0000000d,1,00000008,0000000d,1,00000004,ac010000,0,0
2,2269,0,00000010,2402004d,0,0000000c,ac010004,0,00000008,0000000d,0,00000008,0000000d,1,00000008,0000000d,0,0
2,2270,1,00001000,40146800,0,0000000c,ac010004,0,00000008,0000000d,0,00000008,0000000d,0,00000008,0000000d,0,0
2,2271,1,00001004,40157000,1,00001000,40146800,0,0000000c,ac010004,0,00000008,0000000d,0,00000008,0000000d,0,0
2,2272,1,00001008,40164000,1,00001004,40157000,1,00001000,40146800,0,0000000c,ac010004,0,00000008,0000000d,0,0
2,2273,1,00001008,40164000,1,00001004,40157000,0,00001000,40146800,1,00001000,40146800,0,0000000c,ac010004,0,0
2,2274,1,00001008,40164000,1,00001004,40157000,0,00001000,40146800,0,00001000,40146800,1,00001000,40146800,0,0
2,2275,1,00001008,40164000,1,00001004,40157000,0,00001000,40146800,0,00001000,40146800,0,00001000,40146800,0,0
2,2276,1,0000100c,40176000,1,00001008,40164000,1,00001004,40157000,0,00001000,40146800,0,00001000,40146800,0,0
2,2277,1,0000100c,40176000,1,00001008,40164000,0,00001004,40157000,1,00001004,40157000,0,00001000,40146800,0,0
2,2278,1,0000100c,40176000,1,00001008,40164000,0,00001004,40157000,0,00001004,40157000,1,00001004,40157000,0,0
2,2279,1,0000100c,40176000,1,00001008,40164000,0,00001004,40157000,0,00001004,40157000,0,00001004,40157000,0,0
2,2280,1,00001010,24180010,1,0000100c,40176000,1,00001008,40164000,0,00001004,40157000,0,00001004,40157000,0,1
2,2281,1,00001010,24180010,1,0000100c,40176000,0,00001008,40164000,1,00001008,40164000,0,00001004,40157000,0,0
2,2282,1,00001010,24180010,1,0000100c,40176000,0,00001008,40164000,0,00001008,40164000,1,00001008,40164000,0,0
2,2283,1,00001010,24180010,1,0000100c,40176000,0,00001008,40164000,0,00001008,40164000,0,00001008,40164000,0,0
2,2284,1,00001014,40987000,1,00001010,24180010,1,0000100c,40176000,0,00001008,40164000,0,00001008,40164000,0,0
2,2285,1,00001014,40987000,1,00001010,24180010,0,0000100c,40176000,1,0000100c,40176000,0,00001008,40164000,0,0
2,2286,1,00001014,40987000,1,00001010,24180010,0,0000100c,40176000,0,0000100c,40176000,1,0000100c,40176000,0,0
2,2287,1,00001014,40987000,1,00001010,24180010,0,0000100c,40176000,0,0000100c,40176000,0,0000100c,40176000,0,0
2,2288,1,00001018,42000018,1,00001014,40987000,1,00001010,24180010,0,0000100c,40176000,0,0000100c,40176000,0,0
2,2289,1,00001018,42000018,1,00001014,40987000,0,00001010,24180010,1,00001010,24180010,0,0000100c,40176000,0,0
2,2290,1,00001018,42000018,1,00001014,40987000,0,00001010,24180010,0,00001010,24180010,1,00001010,24180010,0,0
2,2291,1,00001018,42000018,1,00001014,40987000,0,00001010,24180010,0,00001010,24180010,0,00001010,24180010,0,0
2,2292,1,0000101c,00000000,1,00001018,42000018,1,00001014,40987000,0,00001010,24180010,0,00001010,24180010,0,0
2,2293,1,0000101c,00000000,1,00001018,42000018,0,00001014,40987000,1,00001014,40987000,0,00001010,24180010,0,1
2,2294,1,0000101c,00000000,1,00001018,42000018,0,00001014,40987000,0,00001014,40987000,1,00001014,40987000,0,0
2,2295,1,0000101c,00000000,1,00001018,42000018,0,00001014,40987000,0,00001014,40987000,0,00001014,40987000,0,0
2,2296,1,00001020,00000000,1,0000101c,00000000,1,00001018,42000018,0,00001014,40987000,0,00001014,40987000,0,0
2,2297,1,00001020,00000000,1,0000101c,00000000,0,00001018,42000018,1,00001018,42000018,0,00001014,40987000,0,0
2,2298,1,00001020,00000000,1,0000101c,00000000,0,00001018,42000018,0,00001018,42000018,1,00001018,42000018,0,0
2,2299,1,00000010,2402004d,0,0000101c,00000000,0,00001018,42000018,0,00001018,42000018,0,00001018,42000018,0,0
2,2300,1,00000014,ac020008,1,00000010,2402004d,0,0000101c,00000000,0,00001018,42000018,0,00001018,42000018,0,0
2,2301,1,00000018,00000000,1,00000014,ac020008,1,00000010,2402004d,0,0000101c,00000000,0,00001018,42000018,0,0
2,2302,1,0000001c,00000000,1,00000018,00000000,1,00000014,ac020008,1,00000010,2402004d,0,0000101c,00000000,0,0
2,2303,1,00000020,00000000,1,0000001c,00000000,1,00000018,00000000,1,00000014,ac020008,1,00000010,2402004d,1,0
2,2304,1,00000020,00000000,1,0000001c,00000000,1,00000018,00000000,1,00000014,ac020008,0,00000010,2402004d,1,0
2,2305,1,00000020,00000000,1,0000001c,00000000,1,00000018,00000000,1,00000014,ac020008,0,00000010,2402004d,1,0
2,2306,1,00000020,00000000,1,0000001c,00000000,1,00000018,00000000,1,00000014,ac020008,0,00000010,2402004d,1,1
2,2310,1,00000000,24010037,0,00000000,00000000,0,00000000,00000000,0,00000000,00000000,0,00000000,00000000,0,0
2,2311,1,00000004,ac010000,1,00000000,24010037,0,00000000,00000000,0,00000000,00000000,0,00000000,00000000,0,0
2,2312,1,00000008,fc000000,1,00000004,ac010000,1,00000000,24010037,0,00000000,00000000,0,00000000,00000000,0,0
2,2313,1,0000000c,ac010004,1,00000008,fc000000,1,00000004,ac010000,1,00000000,24010037,0,00000000,00000000,0,0
2,2314,1,00000010,2402004d,1,0000000c,ac010004,1,00000008,fc000000,1,00000004,ac010000,1,00000000,24010037,1,0
2,2315,1,00000010,2402004d,1,0000000c,ac010004,1,00000008,fc000000,1,00000004,ac010000,0,00000000,24010037,1,0
2,2316,1,00000010,2402004d,1,0000000c,ac010004,1,00000008,fc000000,1,00000004,ac010000,0,00000000,24010037,1,0
2,2317,1,00000010,2402004d,1,0000000c,ac010004,1,00000008,fc000000,1,00000004,ac010000,0,00000000,24010037,1,0
2,2318,1,00000010,2402004d,1,0000000c,ac010004,1,00000008,fc000000,1,00000004,ac010000,0,00000000,24010037,1,0
2,2319,1,00000010,2402004d,1,0000000c,ac010004,1,00000008,fc000000,1,00000004,ac010000,0,00000000,24010037,1,1
2,2320,0,00000010,2402004d,0,0000000c,ac010004,0,00000008,fc000000,1,00000008,fc000000,1,00000004,ac010000,0,0
2,2321,0,00000010,2402004d,0,0000000c,ac010004,0,00000008,fc000000,0,00000008,fc000000,1,00000008,fc000000,0,0
2,2322,1,00001000,40146800,0,0000000c,ac010004,0,00000008,fc000000,0,00000008,fc000000,0,00000008,fc000000,0,0
2,2323,1,00001004,40157000,1,00001000,40146800,0,0000000c,ac010004,0,00000008,fc000000,0,00000008,fc000000,0,0
2,2324,1,00001008,40164000,1,00001004,40157000,1,00001000,40146800,0,0000000c,ac010004,0,00000008,fc000000,0,0
2,2325,1,00001008,40164000,1,00001004,40157000,0,00001000,40146800,1,00001000,40146800,0,0000000c,ac010004,0,0
2,2326,1,00001008,40164000,1,00001004,40157000,0,00001000,40146800,0,00001000,40146800,1,00001000,40146800,0,0
2,2327,1,00001008,40164000,1,00001004,40157000,0,00001000,40146800,0,00001000,40146800,0,00001000,40146800,0,0
2,2328,1,0000100c,40176000,1,00001008,40164000,1,00001004,40157000,0,00001000,40146800,0,00001000,40146800,0,0
2,2329,1,0000100c,40176000,1,00001008,40164000,0,00001004,40157000,1,00001004,40157000,0,00001000,40146800,0,0
2,2330,1,0000100c,40176000,1,00001008,40164000,0,00001004,40157000,0,00001004,40157000,1,00001004,40157000,0,0
2,2331,1,0000100c,40176000,1,00001008,40164000,0,00001004,40157000,0,00001004,40157000,0,00001004,40157000,0,0
2,2332,1,00001010,24180010,1,0000100c,40176000,1,00001008,40164000,0,00001004,40157000,0,00001004,40157000,0,1
2,2333,1,00001010,24180010,1,0000100c,40176000,0,00001008,40164000,1,00001008,40164000,0,00001004,40157000,0,0
2,2334,1,00001010,24180010,1,0000100c,40176000,0,00001008,40164000,0,00001008,40164000,1,00001008,40164000,0,0
2,2335,1,00001010,24180010,1,0000100c,40176000,0,00001008,40164000,0,00001008,40164000,0,00001008,40164000,0,0
2,2336,1,00001014,40987000,1,00001010,24180010,1,0000100c,40176000,0,00001008,40164000,0,00001008,40164000,0,0
2,2337,1,00001014,40987000,1,00001010,24180010,0,0000100c,40176000,1,0000100c,40176000,0,00001008,40164000,0,0
2,2338,1,00001014,40987000,1,00001010,24180010,0,0000100c,40176000,0,0000100c,40176000,1,0000100c,40176000,0,0
2,2339,1,00001014,40987000,1,00001010,24180010,0,0000100c,40176000,0,0000100c,40176000,0,0000100c,40176000,0,0
2,2340,1,00001018,42000018,1,00001014,40987000,1,00001010,24180010,0,0000100c,40176000,0,0000100c,40176000,0,0
2,2341,1,00001018,42000018,1,00001014,40987000,0,00001010,24180010,1,00001010,24180010,0,0000100c,40176000,0,0
2,2342,1,00001018,42000018,1,00001014,40987000,0,00001010,24180010,0,00001010,24180010,1,00001010,24180010,0,0
2,2343,1,00001018,42000018,1,00001014,40987000,0,00001010,24180010,0,00001010,24180010,0,00001010,24180010,0,0
2,2344,1,0000101c,00000000,1,00001018,42000018,1,00001014,40987000,0,00001010,24180010,0,00001010,24180010,0,0
2,2345,1,0000101c,00000000,1,00001018,42000018,0,00001014,40987000,1,00001014,40987000,0,00001010,24180010,0,1
2,2346,1,0000101c,00000000,1,00001018,42000018,0,00001014,40987000,0,00001014,40987000,1,00001014,40987000,0,0
2,2347,1,0000101c,00000000,1,00001018,42000018,0,00001014,40987000,0,00001014,40987000,0,00001014,40987000,0,0
2,2348,1,00001020,00000000,1,0000101c,00000000,1,00001018,42000018,0,00001014,40987000,0,00001014,40987000,0,0
2,2349,1,00001020,00000000,1,0000101c,00000000,0,00001018,42000018,1,00001018,42000018,0,00001014,40987000,0,0
2,2350,1,00001020,00000000,1,0000101c,00000000,0,00001018,42000018,0,00001018,42000018,1,00001018,42000018,0,0
2,2351,1,00000010,2402004d,0,0000101c,00000000,0,00001018,42000018,0,00001018,42000018,0,00001018,42000018,0,0
2,2352,1,00000014,ac020008,1,00000010,2402004d,0,0000101c,00000000,0,00001018,42000018,0,00001018,42000018,0,0
2,2353,1,00000018,00000000,1,00000014,ac020008,1,00000010,2402004d,0,0000101c,00000000,0,00001018,42000018,0,0
2,2354,1,0000001c,00000000,1,00000018,00000000,1,00000014,ac020008,1,00000010,2402004d,0,0000101c,00000000,0,0
2,2355,1,00000020,00000000,1,0000001c,00000000,1,00000018,00000000,1,00000014,ac020008,1,00000010,2402004d,1,0
2,2356,1,00000020,00000000,1,0000001c,00000000,1,00000018,00000000,1,00000014,ac020008,0,00000010,2402004d,1,0
2,2357,1,00000020,00000000,1,0000001c,00000000,1,00000018,00000000,1,00000014,ac020008,0,00000010,2402004d,1,0
2,2358,1,00000020,00000000,1,0000001c,00000000,1,00000018,00000000,1,00000014,ac020008,0,00000010,2402004d,1,1
2,2362,1,00000000,24010037,0,00000000,00000000,0,00000000,00000000,0,00000000,00000000,0,00000000,00000000,0,0
2,2363,1,00000004,ac010000,1,00000000,24010037,0,00000000,00000000,0,00000000,00000000,0,00000000,00000000,0,0
2,2364,1,00000008,8c030001,1,00000004,ac010000,1,00000000,24010037,0,00000000,00000000,0,00000000,00000000,0,0
2,2365,1,0000000c,ac010004,1,00000008,8c030001,1,00000004,ac010000,1,00000000,24010037,0,00000000,00000000,0,0
2,2366,1,00000010,2402004d,1,0000000c,ac010004,1,00000008,8c030001,1,00000004,ac010000,1,00000000,24010037,1,0
2,2367,1,00000010,2402004d,1,0000000c,ac010004,1,00000008,8c030001,1,00000004,ac010000,0,00000000,24010037,1,0
2,2368,1,00000010,2402004d,1,0000000c,ac010004,1,00000008,8c030001,1,00000004,ac010000,0,00000000,24010037,1,0
2,2369,1,00000010,2402004d,1,0000000c,ac010004,1,00000008,8c030001,1,00000004,ac010000,0,00000000,24010037,1,0
2,2370,1,00000010,2402004d,1,0000000c,ac010004,1,00000008,8c030001,1,00000004,ac010000,0,00000000,24010037,1,0
2,2371,1,00000010,2402004d,1,0000000c,ac010004,1,00000008,8c030001,1,00000004,ac010000,0,00000000,24010037,1,1
2,2372,0,00000010,2402004d,0,0000000c,ac010004,0,00000008,8c030001,1,00000008,8c030001,1,00000004,ac010000,0,0
2,2373,0,00000010,2402004d,0,0000000c,ac010004,0,00000008,8c030001,0,00000008,8c030001,1,00000008,8c030001,0,0
2,2374,1,00001000,40146800,0,0000000c,ac010004,0,00000008,8c030001,0,00000008,8c030001,0,00000008,8c030001,0,0
2,2375,1,00001004,40157000,1,00001000,40146800,0,0000000c,ac010004,0,00000008,8c030001,0,00000008,8c030001,0,0
2,2376,1,00001008,40164000,1,00001004,40157000,1,00001000,40146800,0,0000000c,ac010004,0,00000008,8c030001,0,0
2,2377,1,00001008,40164000,1,00001004,40157000,0,00001000,40146800,1,00001000,40146800,0,0000000c,ac010004,0,0
2,2378,1,00001008,40164000,1,00001004,40157000,0,00001000,40146800,0,00001000,40146800,1,00001000,40146800,0,0
2,2379,1,00001008,40164000,1,00001004,40157000,0,00001000,40146800,0,00001000,40146800,0,00001000,40146800,0,0
2,2380,1,0000100c,40176000,1,00001008,40164000,1,00001004,40157000,0,00001000,40146800,0,00001000,40146800,0,0
2,2381,1,0000100c,40176000,1,00001008,40164000,0,00001004,40157000,1,00001004,40157000,0,00001000,40146800,0,0
2,2382,1,0000100c,40176000,1,00001008,40164000,0,00001004,40157000,0,00001004,40157000,1,00001004,40157000,0,0
2,2383,1,0000100c,40176000,1,00001008,40164000,0,00001004,40157000,0,00001004,40157000,0,00001004,40157000,0,0
2,2384,1,00001010,24180010,1,0000100c,40176000,1,00001008,40164000,0,00001004,40157000,0,00001004,40157000,0,1
2,2385,1,00001010,24180010,1,0000100c,40176000,0,00001008,40164000,1,00001008,40164000,0,00001004,40157000,0,0
2,2386,1,00001010,24180010,1,0000100c,40176000,0,00001008,40164000,0,00001008,40164000,1,00001008,40164000,0,0
2,2387,1,00001010,24180010,1,0000100c,40176000,0,00001008,40164000,0,00001008,40164000,0,00001008,40164000,0,0
2,2388,1,00001014,40987000,1,00001010,24180010,1,0000100c,40176000,0,00001008,40164000,0,00001008,40164000,0,0
2,2389,1,00001014,40987000,1,00001010,24180010,0,0000100c,40176000,1,0000100c,40176000,0,00001008,40164000,0,0
2,2390,1,00001014,40987000,1,00001010,24180010,0,0000100c,40176000,0,0000100c,40176000,1,0000100c,40176000,0,0
2,2391,1,00001014,40987000,1,00001010,24180010,0,0000100c,40176000,0,0000100c,40176000,0,0000100c,40176000,0,0
2,2392,1,00001018,42000018,1,00001014,40987000,1,00001010,24180010,0,0000100c,40176000,0,0000100c,40176000,0,0
2,2393,1,00001018,42000018,1,00001014,40987000,0,00001010,24180010,1,00001010,24180010,0,0000100c,40176000,0,0
2,2394,1,00001018,42000018,1,00001014,40987000,0,00001010,24180010,0,00001010,24180010,1,00001010,24180010,0,0
2,2395,1,00001018,42000018,1,00001014,40987000,0,00001010,24180010,0,00001010,24180010,0,00001010,24180010,0,0
2,2396,1,0000101c,00000000,1,00001018,42000018,1,00001014,40987000,0,00001010,24180010,0,00001010,24180010,0,0
2,2397,1,0000101c,00000000,1,00001018,42000018,0,00001014,40987000,1,00001014,40987000,0,00001010,24180010,0,1
2,2398,1,0000101c,00000000,1,00001018,42000018,0,00001014,40987000,0,00001014,40987000,1,00001014,40987000,0,0
2,2399,1,0000101c,00000000,1,00001018,42000018,0,00001014,40987000,0,00001014,40987000,0,00001014,40987000,0,0
2,2400,1,00001020,00000000,1,0000101c,00000000,1,00001018,42000018,0,00001014,40987000,0,00001014,40987000,0,0
2,2401,1,00001020,00000000,1,0000101c,00000000,0,00001018,42000018,1,00001018,42000018,0,00001014,40987000,0,0
2,2402,1,00001020,00000000,1,0000101c,00000000,0,00001018,42000018,0,00001018,42000018,1,00001018,42000018,0,0
2,2403,1,00000010,2402004d,0,0000101c,00000000,0,00001018,42000018,0,00001018,42000018,0,00001018,42000018,0,0
2,2404,1,00000014,ac020008,1,00000010,2402004d,0,0000101c,00000000,0,00001018,42000018,0,00001018,42000018,0,0
2,2405,1,00000018,00000000,1,00000014,ac020008,1,00000010,2402004d,0,0000101c,00000000,0,00001018,42000018,0,0
2,2406,1,0000001c,00000000,1,00000018,00000000,1,00000014,ac020008,1,00000010,2402004d,0,0000101c,00000000,0,0
2,2407,1,00000020,00000000,1,0000001c,00000000,1,00000018,00000000,1,00000014,ac020008,1,00000010,2402004d,1,0
2,2408,1,00000020,00000000,1,0000001c,00000000,1,00000018,00000000,1,00000014,ac020008,0,00000010,2402004d,1,0
2,2409,1,00000020,00000000,1,0000001c,00000000,1,00000018,00000000,1,00000014,ac020008,0,00000010,2402004d,1,0
2,2410,1,00000020,00000000,1,0000001c,00000000,1,00000018,00000000,1,00000014,ac020008,0,00000010,2402004d,1,1
2,2414,1,00000000,24010037,0,00000000,00000000,0,00000000,00000000,0,00000000,00000000,0,00000000,00000000,0,0
2,2415,1,00000004,ac010000,1,00000000,24010037,0,00000000,00000000,0,00000000,00000000,0,00000000,00000000,0,0
2,2416,1,00000008,ac010002,1,00000004,ac010000,1,00000000,24010037,0,00000000,00000000,0,00000000,00000000,0,0
2,2417,1,0000000c,ac010004,1,00000008,ac010002,1,00000004,ac010000,1,00000000,24010037,0,00000000,00000000,0,0
2,2418,1,00000010,2402004d,1,0000000c,ac010004,1,00000008,ac010002,1,00000004,ac010000,1,00000000,24010037,1,0
2,2419,1,00000010,2402004d,1,0000000c,ac010004,1,00000008,ac010002,1,00000004,ac010000,0,00000000,24010037,1,0
2,2420,1,00000010,2402004d,1,0000000c,ac010004,1,00000008,ac010002,1,00000004,ac010000,0,00000000,24010037,1,0
2,2421,1,00000010,2402004d,1,0000000c,ac010004,1,00000008,ac010002,1,00000004,ac010000,0,00000000,24010037,1,0
2,2422,1,00000010,2402004d,1,0000000c,ac010004,1,00000008,ac010002,1,00000004,ac010000,0,00000000,24010037,1,0
2,2423,1,00000010,2402004d,1,0000000c,ac010004,1,00000008,ac010002,1,00000004,ac010000,0,00000000,24010037,1,1
2,2424,0,00000010,2402004d,0,0000000c,ac010004,0,00000008,ac010002,1,00000008,ac010002,1,00000004,ac010000,0,0
2,2425,0,00000010,2402004d,0,0000000c,ac010004,0,00000008,ac010002,0,00000008,ac010002,1,00000008,ac010002,0,0
2,2426,1,00001000,40146800,0,0000000c,ac010004,0,00000008,ac010002,0,00000008,ac010002,0,00000008,ac010002,0,0
2,2427,1,00001004,40157000,1,00001000,40146800,0,0000000c,ac010004,0,00000008,ac010002,0,00000008,ac010002,0,0
2,2428,1,00001008,40164000,1,00001004,40157000,1,00001000,40146800,0,0000000c,ac010004,0,00000008,ac010002,0,0
2,2429,1,00001008,40164000,1,00001004,40157000,0,00001000,40146800,1,00001000,40146800,0,0000000c,ac010004,0,0
2,2430,1,00001008,40164000,1,00001004,40157000,0,00001000,40146800,0,00001000,40146800,1,00001000,40146800,0,0
2,2431,1,00001008,40164000,1,00001004,40157000,0,00001000,40146800,0,00001000,40146800,0,00001000,40146800,0,0
2,2432,1,0000100c,40176000,1,00001008,40164000,1,00001004,40157000,0,00001000,40146800,0,00001000,40146800,0,0
2,2433,1,0000100c,40176000,1,00001008,40164000,0,00001004,40157000,1,00001004,40157000,0,00001000,40146800,0,0
2,2434,1,0000100c,40176000,1,00001008,40164000,0,00001004,40157000,0,00001004,40157000,1,00001004,40157000,0,0
2,2435,1,0000100c,40176000,1,00001008,40164000,0,00001004,40157000,0,00001004,40157000,0,00001004,40157000,0,0
2,2436,1,00001010,24180010,1,0000100c,40176000,1,00001008,40164000,0,00001004,40157000,0,00001004,40157000,0,1
2,2437,1,00001010,24180010,1,0000100c,40176000,0,00001008,40164000,1,00001008,40164000,0,00001004,40157000,0,0
2,2438,1,00001010,24180010,1,0000100c,40176000,0,00001008,40164000,0,00001008,40164000,1,00001008,40164000,0,0
2,2439,1,00001010,24180010,1,0000100c,40176000,0,00001008,40164000,0,00001008,40164000,0,00001008,40164000,0,0
2,2440,1,00001014,40987000,1,00001010,24180010,1,0000100c,40176000,0,00001008,40164000,0,00001008,40164000,0,0
2,2441,1,00001014,40987000,1,00001010,24180010,0,0000100c,40176000,1,0000100c,40176000,0,00001008,40164000,0,0
2,2442,1,00001014,40987000,1,00001010,24180010,0,0000100c,40176000,0,0000100c,40176000,1,0000100c,40176000,0,0
2,2443,1,00001014,40987000,1,00001010,24180010,0,0000100c,40176000,0,0000100c,40176000,0,0000100c,40176000,0,0
2,2444,1,00001018,42000018,1,00001014,40987000,1,00001010,24180010,0,0000100c,40176000,0,0000100c,40176000,0,0
2,2445,1,00001018,42000018,1,00001014,40987000,0,00001010,24180010,1,00001010,24180010,0,0000100c,40176000,0,0
2,2446,1,00001018,42000018,1,00001014,40987000,0,00001010,24180010,0,00001010,24180010,1,00001010,24180010,0,0
2,2447,1,00001018,42000018,1,00001014,40987000,0,00001010,24180010,0,00001010,24180010,0,00001010,24180010,0,0
2,2448,1,0000101c,00000000,1,00001018,42000018,1,00001014,40987000,0,00001010,24180010,0,00001010,24180010,0,0
2,2449,1,0000101c,00000000,1,00001018,42000018,0,00001014,40987000,1,00001014,40987000,0,00001010,24180010,0,1
2,2450,1,0000101c,00000000,1,00001018,42000018,0,00001014,40987000,0,00001014,40987000,1,00001014,40987000,0,0
2,2451,1,0000101c,00000000,1,00001018,42000018,0,00001014,40987000,0,00001014,40987000,0,00001014,40987000,0,0
2,2452,1,00001020,00000000,1,0000101c,00000000,1,00001018,42000018,0,00001014,40987000,0,00001014,40987000,0,0
2,2453,1,00001020,00000000,1,0000101c,00000000,0,00001018,42000018,1,00001018,42000018,0,00001014,40987000,0,0
2,2454,1,00001020,00000000,1,0000101c,00000000,0,00001018,42000018,0,00001018,42000018,1,00001018,42000018,0,0
2,2455,1,00000010,2402004d,0,0000101c,00000000,0,00001018,42000018,0,00001018,42000018,0,00001018,42000018,0,0
2,2456,1,00000014,ac020008,1,00000010,2402004d,0,0000101c,00000000,0,00001018,42000018,0,00001018,42000018,0,0
2,2457,1,00000018,00000000,1,00000014,ac020008,1,00000010,2402004d,0,0000101c,00000000,0,00001018,42000018,0,0
2,2458,1,0000001c,00000000,1,00000018,00000000,1,00000014,ac020008,1,00000010,2402004d,0,0000101c,00000000,0,0
2,2459,1,00000020,00000000,1,0000001c,00000000,1,00000018,00000000,1,00000014,ac020008,1,00000010,2402004d,1,0
2,2460,1,00000020,00000000,1,0000001c,00000000,1,00000018,00000000,1,00000014,ac020008,0,00000010,2402004d,1,0
2,2461,1,00000020,00000000,1,0000001c,00000000,1,00000018,00000000,1,00000014,ac020008,0,00000010,2402004d,1,0
2,2462,1,00000020,00000000,1,0000001c,00000000,1,00000018,00000000,1,00000014,ac020008,0,00000010,2402004d,1,1
2,2466,1,00000000,3c018000,0,00000000,00000000,0,00000000,00000000,0,00000000,00000000,0,00000000,00000000,0,0
2,2467,1,00000004,ac010000,1,00000000,3c018000,0,00000000,00000000,0,00000000,00000000,0,00000000,00000000,0,0
2,2468,1,00000008,2023ffff,1,00000004,ac010000,1,00000000,3c018000,0,00000000,00000000,0,00000000,00000000,0,0
2,2469,1,0000000c,ac010004,1,00000008,2023ffff,1,00000004,ac010000,1,00000000,3c018000,0,00000000,00000000,0,0
2,2470,1,00000010,2402004d,1,0000000c,ac010004,1,00000008,2023ffff,1,00000004,ac010000,1,00000000,3c018000,1,0
2,2471,1,00000010,2402004d,1,0000000c,ac010004,1,00000008,2023ffff,1,00000004,ac010000,0,00000000,3c018000,1,0
2,2472,1,00000010,2402004d,1,0000000c,ac010004,1,00000008,2023ffff,1,00000004,ac010000,0,00000000,3c018000,1,0
2,2473,1,00000010,2402004d,1,0000000c,ac010004,1,00000008,2023ffff,1,00000004,ac010000,0,00000000,3c018000,1,0
2,2474,1,00000010,2402004d,1,0000000c,ac010004,1,00000008,2023ffff,1,00000004,ac010000,0,00000000,3c018000,1,0
2,2475,1,00000010,2402004d,1,0000000c,ac010004,1,00000008,2023ffff,1,00000004,ac010000,0,00000000,3c018000,1,1
2,2476,0,00000010,2402004d,0,0000000c,ac010004,0,00000008,2023ffff,1,00000008,2023ffff,1,00000004,ac010000,0,0
2,2477,0,00000010,2402004d,0,0000000c,ac010004,0,00000008,2023ffff,0,00000008,2023ffff,1,00000008,2023ffff,0,0
2,2478,1,00001000,40146800,0,0000000c,ac010004,0,00000008,2023ffff,0,00000008,2023ffff,0,00000008,2023ffff,0,0
2,2479,1,00001004,40157000,1,00001000,40146800,0,0000000c,ac010004,0,00000008,2023ffff,0,00000008,2023ffff,0,0
2,2480,1,00001008,40164000,1,00001004,40157000,1,00001000,40146800,0,0000000c,ac010004,0,00000008,2023ffff,0,0
2,2481,1,00001008,40164000,1,00001004,40157000,0,00001000,40146800,1,00001000,40146800,0,0000000c,ac010004,0,0
2,2482,1,00001008,40164000,1,00001004,40157000,0,00001000,40146800,0,00001000,40146800,1,00001000,40146800,0,0
2,2483,1,00001008,40164000,1,00001004,40157000,0,00001000,40146800,0,00001000,40146800,0,00001000,40146800,0,0
2,2484,1,0000100c,40176000,1,00001008,40164000,1,00001004,40157000,0,00001000,40146800,0,00001000,40146800,0,0
2,2485,1,0000100c,40176000,1,00001008,40164000,0,00001004,40157000,1,00001004,40157000,0,00001000,40146800,0,0
2,2486,1,0000100c,40176000,1,00001008,40164000,0,00001004,40157000,0,00001004,40157000,1,00001004,40157000,0,0
2,2487,1,0000100c,40176000,1,00001008,40164000,0,00001004,40157000,0,00001004,40157000,0,00001004,40157000,0,0
2,2488,1,00001010,24180010,1,0000100c,40176000,1,00001008,40164000,0,00001004,40157000,0,00001004,40157000,0,1
2,2489,1,00001010,24180010,1,0000100c,40176000,0,00001008,40164000,1,00001008,40164000,0,00001004,40157000,0,0
2,2490,1,00001010,24180010,1,0000100c,40176000,0,00001008,40164000,0,00001008,40164000,1,00001008,40164000,0,0
2,2491,1,00001010,24180010,1,0000100c,40176000,0,00001008,40164000,0,00001008,40164000,0,00001008,40164000,0,0
2,2492,1,00001014,40987000,1,00001010,24180010,1,0000100c,40176000,0,00001008,40164000,0,00001008,40164000,0,0
2,2493,1,00001014,40987000,1,00001010,24180010,0,0000100c,40176000,1,0000100c,40176000,0,00001008,40164000,0,0
2,2494,1,00001014,40987000,1,00001010,24180010,0,0000100c,40176000,0,0000100c,40176000,1,0000100c,40176000,0,0
2,2495,1,00001014,40987000,1,00001010,24180010,0,0000100c,40176000,0,0000100c,40176000,0,0000100c,40176000,0,0
2,2496,1,00001018,42000018,1,00001014,40987000,1,00001010,24180010,0,0000100c,40176000,0,0000100c,40176000,0,0
2,2497,1,00001018,42000018,1,00001014,40987000,0,00001010,24180010,1,00001010,24180010,0,0000100c,40176000,0,0
2,2498,1,00001018,42000018,1,00001014,40987000,0,00001010,24180010,0,00001010,24180010,1,00001010,24180010,0,0
2,2499,1,00001018,42000018,1,00001014,40987000,0,00001010,24180010,0,00001010,24180010,0,00001010,24180010,0,0
2,2500,1,0000101c,00000000,1,00001018,42000018,1,00001014,40987000,0,00001010,24180010,0,00001010,24180010,0,0
2,2501,1,0000101c,00000000,1,00001018,42000018,0,00001014,40987000,1,00001014,40987000,0,00001010,24180010,0,1
2,2502,1,0000101c,00000000,1,00001018,42000018,0,00001014,40987000,0,00001014,40987000,1,00001014,40987000,0,0
2,2503,1,0000101c,00000000,1,00001018,42000018,0,00001014,40987000,0,00001014,40987000,0,00001014,40987000,0,0
2,2504,1,00001020,00000000,1,0000101c,00000000,1,00001018,42000018,0,00001014,40987000,0,00001014,40987000,0,0
2,2505,1,00001020,00000000,1,0000101c,00000000,0,00001018,42000018,1,00001018,42000018,0,00001014,40987000,0,0
2,2506,1,00001020,00000000,1,0000101c,00000000,0,00001018,42000018,0,00001018,42000018,1,00001018,42000018,0,0
2,2507,1,00000010,2402004d,0,0000101c,00000000,0,00001018,42000018,0,00001018,42000018,0,00001018,42000018,0,0
2,2508,1,00000014,ac020008,1,00000010,2402004d,0,0000101c,00000000,0,00001018,42000018,0,00001018,42000018,0,0
2,2509,1,00000018,00000000,1,00000014,ac020008,1,00000010,2402004d,0,0000101c,00000000,0,00001018,42000018,0,0
2,2510,1,0000001c,00000000,1,00000018,00000000,1,00000014,ac020008,1,00000010,2402004d,0,0000101c,00000000,0,0
2,2511,1,00000020,00000000,1,0000001c,00000000,1,00000018,00000000,1,00000014,ac020008,1,00000010,2402004d,1,0
2,2512,1,00000020,00000000,1,0000001c,00000000,1,00000018,00000000,1,00000014,ac020008,0,00000010,2402004d,1,0
2,2513,1,00000020,00000000,1,0000001c,00000000,1,00000018,00000000,1,00000014,ac020008,0,00000010,2402004d,1,0
2,2514,1,00000020,00000000,1,0000001c,00000000,1,00000018,00000000,1,00000014,ac020008,0,00000010,2402004d,1,1
2,2518,1,00000000,24010037,0,00000000,00000000,0,00000000,00000000,0,00000000,00000000,0,00000000,00000000,0,0
2,2519,1,00000004,ac010000,1,00000000,24010037,0,00000000,00000000,0,00000000,00000000,0,00000000,00000000,0,0
2,2520,1,00000008,10210002,1,00000004,ac010000,1,00000000,24010037,0,00000000,00000000,0,00000000,00000000,0,0
2,2521,1,0000000c,0000000c,1,00000008,10210002,1,00000004,ac010000,1,00000000,24010037,0,00000000,00000000,0,0
2,2522,1,00000010,ac010004,1,0000000c,0000000c,1,00000008,10210002,1,00000004,ac010000,1,00000000,24010037,1,0
2,2523,1,00000010,ac010004,1,0000000c,0000000c,1,00000008,10210002,1,00000004,ac010000,0,00000000,24010037,1,0
2,2524,1,00000010,ac010004,1,0000000c,0000000c,1,00000008,10210002,1,00000004,ac010000,0,00000000,24010037,1,0
2,2525,1,00000010,ac010004,1,0000000c,0000000c,1,00000008,10210002,1,00000004,ac010000,0,00000000,24010037,1,0
2,2526,1,00000010,ac010004,1,0000000c,0000000c,1,00000008,10210002,1,00000004,ac010000,0,00000000,24010037,1,0
2,2527,1,00000010,ac010004,1,0000000c,0000000c,1,00000008,10210002,1,00000004,ac010000,0,00000000,24010037,1,1
2,2528,1,00000014,2402004d,0,0000000c,0000000c,1,0000000c,0000000c,1,00000008,10210002,1,00000004,ac010000,0,0
2,2529,0,00000014,2402004d,0,0000000c,0000000c,0,0000000c,0000000c,1,0000000c,0000000c,1,00000008,10210002,0,0
2,2530,0,00000014,2402004d,0,0000000c,0000000c,0,0000000c,0000000c,0,0000000c,0000000c,1,0000000c,0000000c,0,0
2,2531,1,00001000,40146800,0,0000000c,0000000c,0,0000000c,0000000c,0,0000000c,0000000c,0,0000000c,0000000c,0,0
2,2532,1,00001004,40157000,1,00001000,40146800,0,0000000c,0000000c,0,0000000c,0000000c,0,0000000c,0000000c,0,0
2,2533,1,00001008,40164000,1,00001004,40157000,1,00001000,40146800,0,0000000c,0000000c,0,0000000c,0000000c,0,0
2,2534,1,00001008,40164000,1,00001004,40157000,0,00001000,40146800,1,00001000,40146800,0,0000000c,0000000c,0,0
2,2535,1,00001008,40164000,1,00001004,40157000,0,00001000,40146800,0,00001000,40146800,1,00001000,40146800,0,0
2,2536,1,00001008,40164000,1,00001004,40157000,0,00001000,40146800,0,00001000,40146800,0,00001000,40146800,0,0
2,2537,1,0000100c,40176000,1,00001008,40164000,1,00001004,40157000,0,00001000,40146800,0,00001000,40146800,0,0
2,2538,1,0000100c,40176000,1,00001008,40164000,0,00001004,40157000,1,00001004,40157000,0,00001000,40146800,0,0
2,2539,1,0000100c,40176000,1,00001008,40164000,0,00001004,40157000,0,00001004,40157000,1,00001004,40157000,0,0
2,2540,1,0000100c,40176000,1,00001008,40164000,0,00001004,40157000,0,00001004,40157000,0,00001004,40157000,0,1
2,2541,1,00001010,24180014,1,0000100c,40176000,1,00001008,40164000,0,00001004,40157000,0,00001004,40157000,0,0
2,2542,1,00001010,24180014,1,0000100c,40176000,0,00001008,40164000,1,00001008,40164000,0,00001004,40157000,0,0
2,2543,1,00001010,24180014,1,0000100c,40176000,0,00001008,40164000,0,00001008,40164000,1,00001008,40164000,0,0
2,2544,1,00001010,24180014,1,0000100c,40176000,0,00001008,40164000,0,00001008,40164000,0,00001008,40164000,0,0
2,2545,1,00001014,40987000,1,00001010,24180014,1,0000100c,40176000,0,00001008,40164000,0,00001008,40164000,0,0
2,2546,1,00001014,40987000,1,00001010,24180014,0,0000100c,40176000,1,0000100c,40176000,0,00001008,40164000,0,0
2,2547,1,00001014,40987000,1,00001010,24180014,0,0000100c,40176000,0,0000100c,40176000,1,0000100c,40176000,0,0
2,2548,1,00001014,40987000,1,00001010,24180014,0,0000100c,40176000,0,0000100c,40176000,0,0000100c,40176000,0,0
2,2549,1,00001018,42000018,1,00001014,40987000,1,00001010,24180014,0,0000100c,40176000,0,0000100c,40176000,0,0
2,2550,1,00001018,42000018,1,00001014,40987000,0,00001010,24180014,1,00001010,24180014,0,0000100c,40176000,0,0
2,2551,1,00001018,42000018,1,00001014,40987000,0,00001010,24180014,0,00001010,24180014,1,00001010,24180014,0,0
2,2552,1,00001018,42000018,1,00001014,40987000,0,00001010,24180014,0,00001010,24180014,0,00001010,24180014,0,0
2,2553,1,0000101c,00000000,1,00001018,42000018,1,00001014,40987000,0,00001010,24180014,0,00001010,24180014,0,1
2,2554,1,0000101c,00000000,1,00001018,42000018,0,00001014,40987000,1,00001014,40987000,0,00001010,24180014,0,0
2,2555,1,0000101c,00000000,1,00001018,42000018,0,00001014,40987000,0,00001014,40987000,1,00001014,40987000,0,0
2,2556,1,0000101c,00000000,1,00001018,42000018,0,00001014,40987000,0,00001014,40987000,0,00001014,40987000,0,0
2,2557,1,00001020,00000000,1,0000101c,00000000,1,00001018,42000018,0,00001014,40987000,0,00001014,40987000,0,0
2,2558,1,00001020,00000000,1,0000101c,00000000,0,00001018,42000018,1,00001018,42000018,0,00001014,40987000,0,0
2,2559,1,00001020,00000000,1,0000101c,00000000,0,00001018,42000018,0,00001018,42000018,1,00001018,42000018,0,0
2,2560,1,00000014,2402004d,0,0000101c,00000000,0,00001018,42000018,0,00001018,42000018,0,00001018,42000018,0,0
2,2561,1,00000018,ac020008,1,00000014,2402004d,0,0000101c,00000000,0,00001018,42000018,0,00001018,42000018,0,0
2,2562,1,0000001c,00000000,1,00000018,ac020008,1,00000014,2402004d,0,0000101c,00000000,0,00001018,42000018,0,0
2,2563,1,00000020,00000000,1,0000001c,00000000,1,00000018,ac020008,1,00000014,2402004d,0,0000101c,00000000,0,0
2,2564,1,00000024,00000000,1,00000020,00000000,1,0000001c,00000000,1,00000018,ac020008,1,00000014,2402004d,1,0
2,2565,1,00000024,00000000,1,00000020,00000000,1,0000001c,00000000,1,00000018,ac020008,0,00000014,2402004d,1,0
2,2566,1,00000024,00000000,1,00000020,00000000,1,0000001c,00000000,1,00000018,ac020008,0,00000014,2402004d,1,1
2,2570,1,00000000,24010037,0,00000000,00000000,0,00000000,00000000,0,00000000,00000000,0,00000000,00000000,0,0
2,2571,1,00000004,ac010000,1,00000000,24010037,0,00000000,00000000,0,00000000,00000000,0,00000000,00000000,0,0
2,2572,1,00000008,10210002,1,00000004,ac010000,1,00000000,24010037,0,00000000,00000000,0,00000000,00000000,0,0
2,2573,1,0000000c,08000008,1,00000008,10210002,1,00000004,ac010000,1,00000000,24010037,0,00000000,00000000,0,0
2,2574,1,00000010,ac010004,1,0000000c,08000008,1,00000008,10210002,1,00000004,ac010000,1,00000000,24010037,1,0
2,2575,1,00000010,ac010004,1,0000000c,08000008,1,00000008,10210002,1,00000004,ac010000,0,00000000,24010037,1,0
2,2576,1,00000010,ac010004,1,0000000c,08000008,1,00000008,10210002,1,00000004,ac010000,0,00000000,24010037,1,0
2,2577,1,00000010,ac010004,1,0000000c,08000008,1,00000008,10210002,1,00000004,ac010000,0,00000000,24010037,1,0
2,2578,1,00000010,ac010004,1,0000000c,08000008,1,00000008,10210002,1,00000004,ac010000,0,00000000,24010037,1,0
2,2579,1,00000010,ac010004,1,0000000c,08000008,1,00000008,10210002,1,00000004,ac010000,0,00000000,24010037,1,1
2,2580,1,00000014,2402004d,0,0000000c,08000008,1,0000000c,08000008,1,00000008,10210002,1,00000004,ac010000,0,0
2,2581,0,00000014,2402004d,0,0000000c,08000008,0,0000000c,08000008,1,0000000c,08000008,1,00000008,10210002,0,0
2,2582,0,00000014,2402004d,0,0000000c,08000008,0,0000000c,08000008,0,0000000c,08000008,1,0000000c,08000008,0,0
2,2583,1,00001000,40146800,0,0000000c,08000008,0,0000000c,08000008,0,0000000c,08000008,0,0000000c,08000008,0,0
2,2584,1,00001004,40157000,1,00001000,40146800,0,0000000c,08000008,0,0000000c,08000008,0,0000000c,08000008,0,0
2,2585,1,00001008,40164000,1,00001004,40157000,1,00001000,40146800,0,0000000c,08000008,0,0000000c,08000008,0,0
2,2586,1,00001008,40164000,1,00001004,40157000,0,00001000,40146800,1,00001000,40146800,0,0000000c,08000008,0,0
2,2587,1,00001008,40164000,1,00001004,40157000,0,00001000,40146800,0,00001000,40146800,1,00001000,40146800,0,0
2,2588,1,00001008,40164000,1,00001004,40157000,0,00001000,40146800,0,00001000,40146800,0,00001000,40146800,0,0
2,2589,1,0000100c,40176000,1,00001008,40164000,1,00001004,40157000,0,00001000,40146800,0,00001000,40146800,0,0
2,2590,1,0000100c,40176000,1,00001008,40164000,0,00001004,40157000,1,00001004,40157000,0,00001000,40146800,0,0
2,2591,1,0000100c,40176000,1,00001008,40164000,0,00001004,40157000,0,00001004,40157000,1,00001004,40157000,0,0
2,2592,1,0000100c,40176000,1,00001008,40164000,0,00001004,40157000,0,00001004,40157000,0,00001004,40157000,0,1
2,2593,1,00001010,24180014,1,0000100c,40176000,1,00001008,40164000,0,00001004,40157000,0,00001004,40157000,0,0
2,2594,1,00001010,24180014,1,0000100c,40176000,0,00001008,40164000,1,00001008,40164000,0,00001004,40157000,0,0
2,2595,1,00001010,24180014,1,0000100c,40176000,0,00001008,40164000,0,00001008,40164000,1,00001008,40164000,0,0
2,2596,1,00001010,24180014,1,0000100c,40176000,0,00001008,40164000,0,00001008,40164000,0,00001008,40164000,0,0
2,2597,1,00001014,40987000,1,00001010,24180014,1,0000100c,40176000,0,00001008,40164000,0,00001008,40164000,0,0
2,2598,1,00001014,40987000,1,00001010,24180014,0,0000100c,40176000,1,0000100c,40176000,0,00001008,40164000,0,0
2,2599,1,00001014,40987000,1,00001010,24180014,0,0000100c,40176000,0,0000100c,40176000,1,0000100c,40176000,0,0
2,2600,1,00001014,40987000,1,00001010,24180014,0,0000100c,40176000,0,0000100c,40176000,0,0000100c,40176000,0,0
2,2601,1,00001018,42000018,1,00001014,40987000,1,00001010,24180014,0,0000100c,40176000,0,0000100c,40176000,0,0
2,2602,1,00001018,42000018,1,00001014,40987000,0,00001010,24180014,1,00001010,24180014,0,0000100c,40176000,0,0
2,2603,1,00001018,42000018,1,00001014,40987000,0,00001010,24180014,0,00001010,24180014,1,00001010,24180014,0,0
2,2604,1,00001018,42000018,1,00001014,40987000,0,00001010,24180014,0,00001010,24180014,0,00001010,24180014,0,0
2,2605,1,0000101c,00000000,1,00001018,42000018,1,00001014,40987000,0,00001010,24180014,0,00001010,24180014,0,1
2,2606,1,0000101c,00000000,1,00001018,42000018,0,00001014,40987000,1,00001014,40987000,0,00001010,24180014,0,0
2,2607,1,0000101c,00000000,1,00001018,42000018,0,00001014,40987000,0,00001014,40987000,1,00001014,40987000,0,0
2,2608,1,0000101c,00000000,1,00001018,42000018,0,00001014,40987000,0,00001014,40987000,0,00001014,40987000,0,0
2,2609,1,00001020,00000000,1,0000101c,00000000,1,00001018,42000018,0,00001014,40987000,0,00001014,40987000,0,0
2,2610,1,00001020,00000000,1,0000101c,00000000,0,00001018,42000018,1,00001018,42000018,0,00001014,40987000,0,0
2,2611,1,00001020,00000000,1,0000101c,00000000,0,00001018,42000018,0,00001018,42000018,1,00001018,42000018,0,0
2,2612,1,00000014,2402004d,0,0000101c,00000000,0,00001018,42000018,0,00001018,42000018,0,00001018,42000018,0,0
2,2613,1,00000018,ac020008,1,00000014,2402004d,0,0000101c,00000000,0,00001018,42000018,0,00001018,42000018,0,0
2,2614,1,0000001c,00000000,1,00000018,ac020008,1,00000014,2402004d,0,0000101c,00000000,0,00001018,42000018,0,0
2,2615,1,00000020,00000000,1,0000001c,00000000,1,00000018,ac020008,1,00000014,2402004d,0,0000101c,00000000,0,0
2,2616,1,00000024,00000000,1,00000020,00000000,1,0000001c,00000000,1,00000018,ac020008,1,00000014,2402004d,1,0
2,2617,1,00000024,00000000,1,00000020,00000000,1,0000001c,00000000,1,00000018,ac020008,0,00000014,2402004d,1,0
2,2618,1,00000024,00000000,1,00000020,00000000,1,0000001c,00000000,1,00000018,ac020008,0,00000014,2402004d,1,1
2,2622,1,00000000,2401001a,0,00000000,00000000,0,00000000,00000000,0,00000000,00000000,0,00000000,00000000,0,0
2,2623,1,00000004,ac010000,1,00000000,2401001a,0,00000000,00000000,0,00000000,00000000,0,00000000,00000000,0,0
2,2624,1,00000008,00200008,1,00000004,ac010000,1,00000000,2401001a,0,00000000,00000000,0,00000000,00000000,0,0
2,2625,1,0000000c,00000000,1,00000008,00200008,1,00000004,ac010000,1,00000000,2401001a,0,00000000,00000000,0,0
2,2626,1,00000010,2402004d,1,0000000c,00000000,1,00000008,00200008,1,00000004,ac010000,1,00000000,2401001a,1,0
2,2627,1,00000010,2402004d,1,0000000c,00000000,1,00000008,00200008,1,00000004,ac010000,0,00000000,2401001a,1,0
2,2628,1,00000010,2402004d,1,0000000c,00000000,1,00000008,00200008,1,00000004,ac010000,0,00000000,2401001a,1,0
2,2629,1,00000010,2402004d,1,0000000c,00000000,1,00000008,00200008,1,00000004,ac010000,0,00000000,2401001a,1,0
2,2630,1,00000010,2402004d,1,0000000c,00000000,1,00000008,00200008,1,00000004,ac010000,0,00000000,2401001a,1,0
2,2631,1,00000010,2402004d,1,0000000c,00000000,1,00000008,00200008,1,00000004,ac010000,0,00000000,2401001a,1,1
2,2632,1,0000001a,ac010004,0,0000000c,00000000,1,0000000c,00000000,1,00000008,00200008,1,00000004,ac010000,0,0
2,2633,1,0000001e,00000000,1,0000001a,ac010004,0,0000000c,00000000,1,0000000c,00000000,1,00000008,00200008,0,0
2,2634,1,00000022,2402004d,1,0000001e,00000000,1,0000001a,ac010004,0,0000000c,00000000,1,0000000c,00000000,0,0
2,2635,0,00000022,2402004d,0,0000001e,00000000,0,0000001a,ac010004,1,0000001a,ac010004,0,0000000c,00000000,0,0
2,2636,0,00000022,2402004d,0,0000001e,00000000,0,0000001a,ac010004,0,0000001a,ac010004,1,0000001a,ac010004,0,0
2,2637,1,00001000,40146800,0,0000001e,00000000,0,0000001a,ac010004,0,0000001a,ac010004,0,0000001a,ac010004,0,0
2,2638,1,00001004,40157000,1,00001000,40146800,0,0000001e,00000000,0,0000001a,ac010004,0,0000001a,ac010004,0,0
2,2639,1,00001008,40164000,1,00001004,40157000,1,00001000,40146800,0,0000001e,00000000,0,0000001a,ac010004,0,0
2,2640,1,00001008,40164000,1,00001004,40157000,0,00001000,40146800,1,00001000,40146800,0,0000001e,00000000,0,0
2,2641,1,00001008,40164000,1,00001004,40157000,0,00001000,40146800,0,00001000,40146800,1,00001000,40146800,0,0
2,2642,1,00001008,40164000,1,00001004,40157000,0,00001000,40146800,0,00001000,40146800,0,00001000,40146800,0,0
2,2643,1,0000100c,40176000,1,00001008,40164000,1,00001004,40157000,0,00001000,40146800,0,00001000,40146800,0,0
2,2644,1,0000100c,40176000,1,00001008,40164000,0,00001004,40157000,1,00001004,40157000,0,00001000,40146800,0,1
2,2645,1,0000100c,40176000,1,00001008,40164000,0,00001004,40157000,0,00001004,40157000,1,00001004,40157000,0,0
2,2646,1,0000100c,40176000,1,00001008,40164000,0,00001004,40157000,0,00001004,40157000,0,00001004,40157000,0,0
2,2647,1,00001010,24180020,1,0000100c,40176000,1,00001008,40164000,0,00001004,40157000,0,00001004,40157000,0,0
2,2648,1,00001010,24180020,1,0000100c,40176000,0,00001008,40164000,1,00001008,40164000,0,00001004,40157000,0,0
2,2649,1,00001010,24180020,1,0000100c,40176000,0,00001008,40164000,0,00001008,40164000,1,00001008,40164000,0,0
2,2650,1,00001010,24180020,1,0000100c,40176000,0,00001008,40164000,0,00001008,40164000,0,00001008,40164000,0,0
2,2651,1,00001014,40987000,1,00001010,24180020,1,0000100c,40176000,0,00001008,40164000,0,00001008,40164000,0,0
2,2652,1,00001014,40987000,1,00001010,24180020,0,0000100c,40176000,1,0000100c,40176000,0,00001008,40164000,0,0
2,2653,1,00001014,40987000,1,00001010,24180020,0,0000100c,40176000,0,0000100c,40176000,1,0000100c,40176000,0,0
2,2654,1,00001014,40987000,1,00001010,24180020,0,0000100c,40176000,0,0000100c,40176000,0,0000100c,40176000,0,0
2,2655,1,00001018,42000018,1,00001014,40987000,1,00001010,24180020,0,0000100c,40176000,0,0000100c,40176000,0,0
2,2656,1,00001018,42000018,1,00001014,40987000,0,00001010,24180020,1,00001010,24180020,0,0000100c,40176000,0,0
2,2657,1,00001018,42000018,1,00001014,40987000,0,00001010,24180020,0,00001010,24180020,1,00001010,24180020,0,1
2,2658,1,00001018,42000018,1,00001014,40987000,0,00001010,24180020,0,00001010,24180020,0,00001010,24180020,0,0
2,2659,1,0000101c,00000000,1,00001018,42000018,1,00001014,40987000,0,00001010,24180020,0,00001010,24180020,0,0
2,2660,1,0000101c,00000000,1,00001018,42000018,0,00001014,40987000,1,00001014,40987000,0,00001010,24180020,0,0
2,2661,1,0000101c,00000000,1,00001018,42000018,0,00001014,40987000,0,00001014,40987000,1,00001014,40987000,0,0
2,2662,1,0000101c,00000000,1,00001018,42000018,0,00001014,40987000,0,00001014,40987000,0,00001014,40987000,0,0
2,2663,1,00001020,00000000,1,0000101c,00000000,1,00001018,42000018,0,00001014,40987000,0,00001014,40987000,0,0
2,2664,1,00001020,00000000,1,0000101c,00000000,0,00001018,42000018,1,00001018,42000018,0,00001014,40987000,0,0
2,2665,1,00001020,00000000,1,0000101c,00000000,0,00001018,42000018,0,00001018,42000018,1,00001018,42000018,0,0
2,2666,1,00000020,2402004d,0,0000101c,00000000,0,00001018,42000018,0,00001018,42000018,0,00001018,42000018,0,0
2,2667,1,00000024,ac020008,1,00000020,2402004d,0,0000101c,00000000,0,00001018,42000018,0,00001018,42000018,0,0
2,2668,1,00000028,00000000,1,00000024,ac020008,1,00000020,2402004d,0,0000101c,00000000,0,00001018,42000018,0,0
2,2669,1,0000002c,00000000,1,00000028,00000000,1,00000024,ac020008,1,00000020,2402004d,0,0000101c,00000000,0,0
2,2670,1,00000030,00000000,1,0000002c,00000000,1,00000028,00000000,1,00000024,ac020008,1,00000020,2402004d,1,1
2,2674,1,00000000,3c018000,0,00000000,00000000,0,00000000,00000000,0,00000000,00000000,0,00000000,00000000,0,0
2,2675,1,00000004,ac010000,1,00000000,3c018000,0,00000000,00000000,0,00000000,00000000,0,00000000,00000000,0,0
2,2676,1,00000008,00211820,1,00000004,ac010000,1,00000000,3c018000,0,00000000,00000000,0,00000000,00000000,0,0
2,2677,1,0000000c,ac010004,1,00000008,00211820,1,00000004,ac010000,1,00000000,3c018000,0,00000000,00000000,0,0
2,2678,1,00000010,2402004d,1,0000000c,ac010004,1,00000008,00211820,1,00000004,ac010000,1,00000000,3c018000,1,0
2,2679,1,00000010,2402004d,1,0000000c,ac010004,1,00000008,00211820,1,00000004,ac010000,0,00000000,3c018000,1,0
2,2680,1,00000010,2402004d,1,0000000c,ac010004,1,00000008,00211820,1,00000004,ac010000,0,00000000,3c018000,1,0
2,2681,1,00000010,2402004d,1,0000000c,ac010004,1,00000008,00211820,1,00000004,ac010000,0,00000000,3c018000,1,0
2,2682,1,00000010,2402004d,1,0000000c,ac010004,1,00000008,00211820,1,00000004,ac010000,0,00000000,3c018000,1,0
2,2683,1,00000010,2402004d,1,0000000c,ac010004,1,00000008,00211820,1,00000004,ac010000,0,00000000,3c018000,1,1
2,2684,0,00000010,2402004d,0,0000000c,ac010004,0,00000008,00211820,1,00000008,00211820,1,00000004,ac010000,0,0
2,2685,0,00000010,2402004d,0,0000000c,ac010004,0,00000008,00211820,0,00000008,00211820,1,00000008,00211820,0,0
2,2686,1,00001000,40146800,0,0000000c,ac010004,0,00000008,00211820,0,00000008,00211820,0,00000008,00211820,0,0
2,2687,1,00001004,40157000,1,00001000,40146800,0,0000000c,ac010004,0,00000008,00211820,0,00000008,00211820,0,0
2,2688,1,00001008,40164000,1,00001004,40157000,1,00001000,40146800,0,0000000c,ac010004,0,00000008,00211820,0,0
2,2689,1,00001008,40164000,1,00001004,40157000,0,00001000,40146800,1,00001000,40146800,0,0000000c,ac010004,0,0
2,2690,1,00001008,40164000,1,00001004,40157000,0,00001000,40146800,0,00001000,40146800,1,00001000,40146800,0,0
2,2691,1,00001008,40164000,1,00001004,40157000,0,00001000,40146800,0,00001000,40146800,0,00001000,40146800,0,0
2,2692,1,0000100c,40176000,1,00001008,40164000,1,00001004,40157000,0,00001000,40146800,0,00001000,40146800,0,0
2,2693,1,0000100c,40176000,1,00001008,40164000,0,00001004,40157000,1,00001004,40157000,0,00001000,40146800,0,0
2,2694,1,0000100c,40176000,1,00001008,40164000,0,00001004,40157000,0,00001004,40157000,1,00001004,40157000,0,0
2,2695,1,0000100c,40176000,1,00001008,40164000,0,00001004,40157000,0,00001004,40157000,0,00001004,40157000,0,0
2,2696,1,00001010,24180010,1,0000100c,40176000,1,00001008,40164000,0,00001004,40157000,0,00001004,40157000,0,1
2,2697,1,00001010,24180010,1,0000100c,40176000,0,00001008,40164000,1,00001008,40164000,0,00001004,40157000,0,0
2,2698,1,00001010,24180010,1,0000100c,40176000,0,00001008,40164000,0,00001008,40164000,1,00001008,40164000,0,0
2,2699,1,00001010,24180010,1,0000100c,40176000,0,00001008,40164000,0,00001008,40164000,0,00001008,40164000,0,0
2,2700,1,00001014,40987000,1,00001010,24180010,1,0000100c,40176000,0,00001008,40164000,0,00001008,40164000,0,0
2,2701,1,00001014,40987000,1,00001010,24180010,0,0000100c,40176000,1,0000100c,40176000,0,00001008,40164000,0,0
2,2702,1,00001014,40987000,1,00001010,24180010,0,0000100c,40176000,0,0000100c,40176000,1,0000100c,40176000,0,0
2,2703,1,00001014,40987000,1,00001010,24180010,0,0000100c,40176000,0,0000100c,40176000,0,0000100c,40176000,0,0
2,2704,1,00001018,42000018,1,00001014,40987000,1,00001010,24180010,0,0000100c,40176000,0,0000100c,40176000,0,0
2,2705,1,00001018,42000018,1,00001014,40987000,0,00001010,24180010,1,00001010,24180010,0,0000100c,40176000,0,0
2,2706,1,00001018,42000018,1,00001014,40987000,0,00001010,24180010,0,00001010,24180010,1,00001010,24180010,0,0
2,2707,1,00001018,42000018,1,00001014,40987000,0,00001010,24180010,0,00001010,24180010,0,00001010,24180010,0,0
2,2708,1,0000101c,00000000,1,00001018,42000018,1,00001014,40987000,0,00001010,24180010,0,00001010,24180010,0,0
2,2709,1,0000101c,00000000,1,00001018,42000018,0,00001014,40987000,1,00001014,40987000,0,00001010,24180010,0,1
2,2710,1,0000101c,00000000,1,00001018,42000018,0,00001014,40987000,0,00001014,40987000,1,00001014,40987000,0,0
2,2711,1,0000101c,00000000,1,00001018,42000018,0,00001014,40987000,0,00001014,40987000,0,00001014,40987000,0,0
2,2712,1,00001020,00000000,1,0000101c,00000000,1,00001018,42000018,0,00001014,40987000,0,00001014,40987000,0,0
2,2713,1,00001020,00000000,1,0000101c,00000000,0,00001018,42000018,1,00001018,42000018,0,00001014,40987000,0,0
2,2714,1,00001020,00000000,1,0000101c,00000000,0,00001018,42000018,0,00001018,42000018,1,00001018,42000018,0,0
2,2715,1,00000010,2402004d,0,0000101c,00000000,0,00001018,42000018,0,00001018,42000018,0,00001018,42000018,0,0
2,2716,1,00000014,ac020008,1,00000010,2402004d,0,0000101c,00000000,0,00001018,42000018,0,00001018,42000018,0,0
2,2717,1,00000018,00000000,1,00000014,ac020008,1,00000010,2402004d,0,0000101c,00000000,0,00001018,42000018,0,0
2,2718,1,0000001c,00000000,1,00000018,00000000,1,00000014,ac020008,1,00000010,2402004d,0,0000101c,00000000,0,0
2,2719,1,00000020,00000000,1,0000001c,00000000,1,00000018,00000000,1,00000014,ac020008,1,00000010,2402004d,1,0
2,2720,1,00000020,00000000,1,0000001c,00000000,1,00000018,00000000,1,00000014,ac020008,0,00000010,2402004d,1,0
2,2721,1,00000020,00000000,1,0000001c,00000000,1,00000018,00000000,1,00000014,ac020008,0,00000010,2402004d,1,0
2,2722,1,00000020,00000000,1,0000001c,00000000,1,00000018,00000000,1,00000014,ac020008,0,00000010,2402004d,1,1
2,2726,1,00000000,3c018000,0,00000000,00000000,0,00000000,00000000,0,00000000,00000000,0,00000000,00000000,0,0
2,2727,1,00000004,24020001,1,00000000,3c018000,0,00000000,00000000,0,00000000,00000000,0,00000000,00000000,0,0
2,2728,1,00000008,00221822,1,00000004,24020001,1,00000000,3c018000,0,00000000,00000000,0,00000000,00000000,0,0
2,2729,1,0000000c,ac010004,1,00000008,00221822,1,00000004,24020001,1,00000000,3c018000,0,00000000,00000000,0,0
2,2730,1,00000010,2402004d,1,0000000c,ac010004,1,00000008,00221822,1,00000004,24020001,1,00000000,3c018000,0,0
2,2731,0,00000010,2402004d,0,0000000c,ac010004,0,00000008,00221822,1,00000008,00221822,1,00000004,24020001,0,0
2,2732,0,00000010,2402004d,0,0000000c,ac010004,0,00000008,00221822,0,00000008,00221822,1,00000008,00221822,0,0
2,2733,1,00001000,40146800,0,0000000c,ac010004,0,00000008,00221822,0,00000008,00221822,0,00000008,00221822,0,0
2,2734,1,00001004,40157000,1,00001000,40146800,0,0000000c,ac010004,0,00000008,00221822,0,00000008,00221822,0,0
2,2735,1,00001008,40164000,1,00001004,40157000,1,00001000,40146800,0,0000000c,ac010004,0,00000008,00221822,0,1
2,2736,1,00001008,40164000,1,00001004,40157000,0,00001000,40146800,1,00001000,40146800,0,0000000c,ac010004,0,0
2,2737,1,00001008,40164000,1,00001004,40157000,0,00001000,40146800,0,00001000,40146800,1,00001000,40146800,0,0
2,2738,1,00001008,40164000,1,00001004,40157000,0,00001000,40146800,0,00001000,40146800,0,00001000,40146800,0,0
2,2739,1,0000100c,40176000,1,00001008,40164000,1,00001004,40157000,0,00001000,40146800,0,00001000,40146800,0,0
2,2740,1,0000100c,40176000,1,00001008,40164000,0,00001004,40157000,1,00001004,40157000,0,00001000,40146800,0,0
2,2741,1,0000100c,40176000,1,00001008,40164000,0,00001004,40157000,0,00001004,40157000,1,00001004,40157000,0,0
2,2742,1,0000100c,40176000,1,00001008,40164000,0,00001004,40157000,0,00001004,40157000,0,00001004,40157000,0,0
2,2743,1,00001010,24180010,1,0000100c,40176000,1,00001008,40164000,0,00001004,40157000,0,00001004,40157000,0,0
2,2744,1,00001010,24180010,1,0000100c,40176000,0,00001008,40164000,1,00001008,40164000,0,00001004,40157000,0,0
2,2745,1,00001010,24180010,1,0000100c,40176000,0,00001008,40164000,0,00001008,40164000,1,00001008,40164000,0,0
2,2746,1,00001010,24180010,1,0000100c,40176000,0,00001008,40164000,0,00001008,40164000,0,00001008,40164000,0,0
2,2747,1,00001014,40987000,1,00001010,24180010,1,0000100c,40176000,0,00001008,40164000,0,00001008,40164000,0,0
2,2748,1,00001014,40987000,1,00001010,24180010,0,0000100c,40176000,1,0000100c,40176000,0,00001008,40164000,0,1
2,2749,1,00001014,40987000,1,00001010,24180010,0,0000100c,40176000,0,0000100c,40176000,1,0000100c,40176000,0,0
2,2750,1,00001014,40987000,1,00001010,24180010,0,0000100c,40176000,0,0000100c,40176000,0,0000100c,40176000,0,0
2,2751,1,00001018,42000018,1,00001014,40987000,1,00001010,24180010,0,0000100c,40176000,0,0000100c,40176000,0,0
2,2752,1,00001018,42000018,1,00001014,40987000,0,00001010,24180010,1,00001010,24180010,0,0000100c,40176000,0,0
2,2753,1,00001018,42000018,1,00001014,40987000,0,00001010,24180010,0,00001010,24180010,1,00001010,24180010,0,0
2,2754,1,00001018,42000018,1,00001014,40987000,0,00001010,24180010,0,00001010,24180010,0,00001010,24180010,0,0
2,2755,1,0000101c,00000000,1,00001018,42000018,1,00001014,40987000,0,00001010,24180010,0,00001010,24180010,0,0
2,2756,1,0000101c,00000000,1,00001018,42000018,0,00001014,40987000,1,00001014,40987000,0,00001010,24180010,0,0
2,2757,1,0000101c,00000000,1,00001018,42000018,0,00001014,40987000,0,00001014,40987000,1,00001014,40987000,0,0
2,2758,1,0000101c,00000000,1,00001018,42000018,0,00001014,40987000,0,00001014,40987000,0,00001014,40987000,0,0
2,2759,1,00001020,00000000,1,0000101c,00000000,1,00001018,42000018,0,00001014,40987000,0,00001014,40987000,0,0
2,2760,1,00001020,00000000,1,0000101c,00000000,0,00001018,42000018,1,00001018,42000018,0,00001014,40987000,0,0
2,2761,1,00001020,00000000,1,0000101c,00000000,0,00001018,42000018,0,00001018,42000018,1,00001018,42000018,0,1
2,2762,1,00000010,2402004d,0,0000101c,00000000,0,00001018,42000018,0,00001018,42000018,0,00001018,42000018,0,0
2,2763,1,00000014,ac020008,1,00000010,2402004d,0,0000101c,00000000,0,00001018,42000018,0,00001018,42000018,0,0
2,2764,1,00000018,00000000,1,00000014,ac020008,1,00000010,2402004d,0,0000101c,00000000,0,00001018,42000018,0,0
2,2765,1,0000001c,00000000,1,00000018,00000000,1,00000014,ac020008,1,00000010,2402004d,0,0000101c,00000000,0,0
2,2766,1,00000020,00000000,1,0000001c,00000000,1,00000018,00000000,1,00000014,ac020008,1,00000010,2402004d,1,0
2,2767,1,00000020,00000000,1,0000001c,00000000,1,00000018,00000000,1,00000014,ac020008,0,00000010,2402004d,1,0
2,2768,1,00000020,00000000,1,0000001c,00000000,1,00000018,00000000,1,00000014,ac020008,0,00000010,2402004d,1,0
2,2769,1,00000020,00000000,1,0000001c,00000000,1,00000018,00000000,1,00000014,ac020008,0,00000010,2402004d,1,0
2,2770,1,00000020,00000000,1,0000001c,00000000,1,00000018,00000000,1,00000014,ac020008,0,00000010,2402004d,1,0
2,2771,1,00000020,00000000,1,0000001c,00000000,1,00000018,00000000,1,00000014,ac020008,0,00000010,2402004d,1,0
2,2772,1,00000020,00000000,1,0000001c,00000000,1,00000018,00000000,1,00000014,ac020008,0,00000010,2402004d,1,0
2,2773,1,00000020,00000000,1,0000001c,00000000,1,00000018,00000000,1,00000014,ac020008,0,00000010,2402004d,1,0
2,2774,1,00000020,00000000,1,0000001c,00000000,1,00000018,00000000,1,00000014,ac020008,0,00000010,2402004d,1,1
2,2778,1,00000000,24010037,0,00000000,00000000,0,00000000,00000000,0,00000000,00000000,0,00000000,00000000,0,0
2,2779,1,00000004,ac010000,1,00000000,24010037,0,00000000,00000000,0,00000000,00000000,0,00000000,00000000,0,0
2,2780,1,00000008,84030003,1,00000004,ac010000,1,00000000,24010037,0,00000000,00000000,0,00000000,00000000,0,0
2,2781,1,0000000c,ac010004,1,00000008,84030003,1,00000004,ac010000,1,00000000,24010037,0,00000000,00000000,0,0
2,2782,1,00000010,2402004d,1,0000000c,ac010004,1,00000008,84030003,1,00000004,ac010000,1,00000000,24010037,1,0
2,2783,1,00000010,2402004d,1,0000000c,ac010004,1,00000008,84030003,1,00000004,ac010000,0,00000000,24010037,1,0
2,2784,1,00000010,2402004d,1,0000000c,ac010004,1,00000008,84030003,1,00000004,ac010000,0,00000000,24010037,1,0
2,2785,1,00000010,2402004d,1,0000000c,ac010004,1,00000008,84030003,1,00000004,ac010000,0,00000000,24010037,1,0
2,2786,1,00000010,2402004d,1,0000000c,ac010004,1,00000008,84030003,1,00000004,ac010000,0,00000000,24010037,1,0
2,2787,1,00000010,2402004d,1,0000000c,ac010004,1,00000008,84030003,1,00000004,ac010000,0,00000000,24010037,1,1
2,2788,0,00000010,2402004d,0,0000000c,ac010004,0,00000008,84030003,1,00000008,84030003,1,00000004,ac010000,0,0
2,2789,0,00000010,2402004d,0,0000000c,ac010004,0,00000008,84030003,0,00000008,84030003,1,00000008,84030003,0,0
2,2790,1,00001000,40146800,0,0000000c,ac010004,0,00000008,84030003,0,00000008,84030003,0,00000008,84030003,0,0
2,2791,1,00001004,40157000,1,00001000,40146800,0,0000000c,ac010004,0,00000008,84030003,0,00000008,84030003,0,0
2,2792,1,00001008,40164000,1,00001004,40157000,1,00001000,40146800,0,0000000c,ac010004,0,00000008,84030003,0,0
2,2793,1,00001008,40164000,1,00001004,40157000,0,00001000,40146800,1,00001000,40146800,0,0000000c,ac010004,0,0
2,2794,1,00001008,40164000,1,00001004,40157000,0,00001000,40146800,0,00001000,40146800,1,00001000,40146800,0,0
2,2795,1,00001008,40164000,1,00001004,40157000,0,00001000,40146800,0,00001000,40146800,0,00001000,40146800,0,0
2,2796,1,0000100c,40176000,1,00001008,40164000,1,00001004,40157000,0,00001000,40146800,0,00001000,40146800,0,0
2,2797,1,0000100c,40176000,1,00001008,40164000,0,00001004,40157000,1,00001004,40157000,0,00001000,40146800,0,0
2,2798,1,0000100c,40176000,1,00001008,40164000,0,00001004,40157000,0,00001004,40157000,1,00001004,40157000,0,0
2,2799,1,0000100c,40176000,1,00001008,40164000,0,00001004,40157000,0,00001004,40157000,0,00001004,40157000,0,0
2,2800,1,00001010,24180010,1,0000100c,40176000,1,00001008,40164000,0,00001004,40157000,0,00001004,40157000,0,1
2,2801,1,00001010,24180010,1,0000100c,40176000,0,00001008,40164000,1,00001008,40164000,0,00001004,40157000,0,0
2,2802,1,00001010,24180010,1,0000100c,40176000,0,00001008,40164000,0,00001008,40164000,1,00001008,40164000,0,0
2,2803,1,00001010,24180010,1,0000100c,40176000,0,00001008,40164000,0,00001008,40164000,0,00001008,40164000,0,0
2,2804,1,00001014,40987000,1,00001010,24180010,1,0000100c,40176000,0,00001008,40164000,0,00001008,40164000,0,0
2,2805,1,00001014,40987000,1,00001010,24180010,0,0000100c,40176000,1,0000100c,40176000,0,00001008,40164000,0,0
2,2806,1,00001014,40987000,1,00001010,24180010,0,0000100c,40176000,0,0000100c,40176000,1,0000100c,40176000,0,0
2,2807,1,00001014,40987000,1,00001010,24180010,0,0000100c,40176000,0,0000100c,40176000,0,0000100c,40176000,0,0
2,2808,1,00001018,42000018,1,00001014,40987000,1,00001010,24180010,0,0000100c,40176000,0,0000100c,40176000,0,0
2,2809,1,00001018,42000018,1,00001014,40987000,0,00001010,24180010,1,00001010,24180010,0,0000100c,40176000,0,0
2,2810,1,00001018,42000018,1,00001014,40987000,0,00001010,24180010,0,00001010,24180010,1,00001010,24180010,0,0
2,2811,1,00001018,42000018,1,00001014,40987000,0,00001010,24180010,0,00001010,24180010,0,00001010,24180010,0,0
2,2812,1,0000101c,00000000,1,00001018,42000018,1,00001014,40987000,0,00001010,24180010,0,00001010,24180010,0,0
2,2813,1,0000101c,00000000,1,00001018,42000018,0,00001014,40987000,1,00001014,40987000,0,00001010,24180010,0,1
2,2814,1,0000101c,00000000,1,00001018,42000018,0,00001014,40987000,0,00001014,40987000,1,00001014,40987000,0,0
2,2815,1,0000101c,00000000,1,00001018,42000018,0,00001014,40987000,0,00001014,40987000,0,00001014,40987000,0,0
2,2816,1,00001020,00000000,1,0000101c,00000000,1,00001018,42000018,0,00001014,40987000,0,00001014,40987000,0,0
2,2817,1,00001020,00000000,1,0000101c,00000000,0,00001018,42000018,1,00001018,42000018,0,00001014,40987000,0,0
2,2818,1,00001020,00000000,1,0000101c,00000000,0,00001018,42000018,0,00001018,42000018,1,00001018,42000018,0,0
2,2819,1,00000010,2402004d,0,0000101c,00000000,0,00001018,42000018,0,00001018,42000018,0,00001018,42000018,0,0
2,2820,1,00000014,ac020008,1,00000010,2402004d,0,0000101c,00000000,0,00001018,42000018,0,00001018,42000018,0,0
2,2821,1,00000018,00000000,1,00000014,ac020008,1,00000010,2402004d,0,0000101c,00000000,0,00001018,42000018,0,0
2,2822,1,0000001c,00000000,1,00000018,00000000,1,00000014,ac020008,1,00000010,2402004d,0,0000101c,00000000,0,0
2,2823,1,00000020,00000000,1,0000001c,00000000,1,00000018,00000000,1,00000014,ac020008,1,00000010,2402004d,1,0
2,2824,1,00000020,00000000,1,0000001c,00000000,1,00000018,00000000,1,00000014,ac020008,0,00000010,2402004d,1,0
2,2825,1,00000020,00000000,1,0000001c,00000000,1,00000018,00000000,1,00000014,ac020008,0,00000010,2402004d,1,0
2,2826,1,00000020,00000000,1,0000001c,00000000,1,00000018,00000000,1,00000014,ac020008,0,00000010,2402004d,1,1
2,2830,1,00000000,34020401,0,00000000,00000000,0,00000000,00000000,0,00000000,00000000,0,00000000,00000000,0,0
2,2831,1,00000004,40826000,1,00000000,34020401,0,00000000,00000000,0,00000000,00000000,0,00000000,00000000,0,0
2,2832,1,00000008,0000000c,1,00000004,40826000,1,00000000,34020401,0,00000000,00000000,0,00000000,00000000,0,0
2,2833,1,00000008,0000000c,1,00000004,40826000,0,00000000,34020401,1,00000000,34020401,0,00000000,00000000,0,0
2,2834,1,00000008,0000000c,1,00000004,40826000,0,00000000,34020401,0,00000000,34020401,1,00000000,34020401,0,0
2,2835,1,00000008,0000000c,1,00000004,40826000,0,00000000,34020401,0,00000000,34020401,0,00000000,34020401,0,0
2,2836,1,0000000c,ac010004,1,00000008,0000000c,1,00000004,40826000,0,00000000,34020401,0,00000000,34020401,0,0
2,2837,1,0000000c,ac010004,1,00000008,0000000c,0,00000004,40826000,1,00000004,40826000,0,00000000,34020401,0,0
2,2838,1,0000000c,ac010004,1,00000008,0000000c,0,00000004,40826000,0,00000004,40826000,1,00000004,40826000,0,0
2,2839,1,0000000c,ac010004,1,00000008,0000000c,0,00000004,40826000,0,00000004,40826000,0,00000004,40826000,0,1
2,2840,1,00000010,2402004d,1,0000000c,ac010004,1,00000008,0000000c,0,00000004,40826000,0,00000004,40826000,0,0
2,2841,0,00000010,2402004d,0,0000000c,ac010004,0,00000008,0000000c,1,00000008,0000000c,0,00000004,40826000,0,0
2,2842,0,00000010,2402004d,0,0000000c,ac010004,0,00000008,0000000c,0,00000008,0000000c,1,00000008,0000000c,0,0
2,2843,1,00001000,40146800,0,0000000c,ac010004,0,00000008,0000000c,0,00000008,0000000c,0,00000008,0000000c,0,0
2,2844,1,00001004,40157000,1,00001000,40146800,0,0000000c,ac010004,0,00000008,0000000c,0,00000008,0000000c,0,0
2,2845,1,00001008,40164000,1,00001004,40157000,1,00001000,40146800,0,0000000c,ac010004,0,00000008,0000000c,0,0
2,2846,1,00001008,40164000,1,00001004,40157000,0,00001000,40146800,1,00001000,40146800,0,0000000c,ac010004,0,0
2,2847,1,00001008,40164000,1,00001004,40157000,0,00001000,40146800,0,00001000,40146800,1,00001000,40146800,0,0
2,2848,1,00001008,40164000,1,00001004,40157000,0,00001000,40146800,0,00001000,40146800,0,00001000,40146800,0,0
2,2849,1,0000100c,40176000,1,00001008,40164000,1,00001004,40157000,0,00001000,40146800,0,00001000,40146800,0,0
2,2850,1,0000100c,40176000,1,00001008,40164000,0,00001004,40157000,1,00001004,40157000,0,00001000,40146800,0,0
2,2851,1,0000100c,40176000,1,00001008,40164000,0,00001004,40157000,0,00001004,40157000,1,00001004,40157000,0,0
2,2852,1,0000100c,40176000,1,00001008,40164000,0,00001004,40157000,0,00001004,40157000,0,00001004,40157000,0,1
2,2853,1,00001010,24180010,1,0000100c,40176000,1,00001008,40164000,0,00001004,40157000,0,00001004,40157000,0,0
2,2854,1,00001010,24180010,1,0000100c,40176000,0,00001008,40164000,1,00001008,40164000,0,00001004,40157000,0,0
2,2855,1,00001010,24180010,1,0000100c,40176000,0,00001008,40164000,0,00001008,40164000,1,00001008,40164000,0,0
2,2856,1,00001010,24180010,1,0000100c,40176000,0,00001008,40164000,0,00001008,40164000,0,00001008,40164000,0,0
2,2857,1,00001014,40987000,1,00001010,24180010,1,0000100c,40176000,0,00001008,40164000,0,00001008,40164000,0,0
2,2858,1,00001014,40987000,1,00001010,24180010,0,0000100c,40176000,1,0000100c,40176000,0,00001008,40164000,0,0
2,2859,1,00001014,40987000,1,00001010,24180010,0,0000100c,40176000,0,0000100c,40176000,1,0000100c,40176000,0,0
2,2860,1,00001014,40987000,1,00001010,24180010,0,0000100c,40176000,0,0000100c,40176000,0,0000100c,40176000,0,0
2,2861,1,00001018,42000018,1,00001014,40987000,1,00001010,24180010,0,0000100c,40176000,0,0000100c,40176000,0,0
2,2862,1,00001018,42000018,1,00001014,40987000,0,00001010,24180010,1,00001010,24180010,0,0000100c,40176000,0,0
2,2863,1,00001018,42000018,1,00001014,40987000,0,00001010,24180010,0,00001010,24180010,1,00001010,24180010,0,0
2,2864,1,00001018,42000018,1,00001014,40987000,0,00001010,24180010,0,00001010,24180010,0,00001010,24180010,0,0
2,2865,1,0000101c,00000000,1,00001018,42000018,1,00001014,40987000,0,00001010,24180010,0,00001010,24180010,0,1
2,2866,1,0000101c,00000000,1,00001018,42000018,0,00001014,40987000,1,00001014,40987000,0,00001010,24180010,0,0
2,2867,1,0000101c,00000000,1,00001018,42000018,0,00001014,40987000,0,00001014,40987000,1,00001014,40987000,0,0
2,2868,1,0000101c,00000000,1,00001018,42000018,0,00001014,40987000,0,00001014,40987000,0,00001014,40987000,0,0
2,2869,1,00001020,00000000,1,0000101c,00000000,1,00001018,42000018,0,00001014,40987000,0,00001014,40987000,0,0
2,2870,1,00001020,00000000,1,0000101c,00000000,0,00001018,42000018,1,00001018,42000018,0,00001014,40987000,0,0
2,2871,1,00001020,00000000,1,0000101c,00000000,0,00001018,42000018,0,00001018,42000018,1,00001018,42000018,0,0
2,2872,1,00000010,2402004d,0,0000101c,00000000,0,00001018,42000018,0,00001018,42000018,0,00001018,42000018,0,0
2,2873,1,00000014,ac020008,1,00000010,2402004d,0,0000101c,00000000,0,00001018,42000018,0,00001018,42000018,0,0
2,2874,1,00000018,00000000,1,00000014,ac020008,1,00000010,2402004d,0,0000101c,00000000,0,00001018,42000018,0,0
2,2875,1,0000001c,00000000,1,00000018,00000000,1,00000014,ac020008,1,00000010,2402004d,0,0000101c,00000000,0,0
2,2876,1,00000020,00000000,1,0000001c,00000000,1,00000018,00000000,1,00000014,ac020008,1,00000010,2402004d,1,0
2,2877,1,00000020,00000000,1,0000001c,00000000,1,00000018,00000000,1,00000014,ac020008,0,00000010,2402004d,1,0
2,2878,1,00000020,00000000,1,0000001c,00000000,1,00000018,00000000,1,00000014,ac020008,0,00000010,2402004d,1,1
2,2882,1,00000000,24010001,0,00000000,00000000,0,00000000,00000000,0,00000000,00000000,0,00000000,00000000,0,0
2,2883,1,00000004,40804800,1,00000000,24010001,0,00000000,00000000,0,00000000,00000000,0,00000000,00000000,0,0
2,2884,1,00000008,24020050,1,00000004,40804800,1,00000000,24010001,0,00000000,00000000,0,00000000,00000000,0,0
2,2885,1,00000008,24020050,1,00000004,40804800,0,00000000,24010001,1,00000000,24010001,0,00000000,00000000,0,0
2,2886,1,00000008,24020050,1,00000004,40804800,0,00000000,24010001,0,00000000,24010001,1,00000000,24010001,0,0
2,2887,1,00000008,24020050,1,00000004,40804800,0,00000000,24010001,0,00000000,24010001,0,00000000,24010001,0,0
2,2888,1,0000000c,40825800,1,00000008,24020050,1,00000004,40804800,0,00000000,24010001,0,00000000,24010001,0,0
2,2889,1,0000000c,40825800,1,00000008,24020050,0,00000004,40804800,1,00000004,40804800,0,00000000,24010001,0,0
2,2890,1,0000000c,40825800,1,00000008,24020050,0,00000004,40804800,0,00000004,40804800,1,00000004,40804800,0,0
2,2891,1,0000000c,40825800,1,00000008,24020050,0,00000004,40804800,0,00000004,40804800,0,00000004,40804800,0,1
2,2892,1,00000010,34020401,1,0000000c,40825800,1,00000008,24020050,0,00000004,40804800,0,00000004,40804800,0,0
2,2893,1,00000010,34020401,1,0000000c,40825800,0,00000008,24020050,1,00000008,24020050,0,00000004,40804800,0,0
2,2894,1,00000010,34020401,1,0000000c,40825800,0,00000008,24020050,0,00000008,24020050,1,00000008,24020050,0,0
2,2895,1,00000010,34020401,1,0000000c,40825800,0,00000008,24020050,0,00000008,24020050,0,00000008,24020050,0,0
2,2896,1,00000014,40826000,1,00000010,34020401,1,0000000c,40825800,0,00000008,24020050,0,00000008,24020050,0,0
2,2897,1,00000014,40826000,1,00000010,34020401,0,0000000c,40825800,1,0000000c,40825800,0,00000008,24020050,0,0
2,2898,1,00000014,40826000,1,00000010,34020401,0,0000000c,40825800,0,0000000c,40825800,1,0000000c,40825800,0,0
2,2899,1,00000014,40826000,1,00000010,34020401,0,0000000c,40825800,0,0000000c,40825800,0,0000000c,40825800,0,0
2,2900,1,00000018,ac010000,1,00000014,40826000,1,00000010,34020401,0,0000000c,40825800,0,0000000c,40825800,0,0
2,2901,1,00000018,ac010000,1,00000014,40826000,0,00000010,34020401,1,00000010,34020401,0,0000000c,40825800,0,0
2,2902,1,00000018,ac010000,1,00000014,40826000,0,00000010,34020401,0,00000010,34020401,1,00000010,34020401,0,0
2,2903,1,00000018,ac010000,1,00000014,40826000,0,00000010,34020401,0,00000010,34020401,0,00000010,34020401,0,0
2,2904,1,0000001c,24210001,1,00000018,ac010000,1,00000014,40826000,0,00000010,34020401,0,00000010,34020401,0,1
2,2905,1,0000001c,24210001,1,00000018,ac010000,0,00000014,40826000,1,00000014,40826000,0,00000010,34020401,0,0
2,2906,1,0000001c,24210001,1,00000018,ac010000,0,00000014,40826000,0,00000014,40826000,1,00000014,40826000,0,0
2,2907,1,0000001c,24210001,1,00000018,ac010000,0,00000014,40826000,0,00000014,40826000,0,00000014,40826000,0,0
2,2908,1,00000020,ac010004,1,0000001c,24210001,1,00000018,ac010000,0,00000014,40826000,0,00000014,40826000,0,0
2,2909,1,00000024,24210001,1,00000020,ac010004,1,0000001c,24210001,1,00000018,ac010000,0,00000014,40826000,1,0
2,2910,1,00000024,24210001,1,00000020,ac010004,1,0000001c,24210001,1,00000018,ac010000,0,00000014,40826000,1,0
2,2911,1,00000024,24210001,1,00000020,ac010004,1,0000001c,24210001,1,00000018,ac010000,0,00000014,40826000,1,0
2,2912,1,00000024,24210001,1,00000020,ac010004,1,0000001c,24210001,1,00000018,ac010000,0,00000014,40826000,1,0
2,2913,1,00000024,24210001,1,00000020,ac010004,1,0000001c,24210001,1,00000018,ac010000,0,00000014,40826000,1,0
2,2914,1,00000024,24210001,1,00000020,ac010004,1,0000001c,24210001,1,00000018,ac010000,0,00000014,40826000,1,0
2,2915,1,00000024,24210001,1,00000020,ac010004,1,0000001c,24210001,1,00000018,ac010000,0,00000014,40826000,1,0
2,2916,1,00000024,24210001,1,00000020,ac010004,1,0000001c,24210001,1,00000018,ac010000,0,00000014,40826000,1,0
2,2917,1,00000024,24210001,1,00000020,ac010004,1,0000001c,24210001,1,00000018,ac010000,0,00000014,40826000,1,1
2,2918,0,00000024,24210001,0,00000020,ac010004,0,0000001c,24210001,1,0000001c,24210001,1,00000018,ac010000,0,0
2,2919,0,00000024,24210001,0,00000020,ac010004,0,0000001c,24210001,0,0000001c,24210001,1,0000001c,24210001,0,0
2,2920,1,00001000,40157000,0,00000020,ac010004,0,0000001c,24210001,0,0000001c,24210001,0,0000001c,24210001,0,0
2,2921,1,00001004,40146800,1,00001000,40157000,0,00000020,ac010004,0,0000001c,24210001,0,0000001c,24210001,0,0
2,2922,1,00001008,40805800,1,00001004,40146800,1,00001000,40157000,0,00000020,ac010004,0,0000001c,24210001,0,0
2,2923,1,00001008,40805800,1,00001004,40146800,0,00001000,40157000,1,00001000,40157000,0,00000020,ac010004,0,0
2,2924,1,00001008,40805800,1,00001004,40146800,0,00001000,40157000,0,00001000,40157000,1,00001000,40157000,0,0
2,2925,1,00001008,40805800,1,00001004,40146800,0,00001000,40157000,0,00001000,40157000,0,00001000,40157000,0,0
2,2926,1,0000100c,42000018,1,00001008,40805800,1,00001004,40146800,0,00001000,40157000,0,00001000,40157000,0,0
2,2927,1,0000100c,42000018,1,00001008,40805800,0,00001004,40146800,1,00001004,40146800,0,00001000,40157000,0,0
2,2928,1,0000100c,42000018,1,00001008,40805800,0,00001004,40146800,0,00001004,40146800,1,00001004,40146800,0,0
2,2929,1,0000100c,42000018,1,00001008,40805800,0,00001004,40146800,0,00001004,40146800,0,00001004,40146800,0,0
2,2930,1,00001010,00000000,1,0000100c,42000018,1,00001008,40805800,0,00001004,40146800,0,00001004,40146800,0,1
2,2931,1,00001010,00000000,1,0000100c,42000018,0,00001008,40805800,1,00001008,40805800,0,00001004,40146800,0,0
2,2932,1,00001010,00000000,1,0000100c,42000018,0,00001008,40805800,0,00001008,40805800,1,00001008,40805800,0,0
2,2933,1,00001010,00000000,1,0000100c,42000018,0,00001008,40805800,0,00001008,40805800,0,00001008,40805800,0,0
2,2934,1,00001014,00000000,1,00001010,00000000,1,0000100c,42000018,0,00001008,40805800,0,00001008,40805800,0,0
2,2935,1,00001014,00000000,1,00001010,00000000,0,0000100c,42000018,1,0000100c,42000018,0,00001008,40805800,0,0
2,2936,1,00001014,00000000,1,00001010,00000000,0,0000100c,42000018,0,0000100c,42000018,1,0000100c,42000018,0,0
2,2937,1,0000001c,24210001,0,00001010,00000000,0,0000100c,42000018,0,0000100c,42000018,0,0000100c,42000018,0,0
2,2938,1,00000020,ac010004,1,0000001c,24210001,0,00001010,00000000,0,0000100c,42000018,0,0000100c,42000018,0,0
2,2939,1,00000024,24210001,1,00000020,ac010004,1,0000001c,24210001,0,00001010,00000000,0,0000100c,42000018,0,0
2,2940,1,00000028,ac010008,1,00000024,24210001,1,00000020,ac010004,1,0000001c,24210001,0,00001010,00000000,0,0
2,2941,1,0000002c,24210001,1,00000028,ac010008,1,00000024,24210001,1,00000020,ac010004,1,0000001c,24210001,1,0
2,2942,1,0000002c,24210001,1,00000028,ac010008,1,00000024,24210001,1,00000020,ac010004,0,0000001c,24210001,1,0
2,2943,1,0000002c,24210001,1,00000028,ac010008,1,00000024,24210001,1,00000020,ac010004,0,0000001c,24210001,1,1
2,2944,1,00000030,ac01000c,1,0000002c,24210001,1,00000028,ac010008,1,00000024,24210001,1,00000020,ac010004,0,0
2,2945,1,00000034,24210001,1,00000030,ac01000c,1,0000002c,24210001,1,00000028,ac010008,1,00000024,24210001,1,0
2,2946,1,00000034,24210001,1,00000030,ac01000c,1,0000002c,24210001,1,00000028,ac010008,0,00000024,24210001,1,0
2,2947,1,00000034,24210001,1,00000030,ac01000c,1,0000002c,24210001,1,00000028,ac010008,0,00000024,24210001,1,0
2,2948,1,00000034,24210001,1,00000030,ac01000c,1,0000002c,24210001,1,00000028,ac010008,0,00000024,24210001,1,0
2,2949,1,00000034,24210001,1,00000030,ac01000c,1,0000002c,24210001,1,00000028,ac010008,0,00000024,24210001,1,0
2,2950,1,00000034,24210001,1,00000030,ac01000c,1,0000002c,24210001,1,00000028,ac010008,0,00000024,24210001,1,0
2,2951,1,00000034,24210001,1,00000030,ac01000c,1,0000002c,24210001,1,00000028,ac010008,0,00000024,24210001,1,0
2,2952,1,00000034,24210001,1,00000030,ac01000c,1,0000002c,24210001,1,00000028,ac010008,0,00000024,24210001,1,0
2,2953,1,00000034,24210001,1,00000030,ac01000c,1,0000002c,24210001,1,00000028,ac010008,0,00000024,24210001,1,0
2,2954,1,00000034,24210001,1,00000030,ac01000c,1,0000002c,24210001,1,00000028,ac010008,0,00000024,24210001,1,0
2,2955,1,00000034,24210001,1,00000030,ac01000c,1,0000002c,24210001,1,00000028,ac010008,0,00000024,24210001,1,0
2,2956,1,00000034,24210001,1,00000030,ac01000c,1,0000002c,24210001,1,00000028,ac010008,0,00000024,24210001,1,1
2,2957,1,00000038,ac010010,1,00000034,24210001,1,00000030,ac01000c,1,0000002c,24210001,1,00000028,ac010008,0,0
2,2958,1,0000003c,24210001,1,00000038,ac010010,1,00000034,24210001,1,00000030,ac01000c,1,0000002c,24210001,1,0
2,2959,1,0000003c,24210001,1,00000038,ac010010,1,00000034,24210001,1,00000030,ac01000c,0,0000002c,24210001,1,0
2,2960,1,0000003c,24210001,1,00000038,ac010010,1,00000034,24210001,1,00000030,ac01000c,0,0000002c,24210001,1,0
2,2961,1,0000003c,24210001,1,00000038,ac010010,1,00000034,24210001,1,00000030,ac01000c,0,0000002c,24210001,1,0
2,2962,1,0000003c,24210001,1,00000038,ac010010,1,00000034,24210001,1,00000030,ac01000c,0,0000002c,24210001,1,0
2,2963,1,0000003c,24210001,1,00000038,ac010010,1,00000034,24210001,1,00000030,ac01000c,0,0000002c,24210001,1,0
2,2964,1,0000003c,24210001,1,00000038,ac010010,1,00000034,24210001,1,00000030,ac01000c,0,0000002c,24210001,1,0
2,2965,1,0000003c,24210001,1,00000038,ac010010,1,00000034,24210001,1,00000030,ac01000c,0,0000002c,24210001,1,0
2,2966,1,0000003c,24210001,1,00000038,ac010010,1,00000034,24210001,1,00000030,ac01000c,0,0000002c,24210001,1,0
2,2967,1,0000003c,24210001,1,00000038,ac010010,1,00000034,24210001,1,00000030,ac01000c,0,0000002c,24210001,1,0
2,2968,1,0000003c,24210001,1,00000038,ac010010,1,00000034,24210001,1,00000030,ac01000c,0,0000002c,24210001,1,0
2,2969,1,0000003c,24210001,1,00000038,ac010010,1,00000034,24210001,1,00000030,ac01000c,0,0000002c,24210001,1,1
2,2970,1,00000040,ac010014,1,0000003c,24210001,1,00000038,ac010010,1,00000034,24210001,1,00000030,ac01000c,0,0
2,2971,1,00000044,24210001,1,00000040,ac010014,1,0000003c,24210001,1,00000038,ac010010,1,00000034,24210001,1,0
2,2972,1,00000044,24210001,1,00000040,ac010014,1,0000003c,24210001,1,00000038,ac010010,0,00000034,24210001,1,0
2,2973,1,00000044,24210001,1,00000040,ac010014,1,0000003c,24210001,1,00000038,ac010010,0,00000034,24210001,1,0
2,2974,1,00000044,24210001,1,00000040,ac010014,1,0000003c,24210001,1,00000038,ac010010,0,00000034,24210001,1,0
2,2975,1,00000044,24210001,1,00000040,ac010014,1,0000003c,24210001,1,00000038,ac010010,0,00000034,24210001,1,0
2,2976,1,00000044,24210001,1,00000040,ac010014,1,0000003c,24210001,1,00000038,ac010010,0,00000034,24210001,1,0
2,2977,1,00000044,24210001,1,00000040,ac010014,1,0000003c,24210001,1,00000038,ac010010,0,00000034,24210001,1,0
2,2978,1,00000044,24210001,1,00000040,ac010014,1,0000003c,24210001,1,00000038,ac010010,0,00000034,24210001,1,0
2,2979,1,00000044,24210001,1,00000040,ac010014,1,0000003c,24210001,1,00000038,ac010010,0,00000034,24210001,1,0
2,2980,1,00000044,24210001,1,00000040,ac010014,1,0000003c,24210001,1,00000038,ac010010,0,00000034,24210001,1,0
2,2981,1,00000044,24210001,1,00000040,ac010014,1,0000003c,24210001,1,00000038,ac010010,0,00000034,24210001,1,0
2,2982,1,00000044,24210001,1,00000040,ac010014,1,0000003c,24210001,1,00000038,ac010010,0,00000034,24210001,1,1
2,2983,1,00000048,ac010018,1,00000044,24210001,1,00000040,ac010014,1,0000003c,24210001,1,00000038,ac010010,0,0
2,2984,1,0000004c,24210001,1,00000048,ac010018,1,00000044,24210001,1,00000040,ac010014,1,0000003c,24210001,1,0
2,2985,1,0000004c,24210001,1,00000048,ac010018,1,00000044,24210001,1,00000040,ac010014,0,0000003c,24210001,1,0
2,2986,1,0000004c,24210001,1,00000048,ac010018,1,00000044,24210001,1,00000040,ac010014,0,0000003c,24210001,1,0
2,2987,1,0000004c,24210001,1,00000048,ac010018,1,00000044,24210001,1,00000040,ac010014,0,0000003c,24210001,1,0
2,2988,1,0000004c,24210001,1,00000048,ac010018,1,00000044,24210001,1,00000040,ac010014,0,0000003c,24210001,1,0
2,2989,1,0000004c,24210001,1,00000048,ac010018,1,00000044,24210001,1,00000040,ac010014,0,0000003c,24210001,1,0
2,2990,1,0000004c,24210001,1,00000048,ac010018,1,00000044,24210001,1,00000040,ac010014,0,0000003c,24210001,1,0
2,2991,1,0000004c,24210001,1,00000048,ac010018,1,00000044,24210001,1,00000040,ac010014,0,0000003c,24210001,1,0
2,2992,1,0000004c,24210001,1,00000048,ac010018,1,00000044,24210001,1,00000040,ac010014,0,0000003c,24210001,1,0
2,2993,1,0000004c,24210001,1,00000048,ac010018,1,00000044,24210001,1,00000040,ac010014,0,0000003c,24210001,1,0
2,2994,1,0000004c,24210001,1,00000048,ac010018,1,00000044,24210001,1,00000040,ac010014,0,0000003c,24210001,1,0
2,2995,1,0000004c,24210001,1,00000048,ac010018,1,00000044,24210001,1,00000040,ac010014,0,0000003c,24210001,1,1
2,2996,1,00000050,ac01001c,1,0000004c,24210001,1,00000048,ac010018,1,00000044,24210001,1,00000040,ac010014,0,0
2,2997,1,00000054,24210001,1,00000050,ac01001c,1,0000004c,24210001,1,00000048,ac010018,1,00000044,24210001,1,0
2,2998,1,00000054,24210001,1,00000050,ac01001c,1,0000004c,24210001,1,00000048,ac010018,0,00000044,24210001,1,0
2,2999,1,00000054,24210001,1,00000050,ac01001c,1,0000004c,24210001,1,00000048,ac010018,0,00000044,24210001,1,0
2,3000,1,00000054,24210001,1,00000050,ac01001c,1,0000004c,24210001,1,00000048,ac010018,0,00000044,24210001,1,0
2,3001,1,00000054,24210001,1,00000050,ac01001c,1,0000004c,24210001,1,00000048,ac010018,0,00000044,24210001,1,0
2,3002,1,00000054,24210001,1,00000050,ac01001c,1,0000004c,24210001,1,00000048,ac010018,0,00000044,24210001,1,0
2,3003,1,00000054,24210001,1,00000050,ac01001c,1,0000004c,24210001,1,00000048,ac010018,0,00000044,24210001,1,0
2,3004,1,00000054,24210001,1,00000050,ac01001c,1,0000004c,24210001,1,00000048,ac010018,0,00000044,24210001,1,0
2,3005,1,00000054,24210001,1,00000050,ac01001c,1,0000004c,24210001,1,00000048,ac010018,0,00000044,24210001,1,0
2,3006,1,00000054,24210001,1,00000050,ac01001c,1,0000004c,24210001,1,00000048,ac010018,0,00000044,24210001,1,0
2,3007,1,00000054,24210001,1,00000050,ac01001c,1,0000004c,24210001,1,00000048,ac010018,0,00000044,24210001,1,0
2,3008,1,00000054,24210001,1,00000050,ac01001c,1,0000004c,24210001,1,00000048,ac010018,0,00000044,24210001,1,1
2,3009,1,00000058,ac010020,1,00000054,24210001,1,00000050,ac01001c,1,0000004c,24210001,1,00000048,ac010018,0,0
2,3010,1,0000005c,24210001,1,00000058,ac010020,1,00000054,24210001,1,00000050,ac01001c,1,0000004c,24210001,1,0
2,3011,1,0000005c,24210001,1,00000058,ac010020,1,00000054,24210001,1,00000050,ac01001c,0,0000004c,24210001,1,0
2,3012,1,0000005c,24210001,1,00000058,ac010020,1,00000054,24210001,1,00000050,ac01001c,0,0000004c,24210001,1,0
2,3013,1,0000005c,24210001,1,00000058,ac010020,1,00000054,24210001,1,00000050,ac01001c,0,0000004c,24210001,1,0
2,3014,1,0000005c,24210001,1,00000058,ac010020,1,00000054,24210001,1,00000050,ac01001c,0,0000004c,24210001,1,0
2,3015,1,0000005c,24210001,1,00000058,ac010020,1,00000054,24210001,1,00000050,ac01001c,0,0000004c,24210001,1,0
2,3016,1,0000005c,24210001,1,00000058,ac010020,1,00000054,24210001,1,00000050,ac01001c,0,0000004c,24210001,1,0
2,3017,1,0000005c,24210001,1,00000058,ac010020,1,00000054,24210001,1,00000050,ac01001c,0,0000004c,24210001,1,0
2,3018,1,0000005c,24210001,1,00000058,ac010020,1,00000054,24210001,1,00000050,ac01001c,0,0000004c,24210001,1,0
2,3019,1,0000005c,24210001,1,00000058,ac010020,1,00000054,24210001,1,00000050,ac01001c,0,0000004c,24210001,1,0
2,3020,1,0000005c,24210001,1,00000058,ac010020,1,00000054,24210001,1,00000050,ac01001c,0,0000004c,24210001,1,0
2,3021,1,0000005c,24210001,1,00000058,ac010020,1,00000054,24210001,1,00000050,ac01001c,0,0000004c,24210001,1,1
2,3022,1,00000060,ac010024,1,0000005c,24210001,1,00000058,ac010020,1,00000054,24210001,1,00000050,ac01001c,0,0
2,3023,1,00000064,24210001,1,00000060,ac010024,1,0000005c,24210001,1,00000058,ac010020,1,00000054,24210001,1,0
2,3024,1,00000064,24210001,1,00000060,ac010024,1,0000005c,24210001,1,00000058,ac010020,0,00000054,24210001,1,0
2,3025,1,00000064,24210001,1,00000060,ac010024,1,0000005c,24210001,1,00000058,ac010020,0,00000054,24210001,1,0
2,3026,1,00000064,24210001,1,00000060,ac010024,1,0000005c,24210001,1,00000058,ac010020,0,00000054,24210001,1,0
2,3027,1,00000064,24210001,1,00000060,ac010024,1,0000005c,24210001,1,00000058,ac010020,0,00000054,24210001,1,0
2,3028,1,00000064,24210001,1,00000060,ac010024,1,0000005c,24210001,1,00000058,ac010020,0,00000054,24210001,1,0
2,3029,1,00000064,24210001,1,00000060,ac010024,1,0000005c,24210001,1,00000058,ac010020,0,00000054,24210001,1,0
2,3030,1,00000064,24210001,1,00000060,ac010024,1,0000005c,24210001,1,00000058,ac010020,0,00000054,24210001,1,0
2,3031,1,00000064,24210001,1,00000060,ac010024,1,0000005c,24210001,1,00000058,ac010020,0,00000054,24210001,1,0
2,3032,1,00000064,24210001,1,00000060,ac010024,1,0000005c,24210001,1,00000058,ac010020,0,00000054,24210001,1,0
2,3033,1,00000064,24210001,1,00000060,ac010024,1,0000005c,24210001,1,00000058,ac010020,0,00000054,24210001,1,0
2,3034,1,00000064,24210001,1,00000060,ac010024,1,0000005c,24210001,1,00000058,ac010020,0,00000054,24210001,1,1
2,3035,1,00000068,ac010028,1,00000064,24210001,1,00000060,ac010024,1,0000005c,24210001,1,00000058,ac010020,0,0
2,3036,1,0000006c,24210001,1,00000068,ac010028,1,00000064,24210001,1,00000060,ac010024,1,0000005c,24210001,1,0
2,3037,1,0000006c,24210001,1,00000068,ac010028,1,00000064,24210001,1,00000060,ac010024,0,0000005c,24210001,1,0
2,3038,1,0000006c,24210001,1,00000068,ac010028,1,00000064,24210001,1,00000060,ac010024,0,0000005c,24210001,1,0
2,3039,1,0000006c,24210001,1,00000068,ac010028,1,00000064,24210001,1,00000060,ac010024,0,0000005c,24210001,1,0
2,3040,1,0000006c,24210001,1,00000068,ac010028,1,00000064,24210001,1,00000060,ac010024,0,0000005c,24210001,1,0
2,3041,1,0000006c,24210001,1,00000068,ac010028,1,00000064,24210001,1,00000060,ac010024,0,0000005c,24210001,1,0
2,3042,1,0000006c,24210001,1,00000068,ac010028,1,00000064,24210001,1,00000060,ac010024,0,0000005c,24210001,1,0
2,3043,1,0000006c,24210001,1,00000068,ac010028,1,00000064,24210001,1,00000060,ac010024,0,0000005c,24210001,1,0
2,3044,1,0000006c,24210001,1,00000068,ac010028,1,00000064,24210001,1,00000060,ac010024,0,0000005c,24210001,1,0
2,3045,1,0000006c,24210001,1,00000068,ac010028,1,00000064,24210001,1,00000060,ac010024,0,0000005c,24210001,1,0
2,3046,1,0000006c,24210001,1,00000068,ac010028,1,00000064,24210001,1,00000060,ac010024,0,0000005c,24210001,1,0
2,3047,1,0000006c,24210001,1,00000068,ac010028,1,00000064,24210001,1,00000060,ac010024,0,0000005c,24210001,1,1
2,3048,1,00000070,ac01002c,1,0000006c,24210001,1,00000068,ac010028,1,00000064,24210001,1,00000060,ac010024,0,0
2,3049,1,00000074,24210001,1,00000070,ac01002c,1,0000006c,24210001,1,00000068,ac010028,1,00000064,24210001,1,0
2,3050,1,00000074,24210001,1,00000070,ac01002c,1,0000006c,24210001,1,00000068,ac010028,0,00000064,24210001,1,0
2,3051,1,00000074,24210001,1,00000070,ac01002c,1,0000006c,24210001,1,00000068,ac010028,0,00000064,24210001,1,0
2,3052,1,00000074,24210001,1,00000070,ac01002c,1,0000006c,24210001,1,00000068,ac010028,0,00000064,24210001,1,0
2,3053,1,00000074,24210001,1,00000070,ac01002c,1,0000006c,24210001,1,00000068,ac010028,0,00000064,24210001,1,0
2,3054,1,00000074,24210001,1,00000070,ac01002c,1,0000006c,24210001,1,00000068,ac010028,0,00000064,24210001,1,0
2,3055,1,00000074,24210001,1,00000070,ac01002c,1,0000006c,24210001,1,00000068,ac010028,0,00000064,24210001,1,0
2,3056,1,00000074,24210001,1,00000070,ac01002c,1,0000006c,24210001,1,00000068,ac010028,0,00000064,24210001,1,0
2,3057,1,00000074,24210001,1,00000070,ac01002c,1,0000006c,24210001,1,00000068,ac010028,0,00000064,24210001,1,0
2,3058,1,00000074,24210001,1,00000070,ac01002c,1,0000006c,24210001,1,00000068,ac010028,0,00000064,24210001,1,0
2,3059,1,00000074,24210001,1,00000070,ac01002c,1,0000006c,24210001,1,00000068,ac010028,0,00000064,24210001,1,0
2,3060,1,00000074,24210001,1,00000070,ac01002c,1,0000006c,24210001,1,00000068,ac010028,0,00000064,24210001,1,1
2,3061,1,00000078,ac010030,1,00000074,24210001,1,00000070,ac01002c,1,0000006c,24210001,1,00000068,ac010028,0,0
2,3062,1,0000007c,24210001,1,00000078,ac010030,1,00000074,24210001,1,00000070,ac01002c,1,0000006c,24210001,1,0
2,3063,1,0000007c,24210001,1,00000078,ac010030,1,00000074,24210001,1,00000070,ac01002c,0,0000006c,24210001,1,0
2,3064,1,0000007c,24210001,1,00000078,ac010030,1,00000074,24210001,1,00000070,ac01002c,0,0000006c,24210001,1,0
2,3065,1,0000007c,24210001,1,00000078,ac010030,1,00000074,24210001,1,00000070,ac01002c,0,0000006c,24210001,1,0
2,3066,1,0000007c,24210001,1,00000078,ac010030,1,00000074,24210001,1,00000070,ac01002c,0,0000006c,24210001,1,0
2,3067,1,0000007c,24210001,1,00000078,ac010030,1,00000074,24210001,1,00000070,ac01002c,0,0000006c,24210001,1,0
2,3068,1,0000007c,24210001,1,00000078,ac010030,1,00000074,24210001,1,00000070,ac01002c,0,0000006c,24210001,1,0
2,3069,1,0000007c,24210001,1,00000078,ac010030,1,00000074,24210001,1,00000070,ac01002c,0,0000006c,24210001,1,0
2,3070,1,0000007c,24210001,1,00000078,ac010030,1,00000074,24210001,1,00000070,ac01002c,0,0000006c,24210001,1,0
2,3071,1,0000007c,24210001,1,00000078,ac010030,1,00000074,24210001,1,00000070,ac01002c,0,0000006c,24210001,1,0
2,3072,1,0000007c,24210001,1,00000078,ac010030,1,00000074,24210001,1,00000070,ac01002c,0,0000006c,24210001,1,0
2,3073,1,0000007c,24210001,1,00000078,ac010030,1,00000074,24210001,1,00000070,ac01002c,0,0000006c,24210001,1,1
2,3074,1,00000080,ac010034,1,0000007c,24210001,1,00000078,ac010030,1,00000074,24210001,1,00000070,ac01002c,0,0
2,3075,1,00000084,24210001,1,00000080,ac010034,1,0000007c,24210001,1,00000078,ac010030,1,00000074,24210001,1,0
2,3076,1,00000084,24210001,1,00000080,ac010034,1,0000007c,24210001,1,00000078,ac010030,0,00000074,24210001,1,0
2,3077,1,00000084,24210001,1,00000080,ac010034,1,0000007c,24210001,1,00000078,ac010030,0,00000074,24210001,1,0
2,3078,1,00000084,24210001,1,00000080,ac010034,1,0000007c,24210001,1,00000078,ac010030,0,00000074,24210001,1,0
2,3079,1,00000084,24210001,1,00000080,ac010034,1,0000007c,24210001,1,00000078,ac010030,0,00000074,24210001,1,0
2,3080,1,00000084,24210001,1,00000080,ac010034,1,0000007c,24210001,1,00000078,ac010030,0,00000074,24210001,1,0
2,3081,1,00000084,24210001,1,00000080,ac010034,1,0000007c,24210001,1,00000078,ac010030,0,00000074,24210001,1,0
2,3082,1,00000084,24210001,1,00000080,ac010034,1,0000007c,24210001,1,00000078,ac010030,0,00000074,24210001,1,0
2,3083,1,00000084,24210001,1,00000080,ac010034,1,0000007c,24210001,1,00000078,ac010030,0,00000074,24210001,1,0
2,3084,1,00000084,24210001,1,00000080,ac010034,1,0000007c,24210001,1,00000078,ac010030,0,00000074,24210001,1,0
2,3085,1,00000084,24210001,1,00000080,ac010034,1,0000007c,24210001,1,00000078,ac010030,0,00000074,24210001,1,0
2,3086,1,00000084,24210001,1,00000080,ac010034,1,0000007c,24210001,1,00000078,ac010030,0,00000074,24210001,1,1
2,3087,1,00000088,ac010038,1,00000084,24210001,1,00000080,ac010034,1,0000007c,24210001,1,00000078,ac010030,0,0
2,3088,1,0000008c,24210001,1,00000088,ac010038,1,00000084,24210001,1,00000080,ac010034,1,0000007c,24210001,1,0
2,3089,1,0000008c,24210001,1,00000088,ac010038,1,00000084,24210001,1,00000080,ac010034,0,0000007c,24210001,1,0
2,3090,1,0000008c,24210001,1,00000088,ac010038,1,00000084,24210001,1,00000080,ac010034,0,0000007c,24210001,1,0
2,3091,1,0000008c,24210001,1,00000088,ac010038,1,00000084,24210001,1,00000080,ac010034,0,0000007c,24210001,1,0
2,3092,1,0000008c,24210001,1,00000088,ac010038,1,00000084,24210001,1,00000080,ac010034,0,0000007c,24210001,1,0
2,3093,1,0000008c,24210001,1,00000088,ac010038,1,00000084,24210001,1,00000080,ac010034,0,0000007c,24210001,1,0
2,3094,1,0000008c,24210001,1,00000088,ac010038,1,00000084,24210001,1,00000080,ac010034,0,0000007c,24210001,1,0
2,3095,1,0000008c,24210001,1,00000088,ac010038,1,00000084,24210001,1,00000080,ac010034,0,0000007c,24210001,1,0
2,3096,1,0000008c,24210001,1,00000088,ac010038,1,00000084,24210001,1,00000080,ac010034,0,0000007c,24210001,1,0
2,3097,1,0000008c,24210001,1,00000088,ac010038,1,00000084,24210001,1,00000080,ac010034,0,0000007c,24210001,1,0
2,3098,1,0000008c,24210001,1,00000088,ac010038,1,00000084,24210001,1,00000080,ac010034,0,0000007c,24210001,1,0
2,3099,1,0000008c,24210001,1,00000088,ac010038,1,00000084,24210001,1,00000080,ac010034,0,0000007c,24210001,1,1
2,3100,1,00000090,ac01003c,1,0000008c,24210001,1,00000088,ac010038,1,00000084,24210001,1,00000080,ac010034,0,0
2,3101,1,00000094,24210001,1,00000090,ac01003c,1,0000008c,24210001,1,00000088,ac010038,1,00000084,24210001,1,0
2,3102,1,00000094,24210001,1,00000090,ac01003c,1,0000008c,24210001,1,00000088,ac010038,0,00000084,24210001,1,0
2,3103,1,00000094,24210001,1,00000090,ac01003c,1,0000008c,24210001,1,00000088,ac010038,0,00000084,24210001,1,0
2,3104,1,00000094,24210001,1,00000090,ac01003c,1,0000008c,24210001,1,00000088,ac010038,0,00000084,24210001,1,0
2,3105,1,00000094,24210001,1,00000090,ac01003c,1,0000008c,24210001,1,00000088,ac010038,0,00000084,24210001,1,0
2,3106,1,00000094,24210001,1,00000090,ac01003c,1,0000008c,24210001,1,00000088,ac010038,0,00000084,24210001,1,0
2,3107,1,00000094,24210001,1,00000090,ac01003c,1,0000008c,24210001,1,00000088,ac010038,0,00000084,24210001,1,0
2,3108,1,00000094,24210001,1,00000090,ac01003c,1,0000008c,24210001,1,00000088,ac010038,0,00000084,24210001,1,0
2,3109,1,00000094,24210001,1,00000090,ac01003c,1,0000008c,24210001,1,00000088,ac010038,0,00000084,24210001,1,0
2,3110,1,00000094,24210001,1,00000090,ac01003c,1,0000008c,24210001,1,00000088,ac010038,0,00000084,24210001,1,0
2,3111,1,00000094,24210001,1,00000090,ac01003c,1,0000008c,24210001,1,00000088,ac010038,0,00000084,24210001,1,0
2,3112,1,00000094,24210001,1,00000090,ac01003c,1,0000008c,24210001,1,00000088,ac010038,0,00000084,24210001,1,1
2,3113,1,00000098,ac010040,1,00000094,24210001,1,00000090,ac01003c,1,0000008c,24210001,1,00000088,ac010038,0,0
2,3114,1,0000009c,24210001,1,00000098,ac010040,1,00000094,24210001,1,00000090,ac01003c,1,0000008c,24210001,1,0
2,3115,1,0000009c,24210001,1,00000098,ac010040,1,00000094,24210001,1,00000090,ac01003c,0,0000008c,24210001,1,0
2,3116,1,0000009c,24210001,1,00000098,ac010040,1,00000094,24210001,1,00000090,ac01003c,0,0000008c,24210001,1,0
2,3117,1,0000009c,24210001,1,00000098,ac010040,1,00000094,24210001,1,00000090,ac01003c,0,0000008c,24210001,1,0
2,3118,1,0000009c,24210001,1,00000098,ac010040,1,00000094,24210001,1,00000090,ac01003c,0,0000008c,24210001,1,0
2,3119,1,0000009c,24210001,1,00000098,ac010040,1,00000094,24210001,1,00000090,ac01003c,0,0000008c,24210001,1,0
2,3120,1,0000009c,24210001,1,00000098,ac010040,1,00000094,24210001,1,00000090,ac01003c,0,0000008c,24210001,1,0
2,3121,1,0000009c,24210001,1,00000098,ac010040,1,00000094,24210001,1,00000090,ac01003c,0,0000008c,24210001,1,0
2,3122,1,0000009c,24210001,1,00000098,ac010040,1,00000094,24210001,1,00000090,ac01003c,0,0000008c,24210001,1,0
2,3123,1,0000009c,24210001,1,00000098,ac010040,1,00000094,24210001,1,00000090,ac01003c,0,0000008c,24210001,1,0
2,3124,1,0000009c,24210001,1,00000098,ac010040,1,00000094,24210001,1,00000090,ac01003c,0,0000008c,24210001,1,0
2,3125,1,0000009c,24210001,1,00000098,ac010040,1,00000094,24210001,1,00000090,ac01003c,0,0000008c,24210001,1,1
2,3126,1,000000a0,ac010044,1,0000009c,24210001,1,00000098,ac010040,1,00000094,24210001,1,00000090,ac01003c,0,0
2,3127,1,000000a4,24210001,1,000000a0,ac010044,1,0000009c,24210001,1,00000098,ac010040,1,00000094,24210001,1,0
2,3128,1,000000a4,24210001,1,000000a0,ac010044,1,0000009c,24210001,1,00000098,ac010040,0,00000094,24210001,1,0
2,3129,1,000000a4,24210001,1,000000a0,ac010044,1,0000009c,24210001,1,00000098,ac010040,0,00000094,24210001,1,0
2,3130,1,000000a4,24210001,1,000000a0,ac010044,1,0000009c,24210001,1,00000098,ac010040,0,00000094,24210001,1,0
2,3131,1,000000a4,24210001,1,000000a0,ac010044,1,0000009c,24210001,1,00000098,ac010040,0,00000094,24210001,1,0
2,3132,1,000000a4,24210001,1,000000a0,ac010044,1,0000009c,24210001,1,00000098,ac010040,0,00000094,24210001,1,0
2,3133,1,000000a4,24210001,1,000000a0,ac010044,1,0000009c,24210001,1,00000098,ac010040,0,00000094,24210001,1,0
2,3134,1,000000a4,24210001,1,000000a0,ac010044,1,0000009c,24210001,1,00000098,ac010040,0,00000094,24210001,1,0
2,3135,1,000000a4,24210001,1,000000a0,ac010044,1,0000009c,24210001,1,00000098,ac010040,0,00000094,24210001,1,0
2,3136,1,000000a4,24210001,1,000000a0,ac010044,1,0000009c,24210001,1,00000098,ac010040,0,00000094,24210001,1,0
2,3137,1,000000a4,24210001,1,000000a0,ac010044,1,0000009c,24210001,1,00000098,ac010040,0,00000094,24210001,1,0
2,3138,1,000000a4,24210001,1,000000a0,ac010044,1,0000009c,24210001,1,00000098,ac010040,0,00000094,24210001,1,1
2,3139,1,000000a8,ac010048,1,000000a4,24210001,1,000000a0,ac010044,1,0000009c,24210001,1,00000098,ac010040,0,0
2,3140,1,000000ac,24210001,1,000000a8,ac010048,1,000000a4,24210001,1,000000a0,ac010044,1,0000009c,24210001,1,0
2,3141,1,000000ac,24210001,1,000000a8,ac010048,1,000000a4,24210001,1,000000a0,ac010044,0,0000009c,24210001,1,0
2,3142,1,000000ac,24210001,1,000000a8,ac010048,1,000000a4,24210001,1,000000a0,ac010044,0,0000009c,24210001,1,0
2,3143,1,000000ac,24210001,1,000000a8,ac010048,1,000000a4,24210001,1,000000a0,ac010044,0,0000009c,24210001,1,0
2,3144,1,000000ac,24210001,1,000000a8,ac010048,1,000000a4,24210001,1,000000a0,ac010044,0,0000009c,24210001,1,0
2,3145,1,000000ac,24210001,1,000000a8,ac010048,1,000000a4,24210001,1,000000a0,ac010044,0,0000009c,24210001,1,0
2,3146,1,000000ac,24210001,1,000000a8,ac010048,1,000000a4,24210001,1,000000a0,ac010044,0,0000009c,24210001,1,0
2,3147,1,000000ac,24210001,1,000000a8,ac010048,1,000000a4,24210001,1,000000a0,ac010044,0,0000009c,24210001,1,0
2,3148,1,000000ac,24210001,1,000000a8,ac010048,1,000000a4,24210001,1,000000a0,ac010044,0,0000009c,24210001,1,0
2,3149,1,000000ac,24210001,1,000000a8,ac010048,1,000000a4,24210001,1,000000a0,ac010044,0,0000009c,24210001,1,0
2,3150,1,000000ac,24210001,1,000000a8,ac010048,1,000000a4,24210001,1,000000a0,ac010044,0,0000009c,24210001,1,0
2,3151,1,000000ac,24210001,1,000000a8,ac010048,1,000000a4,24210001,1,000000a0,ac010044,0,0000009c,24210001,1,1
2,3152,1,000000b0,ac01004c,1,000000ac,24210001,1,000000a8,ac010048,1,000000a4,24210001,1,000000a0,ac010044,0,0
2,3153,1,000000b4,24210001,1,000000b0,ac01004c,1,000000ac,24210001,1,000000a8,ac010048,1,000000a4,24210001,1,0
2,3154,1,000000b4,24210001,1,000000b0,ac01004c,1,000000ac,24210001,1,000000a8,ac010048,0,000000a4,24210001,1,0
2,3155,1,000000b4,24210001,1,000000b0,ac01004c,1,000000ac,24210001,1,000000a8,ac010048,0,000000a4,24210001,1,0
2,3156,1,000000b4,24210001,1,000000b0,ac01004c,1,000000ac,24210001,1,000000a8,ac010048,0,000000a4,24210001,1,0
2,3157,1,000000b4,24210001,1,000000b0,ac01004c,1,000000ac,24210001,1,000000a8,ac010048,0,000000a4,24210001,1,0
2,3158,1,000000b4,24210001,1,000000b0,ac01004c,1,000000ac,24210001,1,000000a8,ac010048,0,000000a4,24210001,1,0
2,3159,1,000000b4,24210001,1,000000b0,ac01004c,1,000000ac,24210001,1,000000a8,ac010048,0,000000a4,24210001,1,0
2,3160,1,000000b4,24210001,1,000000b0,ac01004c,1,000000ac,24210001,1,000000a8,ac010048,0,000000a4,24210001,1,0
2,3161,1,000000b4,24210001,1,000000b0,ac01004c,1,000000ac,24210001,1,000000a8,ac010048,0,000000a4,24210001,1,0
2,3162,1,000000b4,24210001,1,000000b0,ac01004c,1,000000ac,24210001,1,000000a8,ac010048,0,000000a4,24210001,1,0
2,3163,1,000000b4,24210001,1,000000b0,ac01004c,1,000000ac,24210001,1,000000a8,ac010048,0,000000a4,24210001,1,0
2,3164,1,000000b4,24210001,1,000000b0,ac01004c,1,000000ac,24210001,1,000000a8,ac010048,0,000000a4,24210001,1,1
2,3165,1,000000b8,00000000,1,000000b4,24210001,1,000000b0,ac01004c,1,000000ac,24210001,1,000000a8,ac010048,0,0
2,3166,1,000000bc,00000000,1,000000b8,00000000,1,000000b4,24210001,1,000000b0,ac01004c,1,000000ac,24210001,1,0
2,3167,1,000000bc,00000000,1,000000b8,00000000,1,000000b4,24210001,1,000000b0,ac01004c,0,000000ac,24210001,1,0
2,3168,1,000000bc,00000000,1,000000b8,00000000,1,000000b4,24210001,1,000000b0,ac01004c,0,000000ac,24210001,1,0
2,3169,1,000000bc,00000000,1,000000b8,00000000,1,000000b4,24210001,1,000000b0,ac01004c,0,000000ac,24210001,1,0
2,3170,1,000000bc,00000000,1,000000b8,00000000,1,000000b4,24210001,1,000000b0,ac01004c,0,000000ac,24210001,1,0
2,3171,1,000000bc,00000000,1,000000b8,00000000,1,000000b4,24210001,1,000000b0,ac01004c,0,000000ac,24210001,1,0
2,3172,1,000000bc,00000000,1,000000b8,00000000,1,000000b4,24210001,1,000000b0,ac01004c,0,000000ac,24210001,1,0
2,3173,1,000000bc,00000000,1,000000b8,00000000,1,000000b4,24210001,1,000000b0,ac01004c,0,000000ac,24210001,1,0
2,3174,1,000000bc,00000000,1,000000b8,00000000,1,000000b4,24210001,1,000000b0,ac01004c,0,000000ac,24210001,1,0
2,3175,1,000000bc,00000000,1,000000b8,00000000,1,000000b4,24210001,1,000000b0,ac01004c,0,000000ac,24210001,1,0
2,3176,1,000000bc,00000000,1,000000b8,00000000,1,000000b4,24210001,1,000000b0,ac01004c,0,000000ac,24210001,1,0
2,3177,1,000000bc,00000000,1,000000b8,00000000,1,000000b4,24210001,1,000000b0,ac01004c,0,000000ac,24210001,1,1
2,3178,1,000000c0,00000000,1,000000bc,00000000,1,000000b8,00000000,1,000000b4,24210001,1,000000b0,ac01004c,0,0
2,3179,1,000000c4,00000000,1,000000c0,00000000,1,000000bc,00000000,1,000000b8,00000000,1,000000b4,24210001,0,0
2,3180,1,000000c8,2403004d,1,000000c4,00000000,1,000000c0,00000000,1,000000bc,00000000,1,000000b8,00000000,0,0
2,3181,1,000000cc,ac0300fc,1,000000c8,2403004d,1,000000c4,00000000,1,000000c0,00000000,1,000000bc,00000000,0,0
2,3182,1,000000d0,08000034,1,000000cc,ac0300fc,1,000000c8,2403004d,1,000000c4,00000000,1,000000c0,00000000,0,0
2,3183,1,000000d4,00000000,1,000000d0,08000034,1,000000cc,ac0300fc,1,000000c8,2403004d,1,000000c4,00000000,0,0
2,3184,1,000000d8,00000000,1,000000d4,00000000,1,000000d0,08000034,1,000000cc,ac0300fc,1,000000c8,2403004d,1,0
2,3185,1,000000d8,00000000,1,000000d4,00000000,1,000000d0,08000034,1,000000cc,ac0300fc,0,000000c8,2403004d,1,0
2,3186,1,000000d8,00000000,1,000000d4,00000000,1,000000d0,08000034,1,000000cc,ac0300fc,0,000000c8,2403004d,1,0
2,3187,1,000000d8,00000000,1,000000d4,00000000,1,000000d0,08000034,1,000000cc,ac0300fc,0,000000c8,2403004d,1,0
2,3188,1,000000d8,00000000,1,000000d4,00000000,1,000000d0,08000034,1,000000cc,ac0300fc,0,000000c8,2403004d,1,0
2,3189,1,000000d8,00000000,1,000000d4,00000000,1,000000d0,08000034,1,000000cc,ac0300fc,0,000000c8,2403004d,1,0
2,3190,1,000000d8,00000000,1,000000d4,00000000,1,000000d0,08000034,1,000000cc,ac0300fc,0,000000c8,2403004d,1,1
2,3191,1,000000d0,08000034,0,000000d4,00000000,1,000000d4,00000000,1,000000d0,08000034,1,000000cc,ac0300fc,0,0
2,3195,1,00000000,24010001,0,00000000,00000000,0,00000000,00000000,0,00000000,00000000,0,00000000,00000000,0,0
2,3196,1,00000004,40804800,1,00000000,24010001,0,00000000,00000000,0,00000000,00000000,0,00000000,00000000,0,0
2,3197,1,00000008,24020050,1,00000004,40804800,1,00000000,24010001,0,00000000,00000000,0,00000000,00000000,0,0
2,3198,1,00000008,24020050,1,00000004,40804800,0,00000000,24010001,1,00000000,24010001,0,00000000,00000000,0,0
2,3199,1,00000008,24020050,1,00000004,40804800,0,00000000,24010001,0,00000000,24010001,1,00000000,24010001,0,0
2,3200,1,00000008,24020050,1,00000004,40804800,0,00000000,24010001,0,00000000,24010001,0,00000000,24010001,0,0
2,3201,1,0000000c,40825800,1,00000008,24020050,1,00000004,40804800,0,00000000,24010001,0,00000000,24010001,0,0
2,3202,1,0000000c,40825800,1,00000008,24020050,0,00000004,40804800,1,00000004,40804800,0,00000000,24010001,0,0
2,3203,1,0000000c,40825800,1,00000008,24020050,0,00000004,40804800,0,00000004,40804800,1,00000004,40804800,0,1
2,3204,1,0000000c,40825800,1,00000008,24020050,0,00000004,40804800,0,00000004,40804800,0,00000004,40804800,0,0
2,3205,1,00000010,34020401,1,0000000c,40825800,1,00000008,24020050,0,00000004,40804800,0,00000004,40804800,0,0
2,3206,1,00000010,34020401,1,0000000c,40825800,0,00000008,24020050,1,00000008,24020050,0,00000004,40804800,0,0
2,3207,1,00000010,34020401,1,0000000c,40825800,0,00000008,24020050,0,00000008,24020050,1,00000008,24020050,0,0
2,3208,1,00000010,34020401,1,0000000c,40825800,0,00000008,24020050,0,00000008,24020050,0,00000008,24020050,0,0
2,3209,1,00000014,40826000,1,00000010,34020401,1,0000000c,40825800,0,00000008,24020050,0,00000008,24020050,0,0
2,3210,1,00000014,40826000,1,00000010,34020401,0,0000000c,40825800,1,0000000c,40825800,0,00000008,24020050,0,0
2,3211,1,00000014,40826000,1,00000010,34020401,0,0000000c,40825800,0,0000000c,40825800,1,0000000c,40825800,0,0
2,3212,1,00000014,40826000,1,00000010,34020401,0,0000000c,40825800,0,0000000c,40825800,0,0000000c,40825800,0,0
2,3213,1,00000018,10210003,1,00000014,40826000,1,00000010,34020401,0,0000000c,40825800,0,0000000c,40825800,0,0
2,3214,1,00000018,10210003,1,00000014,40826000,0,00000010,34020401,1,00000010,34020401,0,0000000c,40825800,0,0
2,3215,1,00000018,10210003,1,00000014,40826000,0,00000010,34020401,0,00000010,34020401,1,00000010,34020401,0,0
2,3216,1,00000018,10210003,1,00000014,40826000,0,00000010,34020401,0,00000010,34020401,0,00000010,34020401,0,1
2,3217,1,0000001c,ac010000,1,00000018,10210003,1,00000014,40826000,0,00000010,34020401,0,00000010,34020401,0,0
2,3218,1,0000001c,ac010000,1,00000018,10210003,0,00000014,40826000,1,00000014,40826000,0,00000010,34020401,0,0
2,3219,1,0000001c,ac010000,1,00000018,10210003,0,00000014,40826000,0,00000014,40826000,1,00000014,40826000,0,0
2,3220,1,0000001c,ac010000,1,00000018,10210003,0,00000014,40826000,0,00000014,40826000,0,00000014,40826000,0,0
2,3221,1,00000020,ac0100c8,1,0000001c,ac010000,1,00000018,10210003,0,00000014,40826000,0,00000014,40826000,0,0
2,3222,1,00000028,24210001,0,0000001c,ac010000,1,0000001c,ac010000,1,00000018,10210003,0,00000014,40826000,0,0
2,3223,1,0000002c,ac010004,1,00000028,24210001,0,0000001c,ac010000,1,0000001c,ac010000,1,00000018,10210003,1,0
2,3224,1,0000002c,ac010004,1,00000028,24210001,0,0000001c,ac010000,1,0000001c,ac010000,0,00000018,10210003,1,0
2,3225,1,0000002c,ac010004,1,00000028,24210001,0,0000001c,ac010000,1,0000001c,ac010000,0,00000018,10210003,1,0
2,3226,1,0000002c,ac010004,1,00000028,24210001,0,0000001c,ac010000,1,0000001c,ac010000,0,00000018,10210003,1,0
2,3227,1,0000002c,ac010004,1,00000028,24210001,0,0000001c,ac010000,1,0000001c,ac010000,0,00000018,10210003,1,0
2,3228,1,0000002c,ac010004,1,00000028,24210001,0,0000001c,ac010000,1,0000001c,ac010000,0,00000018,10210003,1,0
2,3229,1,0000002c,ac010004,1,00000028,24210001,0,0000001c,ac010000,1,0000001c,ac010000,0,00000018,10210003,1,1
2,3230,1,00000030,24210001,1,0000002c,ac010004,1,00000028,24210001,0,0000001c,ac010000,1,0000001c,ac010000,0,0
2,3231,0,00000030,24210001,0,0000002c,ac010004,0,00000028,24210001,1,00000028,24210001,0,0000001c,ac010000,0,0
2,3232,0,00000030,24210001,0,0000002c,ac010004,0,00000028,24210001,0,00000028,24210001,1,00000028,24210001,0,0
2,3233,1,00001000,40157000,0,0000002c,ac010004,0,00000028,24210001,0,00000028,24210001,0,00000028,24210001,0,0
2,3234,1,00001004,40146800,1,00001000,40157000,0,0000002c,ac010004,0,00000028,24210001,0,00000028,24210001,0,0
2,3235,1,00001008,40805800,1,00001004,40146800,1,00001000,40157000,0,0000002c,ac010004,0,00000028,24210001,0,0
2,3236,1,00001008,40805800,1,00001004,40146800,0,00001000,40157000,1,00001000,40157000,0,0000002c,ac010004,0,0
2,3237,1,00001008,40805800,1,00001004,40146800,0,00001000,40157000,0,00001000,40157000,1,00001000,40157000,0,0
2,3238,1,00001008,40805800,1,00001004,40146800,0,00001000,40157000,0,00001000,40157000,0,00001000,40157000,0,0
2,3239,1,0000100c,42000018,1,00001008,40805800,1,00001004,40146800,0,00001000,40157000,0,00001000,40157000,0,0
2,3240,1,0000100c,42000018,1,00001008,40805800,0,00001004,40146800,1,00001004,40146800,0,00001000,40157000,0,0
2,3241,1,0000100c,42000018,1,00001008,40805800,0,00001004,40146800,0,00001004,40146800,1,00001004,40146800,0,0
2,3242,1,0000100c,42000018,1,00001008,40805800,0,00001004,40146800,0,00001004,40146800,0,00001004,40146800,0,1
2,3243,1,00001010,00000000,1,0000100c,42000018,1,00001008,40805800,0,00001004,40146800,0,00001004,40146800,0,0
2,3244,1,00001010,00000000,1,0000100c,42000018,0,00001008,40805800,1,00001008,40805800,0,00001004,40146800,0,0
2,3245,1,00001010,00000000,1,0000100c,42000018,0,00001008,40805800,0,00001008,40805800,1,00001008,40805800,0,0
2,3246,1,00001010,00000000,1,0000100c,42000018,0,00001008,40805800,0,00001008,40805800,0,00001008,40805800,0,0
2,3247,1,00001014,00000000,1,00001010,00000000,1,0000100c,42000018,0,00001008,40805800,0,00001008,40805800,0,0
2,3248,1,00001014,00000000,1,00001010,00000000,0,0000100c,42000018,1,0000100c,42000018,0,00001008,40805800,0,0
2,3249,1,00001014,00000000,1,00001010,00000000,0,0000100c,42000018,0,0000100c,42000018,1,0000100c,42000018,0,0
2,3250,1,00000028,24210001,0,00001010,00000000,0,0000100c,42000018,0,0000100c,42000018,0,0000100c,42000018,0,0
2,3251,1,0000002c,ac010004,1,00000028,24210001,0,00001010,00000000,0,0000100c,42000018,0,0000100c,42000018,0,0
2,3252,1,00000030,24210001,1,0000002c,ac010004,1,00000028,24210001,0,00001010,00000000,0,0000100c,42000018,0,0
2,3253,1,00000034,ac010008,1,00000030,24210001,1,0000002c,ac010004,1,00000028,24210001,0,00001010,00000000,0,0
2,3254,1,00000038,24210001,1,00000034,ac010008,1,00000030,24210001,1,0000002c,ac010004,1,00000028,24210001,1,0
2,3255,1,00000038,24210001,1,00000034,ac010008,1,00000030,24210001,1,0000002c,ac010004,0,00000028,24210001,1,1
2,3256,1,0000003c,ac01000c,1,00000038,24210001,1,00000034,ac010008,1,00000030,24210001,1,0000002c,ac010004,0,0
2,3257,1,00000040,24210001,1,0000003c,ac01000c,1,00000038,24210001,1,00000034,ac010008,1,00000030,24210001,1,0
2,3258,1,00000040,24210001,1,0000003c,ac01000c,1,00000038,24210001,1,00000034,ac010008,0,00000030,24210001,1,0
2,3259,1,00000040,24210001,1,0000003c,ac01000c,1,00000038,24210001,1,00000034,ac010008,0,00000030,24210001,1,0
2,3260,1,00000040,24210001,1,0000003c,ac01000c,1,00000038,24210001,1,00000034,ac010008,0,00000030,24210001,1,0
2,3261,1,00000040,24210001,1,0000003c,ac01000c,1,00000038,24210001,1,00000034,ac010008,0,00000030,24210001,1,0
2,3262,1,00000040,24210001,1,0000003c,ac01000c,1,00000038,24210001,1,00000034,ac010008,0,00000030,24210001,1,0
2,3263,1,00000040,24210001,1,0000003c,ac01000c,1,00000038,24210001,1,00000034,ac010008,0,00000030,24210001,1,0
2,3264,1,00000040,24210001,1,0000003c,ac01000c,1,00000038,24210001,1,00000034,ac010008,0,00000030,24210001,1,0
2,3265,1,00000040,24210001,1,0000003c,ac01000c,1,00000038,24210001,1,00000034,ac010008,0,00000030,24210001,1,0
2,3266,1,00000040,24210001,1,0000003c,ac01000c,1,00000038,24210001,1,00000034,ac010008,0,00000030,24210001,1,0
2,3267,1,00000040,24210001,1,0000003c,ac01000c,1,00000038,24210001,1,00000034,ac010008,0,00000030,24210001,1,0
2,3268,1,00000040,24210001,1,0000003c,ac01000c,1,00000038,24210001,1,00000034,ac010008,0,00000030,24210001,1,1
2,3269,1,00000044,ac010010,1,00000040,24210001,1,0000003c,ac01000c,1,00000038,24210001,1,00000034,ac010008,0,0
2,3270,1,00000048,24210001,1,00000044,ac010010,1,00000040,24210001,1,0000003c,ac01000c,1,00000038,24210001,1,0
2,3271,1,00000048,24210001,1,00000044,ac010010,1,00000040,24210001,1,0000003c,ac01000c,0,00000038,24210001,1,0
2,3272,1,00000048,24210001,1,00000044,ac010010,1,00000040,24210001,1,0000003c,ac01000c,0,00000038,24210001,1,0
2,3273,1,00000048,24210001,1,00000044,ac010010,1,00000040,24210001,1,0000003c,ac01000c,0,00000038,24210001,1,0
2,3274,1,00000048,24210001,1,00000044,ac010010,1,00000040,24210001,1,0000003c,ac01000c,0,00000038,24210001,1,0
2,3275,1,00000048,24210001,1,00000044,ac010010,1,00000040,24210001,1,0000003c,ac01000c,0,00000038,24210001,1,0
2,3276,1,00000048,24210001,1,00000044,ac010010,1,00000040,24210001,1,0000003c,ac01000c,0,00000038,24210001,1,0
2,3277,1,00000048,24210001,1,00000044,ac010010,1,00000040,24210001,1,0000003c,ac01000c,0,00000038,24210001,1,0
2,3278,1,00000048,24210001,1,00000044,ac010010,1,00000040,24210001,1,0000003c,ac01000c,0,00000038,24210001,1,0
2,3279,1,00000048,24210001,1,00000044,ac010010,1,00000040,24210001,1,0000003c,ac01000c,0,00000038,24210001,1,0
2,3280,1,00000048,24210001,1,00000044,ac010010,1,00000040,24210001,1,0000003c,ac01000c,0,00000038,24210001,1,0
2,3281,1,00000048,24210001,1,00000044,ac010010,1,00000040,24210001,1,0000003c,ac01000c,0,00000038,24210001,1,1
2,3282,1,0000004c,ac010014,1,00000048,24210001,1,00000044,ac010010,1,00000040,24210001,1,0000003c,ac01000c,0,0
2,3283,1,00000050,24210001,1,0000004c,ac010014,1,00000048,24210001,1,00000044,ac010010,1,00000040,24210001,1,0
2,3284,1,00000050,24210001,1,0000004c,ac010014,1,00000048,24210001,1,00000044,ac010010,0,00000040,24210001,1,0
2,3285,1,00000050,24210001,1,0000004c,ac010014,1,00000048,24210001,1,00000044,ac010010,0,00000040,24210001,1,0
2,3286,1,00000050,24210001,1,0000004c,ac010014,1,00000048,24210001,1,00000044,ac010010,0,00000040,24210001,1,0
2,3287,1,00000050,24210001,1,0000004c,ac010014,1,00000048,24210001,1,00000044,ac010010,0,00000040,24210001,1,0
2,3288,1,00000050,24210001,1,0000004c,ac010014,1,00000048,24210001,1,00000044,ac010010,0,00000040,24210001,1,0
2,3289,1,00000050,24210001,1,0000004c,ac010014,1,00000048,24210001,1,00000044,ac010010,0,00000040,24210001,1,0
2,3290,1,00000050,24210001,1,0000004c,ac010014,1,00000048,24210001,1,00000044,ac010010,0,00000040,24210001,1,0
2,3291,1,00000050,24210001,1,0000004c,ac010014,1,00000048,24210001,1,00000044,ac010010,0,00000040,24210001,1,0
2,3292,1,00000050,24210001,1,0000004c,ac010014,1,00000048,24210001,1,00000044,ac010010,0,00000040,24210001,1,0
2,3293,1,00000050,24210001,1,0000004c,ac010014,1,00000048,24210001,1,00000044,ac010010,0,00000040,24210001,1,0
2,3294,1,00000050,24210001,1,0000004c,ac010014,1,00000048,24210001,1,00000044,ac010010,0,00000040,24210001,1,1
2,3295,1,00000054,ac010018,1,00000050,24210001,1,0000004c,ac010014,1,00000048,24210001,1,00000044,ac010010,0,0
2,3296,1,00000058,24210001,1,00000054,ac010018,1,00000050,24210001,1,0000004c,ac010014,1,00000048,24210001,1,0
2,3297,1,00000058,24210001,1,00000054,ac010018,1,00000050,24210001,1,0000004c,ac010014,0,00000048,24210001,1,0
2,3298,1,00000058,24210001,1,00000054,ac010018,1,00000050,24210001,1,0000004c,ac010014,0,00000048,24210001,1,0
2,3299,1,00000058,24210001,1,00000054,ac010018,1,00000050,24210001,1,0000004c,ac010014,0,00000048,24210001,1,0
2,3300,1,00000058,24210001,1,00000054,ac010018,1,00000050,24210001,1,0000004c,ac010014,0,00000048,24210001,1,0
2,3301,1,00000058,24210001,1,00000054,ac010018,1,00000050,24210001,1,0000004c,ac010014,0,00000048,24210001,1,0
2,3302,1,00000058,24210001,1,00000054,ac010018,1,00000050,24210001,1,0000004c,ac010014,0,00000048,24210001,1,0
2,3303,1,00000058,24210001,1,00000054,ac010018,1,00000050,24210001,1,0000004c,ac010014,0,00000048,24210001,1,0
2,3304,1,00000058,24210001,1,00000054,ac010018,1,00000050,24210001,1,0000004c,ac010014,0,00000048,24210001,1,0
2,3305,1,00000058,24210001,1,00000054,ac010018,1,00000050,24210001,1,0000004c,ac010014,0,00000048,24210001,1,0
2,3306,1,00000058,24210001,1,00000054,ac010018,1,00000050,24210001,1,0000004c,ac010014,0,00000048,24210001,1,0
2,3307,1,00000058,24210001,1,00000054,ac010018,1,00000050,24210001,1,0000004c,ac010014,0,00000048,24210001,1,1
2,3308,1,0000005c,ac01001c,1,00000058,24210001,1,00000054,ac010018,1,00000050,24210001,1,0000004c,ac010014,0,0
2,3309,1,00000060,24210001,1,0000005c,ac01001c,1,00000058,24210001,1,00000054,ac010018,1,00000050,24210001,1,0
2,3310,1,00000060,24210001,1,0000005c,ac01001c,1,00000058,24210001,1,00000054,ac010018,0,00000050,24210001,1,0
2,3311,1,00000060,24210001,1,0000005c,ac01001c,1,00000058,24210001,1,00000054,ac010018,0,00000050,24210001,1,0
2,3312,1,00000060,24210001,1,0000005c,ac01001c,1,00000058,24210001,1,00000054,ac010018,0,00000050,24210001,1,0
2,3313,1,00000060,24210001,1,0000005c,ac01001c,1,00000058,24210001,1,00000054,ac010018,0,00000050,24210001,1,0
2,3314,1,00000060,24210001,1,0000005c,ac01001c,1,00000058,24210001,1,00000054,ac010018,0,00000050,24210001,1,0
2,3315,1,00000060,24210001,1,0000005c,ac01001c,1,00000058,24210001,1,00000054,ac010018,0,00000050,24210001,1,0
2,3316,1,00000060,24210001,1,0000005c,ac01001c,1,00000058,24210001,1,00000054,ac010018,0,00000050,24210001,1,0
2,3317,1,00000060,24210001,1,0000005c,ac01001c,1,00000058,24210001,1,00000054,ac010018,0,00000050,24210001,1,0
2,3318,1,00000060,24210001,1,0000005c,ac01001c,1,00000058,24210001,1,00000054,ac010018,0,00000050,24210001,1,0
2,3319,1,00000060,24210001,1,0000005c,ac01001c,1,00000058,24210001,1,00000054,ac010018,0,00000050,24210001,1,0
2,3320,1,00000060,24210001,1,0000005c,ac01001c,1,00000058,24210001,1,00000054,ac010018,0,00000050,24210001,1,1
2,3321,1,00000064,ac010020,1,00000060,24210001,1,0000005c,ac01001c,1,00000058,24210001,1,00000054,ac010018,0,0
2,3322,1,00000068,24210001,1,00000064,ac010020,1,00000060,24210001,1,0000005c,ac01001c,1,00000058,24210001,1,0
2,3323,1,00000068,24210001,1,00000064,ac010020,1,00000060,24210001,1,0000005c,ac01001c,0,00000058,24210001,1,0
2,3324,1,00000068,24210001,1,00000064,ac010020,1,00000060,24210001,1,0000005c,ac01001c,0,00000058,24210001,1,0
2,3325,1,00000068,24210001,1,00000064,ac010020,1,00000060,24210001,1,0000005c,ac01001c,0,00000058,24210001,1,0
2,3326,1,00000068,24210001,1,00000064,ac010020,1,00000060,24210001,1,0000005c,ac01001c,0,00000058,24210001,1,0
2,3327,1,00000068,24210001,1,00000064,ac010020,1,00000060,24210001,1,0000005c,ac01001c,0,00000058,24210001,1,0
2,3328,1,00000068,24210001,1,00000064,ac010020,1,00000060,24210001,1,0000005c,ac01001c,0,00000058,24210001,1,0
2,3329,1,00000068,24210001,1,00000064,ac010020,1,00000060,24210001,1,0000005c,ac01001c,0,00000058,24210001,1,0
2,3330,1,00000068,24210001,1,00000064,ac010020,1,00000060,24210001,1,0000005c,ac01001c,0,00000058,24210001,1,0
2,3331,1,00000068,24210001,1,00000064,ac010020,1,00000060,24210001,1,0000005c,ac01001c,0,00000058,24210001,1,0
2,3332,1,00000068,24210001,1,00000064,ac010020,1,00000060,24210001,1,0000005c,ac01001c,0,00000058,24210001,1,0
2,3333,1,00000068,24210001,1,00000064,ac010020,1,00000060,24210001,1,0000005c,ac01001c,0,00000058,24210001,1,1
2,3334,1,0000006c,ac010024,1,00000068,24210001,1,00000064,ac010020,1,00000060,24210001,1,0000005c,ac01001c,0,0
2,3335,1,00000070,24210001,1,0000006c,ac010024,1,00000068,24210001,1,00000064,ac010020,1,00000060,24210001,1,0
2,3336,1,00000070,24210001,1,0000006c,ac010024,1,00000068,24210001,1,00000064,ac010020,0,00000060,24210001,1,0
2,3337,1,00000070,24210001,1,0000006c,ac010024,1,00000068,24210001,1,00000064,ac010020,0,00000060,24210001,1,0
2,3338,1,00000070,24210001,1,0000006c,ac010024,1,00000068,24210001,1,00000064,ac010020,0,00000060,24210001,1,0
2,3339,1,00000070,24210001,1,0000006c,ac010024,1,00000068,24210001,1,00000064,ac010020,0,00000060,24210001,1,0
2,3340,1,00000070,24210001,1,0000006c,ac010024,1,00000068,24210001,1,00000064,ac010020,0,00000060,24210001,1,0
2,3341,1,00000070,24210001,1,0000006c,ac010024,1,00000068,24210001,1,00000064,ac010020,0,00000060,24210001,1,0
2,3342,1,00000070,24210001,1,0000006c,ac010024,1,00000068,24210001,1,00000064,ac010020,0,00000060,24210001,1,0
2,3343,1,00000070,24210001,1,0000006c,ac010024,1,00000068,24210001,1,00000064,ac010020,0,00000060,24210001,1,0
2,3344,1,00000070,24210001,1,0000006c,ac010024,1,00000068,24210001,1,00000064,ac010020,0,00000060,24210001,1,0
2,3345,1,00000070,24210001,1,0000006c,ac010024,1,00000068,24210001,1,00000064,ac010020,0,00000060,24210001,1,0
2,3346,1,00000070,24210001,1,0000006c,ac010024,1,00000068,24210001,1,00000064,ac010020,0,00000060,24210001,1,1
2,3347,1,00000074,ac010028,1,00000070,24210001,1,0000006c,ac010024,1,00000068,24210001,1,00000064,ac010020,0,0
2,3348,1,00000078,24210001,1,00000074,ac010028,1,00000070,24210001,1,0000006c,ac010024,1,00000068,24210001,1,0
2,3349,1,00000078,24210001,1,00000074,ac010028,1,00000070,24210001,1,0000006c,ac010024,0,00000068,24210001,1,0
2,3350,1,00000078,24210001,1,00000074,ac010028,1,00000070,24210001,1,0000006c,ac010024,0,00000068,24210001,1,0
2,3351,1,00000078,24210001,1,00000074,ac010028,1,00000070,24210001,1,0000006c,ac010024,0,00000068,24210001,1,0
2,3352,1,00000078,24210001,1,00000074,ac010028,1,00000070,24210001,1,0000006c,ac010024,0,00000068,24210001,1,0
2,3353,1,00000078,24210001,1,00000074,ac010028,1,00000070,24210001,1,0000006c,ac010024,0,00000068,24210001,1,0
2,3354,1,00000078,24210001,1,00000074,ac010028,1,00000070,24210001,1,0000006c,ac010024,0,00000068,24210001,1,0
2,3355,1,00000078,24210001,1,00000074,ac010028,1,00000070,24210001,1,0000006c,ac010024,0,00000068,24210001,1,0
2,3356,1,00000078,24210001,1,00000074,ac010028,1,00000070,24210001,1,0000006c,ac010024,0,00000068,24210001,1,0
2,3357,1,00000078,24210001,1,00000074,ac010028,1,00000070,24210001,1,0000006c,ac010024,0,00000068,24210001,1,0
2,3358,1,00000078,24210001,1,00000074,ac010028,1,00000070,24210001,1,0000006c,ac010024,0,00000068,24210001,1,0
2,3359,1,00000078,24210001,1,00000074,ac010028,1,00000070,24210001,1,0000006c,ac010024,0,00000068,24210001,1,1
2,3360,1,0000007c,ac01002c,1,00000078,24210001,1,00000074,ac010028,1,00000070,24210001,1,0000006c,ac010024,0,0
2,3361,1,00000080,24210001,1,0000007c,ac01002c,1,00000078,24210001,1,00000074,ac010028,1,00000070,24210001,1,0
2,3362,1,00000080,24210001,1,0000007c,ac01002c,1,00000078,24210001,1,00000074,ac010028,0,00000070,24210001,1,0
2,3363,1,00000080,24210001,1,0000007c,ac01002c,1,00000078,24210001,1,00000074,ac010028,0,00000070,24210001,1,0
2,3364,1,00000080,24210001,1,0000007c,ac01002c,1,00000078,24210001,1,00000074,ac010028,0,00000070,24210001,1,0
2,3365,1,00000080,24210001,1,0000007c,ac01002c,1,00000078,24210001,1,00000074,ac010028,0,00000070,24210001,1,0
2,3366,1,00000080,24210001,1,0000007c,ac01002c,1,00000078,24210001,1,00000074,ac010028,0,00000070,24210001,1,0
2,3367,1,00000080,24210001,1,0000007c,ac01002c,1,00000078,24210001,1,00000074,ac010028,0,00000070,24210001,1,0
2,3368,1,00000080,24210001,1,0000007c,ac01002c,1,00000078,24210001,1,00000074,ac010028,0,00000070,24210001,1,0
2,3369,1,00000080,24210001,1,0000007c,ac01002c,1,00000078,24210001,1,00000074,ac010028,0,00000070,24210001,1,0
2,3370,1,00000080,24210001,1,0000007c,ac01002c,1,00000078,24210001,1,00000074,ac010028,0,00000070,24210001,1,0
2,3371,1,00000080,24210001,1,0000007c,ac01002c,1,00000078,24210001,1,00000074,ac010028,0,00000070,24210001,1,0
2,3372,1,00000080,24210001,1,0000007c,ac01002c,1,00000078,24210001,1,00000074,ac010028,0,00000070,24210001,1,1
2,3373,1,00000084,ac010030,1,00000080,24210001,1,0000007c,ac01002c,1,00000078,24210001,1,00000074,ac010028,0,0
2,3374,1,00000088,24210001,1,00000084,ac010030,1,00000080,24210001,1,0000007c,ac01002c,1,00000078,24210001,1,0
2,3375,1,00000088,24210001,1,00000084,ac010030,1,00000080,24210001,1,0000007c,ac01002c,0,00000078,24210001,1,0
2,3376,1,00000088,24210001,1,00000084,ac010030,1,00000080,24210001,1,0000007c,ac01002c,0,00000078,24210001,1,0
2,3377,1,00000088,24210001,1,00000084,ac010030,1,00000080,24210001,1,0000007c,ac01002c,0,00000078,24210001,1,0
2,3378,1,00000088,24210001,1,00000084,ac010030,1,00000080,24210001,1,0000007c,ac01002c,0,00000078,24210001,1,0
2,3379,1,00000088,24210001,1,00000084,ac010030,1,00000080,24210001,1,0000007c,ac01002c,0,00000078,24210001,1,0
2,3380,1,00000088,24210001,1,00000084,ac010030,1,00000080,24210001,1,0000007c,ac01002c,0,00000078,24210001,1,0
2,3381,1,00000088,24210001,1,00000084,ac010030,1,00000080,24210001,1,0000007c,ac01002c,0,00000078,24210001,1,0
2,3382,1,00000088,24210001,1,00000084,ac010030,1,00000080,24210001,1,0000007c,ac01002c,0,00000078,24210001,1,0
2,3383,1,00000088,24210001,1,00000084,ac010030,1,00000080,24210001,1,0000007c,ac01002c,0,00000078,24210001,1,0
2,3384,1,00000088,24210001,1,00000084,ac010030,1,00000080,24210001,1,0000007c,ac01002c,0,00000078,24210001,1,0
2,3385,1,00000088,24210001,1,00000084,ac010030,1,00000080,24210001,1,0000007c,ac01002c,0,00000078,24210001,1,1
2,3386,1,0000008c,ac010034,1,00000088,24210001,1,00000084,ac010030,1,00000080,24210001,1,0000007c,ac01002c,0,0
2,3387,1,00000090,24210001,1,0000008c,ac010034,1,00000088,24210001,1,00000084,ac010030,1,00000080,24210001,1,0
2,3388,1,00000090,24210001,1,0000008c,ac010034,1,00000088,24210001,1,00000084,ac010030,0,00000080,24210001,1,0
2,3389,1,00000090,24210001,1,0000008c,ac010034,1,00000088,24210001,1,00000084,ac010030,0,00000080,24210001,1,0
2,3390,1,00000090,24210001,1,0000008c,ac010034,1,00000088,24210001,1,00000084,ac010030,0,00000080,24210001,1,0
2,3391,1,00000090,24210001,1,0000008c,ac010034,1,00000088,24210001,1,00000084,ac010030,0,00000080,24210001,1,0
2,3392,1,00000090,24210001,1,0000008c,ac010034,1,00000088,24210001,1,00000084,ac010030,0,00000080,24210001,1,0
2,3393,1,00000090,24210001,1,0000008c,ac010034,1,00000088,24210001,1,00000084,ac010030,0,00000080,24210001,1,0
2,3394,1,00000090,24210001,1,0000008c,ac010034,1,00000088,24210001,1,00000084,ac010030,0,00000080,24210001,1,0
2,3395,1,00000090,24210001,1,0000008c,ac010034,1,00000088,24210001,1,00000084,ac010030,0,00000080,24210001,1,0
2,3396,1,00000090,24210001,1,0000008c,ac010034,1,00000088,24210001,1,00000084,ac010030,0,00000080,24210001,1,0
2,3397,1,00000090,24210001,1,0000008c,ac010034,1,00000088,24210001,1,00000084,ac010030,0,00000080,24210001,1,0
2,3398,1,00000090,24210001,1,0000008c,ac010034,1,00000088,24210001,1,00000084,ac010030,0,00000080,24210001,1,1
2,3399,1,00000094,ac010038,1,00000090,24210001,1,0000008c,ac010034,1,00000088,24210001,1,00000084,ac010030,0,0
2,3400,1,00000098,24210001,1,00000094,ac010038,1,00000090,24210001,1,0000008c,ac010034,1,00000088,24210001,1,0
2,3401,1,00000098,24210001,1,00000094,ac010038,1,00000090,24210001,1,0000008c,ac010034,0,00000088,24210001,1,0
2,3402,1,00000098,24210001,1,00000094,ac010038,1,00000090,24210001,1,0000008c,ac010034,0,00000088,24210001,1,0
2,3403,1,00000098,24210001,1,00000094,ac010038,1,00000090,24210001,1,0000008c,ac010034,0,00000088,24210001,1,0
2,3404,1,00000098,24210001,1,00000094,ac010038,1,00000090,24210001,1,0000008c,ac010034,0,00000088,24210001,1,0
2,3405,1,00000098,24210001,1,00000094,ac010038,1,00000090,24210001,1,0000008c,ac010034,0,00000088,24210001,1,0
2,3406,1,00000098,24210001,1,00000094,ac010038,1,00000090,24210001,1,0000008c,ac010034,0,00000088,24210001,1,0
2,3407,1,00000098,24210001,1,00000094,ac010038,1,00000090,24210001,1,0000008c,ac010034,0,00000088,24210001,1,0
2,3408,1,00000098,24210001,1,00000094,ac010038,1,00000090,24210001,1,0000008c,ac010034,0,00000088,24210001,1,0
2,3409,1,00000098,24210001,1,00000094,ac010038,1,00000090,24210001,1,0000008c,ac010034,0,00000088,24210001,1,0
2,3410,1,00000098,24210001,1,00000094,ac010038,1,00000090,24210001,1,0000008c,ac010034,0,00000088,24210001,1,0
2,3411,1,00000098,24210001,1,00000094,ac010038,1,00000090,24210001,1,0000008c,ac010034,0,00000088,24210001,1,1
2,3412,1,0000009c,ac01003c,1,00000098,24210001,1,00000094,ac010038,1,00000090,24210001,1,0000008c,ac010034,0,0
2,3413,1,000000a0,24210001,1,0000009c,ac01003c,1,00000098,24210001,1,00000094,ac010038,1,00000090,24210001,1,0
2,3414,1,000000a0,24210001,1,0000009c,ac01003c,1,00000098,24210001,1,00000094,ac010038,0,00000090,24210001,1,0
2,3415,1,000000a0,24210001,1,0000009c,ac01003c,1,00000098,24210001,1,00000094,ac010038,0,00000090,24210001,1,0
2,3416,1,000000a0,24210001,1,0000009c,ac01003c,1,00000098,24210001,1,00000094,ac010038,0,00000090,24210001,1,0
2,3417,1,000000a0,24210001,1,0000009c,ac01003c,1,00000098,24210001,1,00000094,ac010038,0,00000090,24210001,1,0
2,3418,1,000000a0,24210001,1,0000009c,ac01003c,1,00000098,24210001,1,00000094,ac010038,0,00000090,24210001,1,0
2,3419,1,000000a0,24210001,1,0000009c,ac01003c,1,00000098,24210001,1,00000094,ac010038,0,00000090,24210001,1,0
2,3420,1,000000a0,24210001,1,0000009c,ac01003c,1,00000098,24210001,1,00000094,ac010038,0,00000090,24210001,1,0
2,3421,1,000000a0,24210001,1,0000009c,ac01003c,1,00000098,24210001,1,00000094,ac010038,0,00000090,24210001,1,0
2,3422,1,000000a0,24210001,1,0000009c,ac01003c,1,00000098,24210001,1,00000094,ac010038,0,00000090,24210001,1,0
2,3423,1,000000a0,24210001,1,0000009c,ac01003c,1,00000098,24210001,1,00000094,ac010038,0,00000090,24210001,1,0
2,3424,1,000000a0,24210001,1,0000009c,ac01003c,1,00000098,24210001,1,00000094,ac010038,0,00000090,24210001,1,1
2,3425,1,000000a4,ac010040,1,000000a0,24210001,1,0000009c,ac01003c,1,00000098,24210001,1,00000094,ac010038,0,0
2,3426,1,000000a8,24210001,1,000000a4,ac010040,1,000000a0,24210001,1,0000009c,ac01003c,1,00000098,24210001,1,0
2,3427,1,000000a8,24210001,1,000000a4,ac010040,1,000000a0,24210001,1,0000009c,ac01003c,0,00000098,24210001,1,0
2,3428,1,000000a8,24210001,1,000000a4,ac010040,1,000000a0,24210001,1,0000009c,ac01003c,0,00000098,24210001,1,0
2,3429,1,000000a8,24210001,1,000000a4,ac010040,1,000000a0,24210001,1,0000009c,ac01003c,0,00000098,24210001,1,0
2,3430,1,000000a8,24210001,1,000000a4,ac010040,1,000000a0,24210001,1,0000009c,ac01003c,0,00000098,24210001,1,0
2,3431,1,000000a8,24210001,1,000000a4,ac010040,1,000000a0,24210001,1,0000009c,ac01003c,0,00000098,24210001,1,0
2,3432,1,000000a8,24210001,1,000000a4,ac010040,1,000000a0,24210001,1,0000009c,ac01003c,0,00000098,24210001,1,0
2,3433,1,000000a8,24210001,1,000000a4,ac010040,1,000000a0,24210001,1,0000009c,ac01003c,0,00000098,24210001,1,0
2,3434,1,000000a8,24210001,1,000000a4,ac010040,1,000000a0,24210001,1,0000009c,ac01003c,0,00000098,24210001,1,0
2,3435,1,000000a8,24210001,1,000000a4,ac010040,1,000000a0,24210001,1,0000009c,ac01003c,0,00000098,24210001,1,0
2,3436,1,000000a8,24210001,1,000000a4,ac010040,1,000000a0,24210001,1,0000009c,ac01003c,0,00000098,24210001,1,0
2,3437,1,000000a8,24210001,1,000000a4,ac010040,1,000000a0,24210001,1,0000009c,ac01003c,0,00000098,24210001,1,1
2,3438,1,000000ac,ac010044,1,000000a8,24210001,1,000000a4,ac010040,1,000000a0,24210001,1,0000009c,ac01003c,0,0
2,3439,1,000000b0,24210001,1,000000ac,ac010044,1,000000a8,24210001,1,000000a4,ac010040,1,000000a0,24210001,1,0
2,3440,1,000000b0,24210001,1,000000ac,ac010044,1,000000a8,24210001,1,000000a4,ac010040,0,000000a0,24210001,1,0
2,3441,1,000000b0,24210001,1,000000ac,ac010044,1,000000a8,24210001,1,000000a4,ac010040,0,000000a0,24210001,1,0
2,3442,1,000000b0,24210001,1,000000ac,ac010044,1,000000a8,24210001,1,000000a4,ac010040,0,000000a0,24210001,1,0
2,3443,1,000000b0,24210001,1,000000ac,ac010044,1,000000a8,24210001,1,000000a4,ac010040,0,000000a0,24210001,1,0
2,3444,1,000000b0,24210001,1,000000ac,ac010044,1,000000a8,24210001,1,000000a4,ac010040,0,000000a0,24210001,1,0
2,3445,1,000000b0,24210001,1,000000ac,ac010044,1,000000a8,24210001,1,000000a4,ac010040,0,000000a0,24210001,1,0
2,3446,1,000000b0,24210001,1,000000ac,ac010044,1,000000a8,24210001,1,000000a4,ac010040,0,000000a0,24210001,1,0
2,3447,1,000000b0,24210001,1,000000ac,ac010044,1,000000a8,24210001,1,000000a4,ac010040,0,000000a0,24210001,1,0
2,3448,1,000000b0,24210001,1,000000ac,ac010044,1,000000a8,24210001,1,000000a4,ac010040,0,000000a0,24210001,1,0
2,3449,1,000000b0,24210001,1,000000ac,ac010044,1,000000a8,24210001,1,000000a4,ac010040,0,000000a0,24210001,1,0
2,3450,1,000000b0,24210001,1,000000ac,ac010044,1,000000a8,24210001,1,000000a4,ac010040,0,000000a0,24210001,1,1
2,3451,1,000000b4,ac010048,1,000000b0,24210001,1,000000ac,ac010044,1,000000a8,24210001,1,000000a4,ac010040,0,0
2,3452,1,000000b8,24210001,1,000000b4,ac010048,1,000000b0,24210001,1,000000ac,ac010044,1,000000a8,24210001,1,0
2,3453,1,000000b8,24210001,1,000000b4,ac010048,1,000000b0,24210001,1,000000ac,ac010044,0,000000a8,24210001,1,0
2,3454,1,000000b8,24210001,1,000000b4,ac010048,1,000000b0,24210001,1,000000ac,ac010044,0,000000a8,24210001,1,0
2,3455,1,000000b8,24210001,1,000000b4,ac010048,1,000000b0,24210001,1,000000ac,ac010044,0,000000a8,24210001,1,0
2,3456,1,000000b8,24210001,1,000000b4,ac010048,1,000000b0,24210001,1,000000ac,ac010044,0,000000a8,24210001,1,0
2,3457,1,000000b8,24210001,1,000000b4,ac010048,1,000000b0,24210001,1,000000ac,ac010044,0,000000a8,24210001,1,0
2,3458,1,000000b8,24210001,1,000000b4,ac010048,1,000000b0,24210001,1,000000ac,ac010044,0,000000a8,24210001,1,0
2,3459,1,000000b8,24210001,1,000000b4,ac010048,1,000000b0,24210001,1,000000ac,ac010044,0,000000a8,24210001,1,0
2,3460,1,000000b8,24210001,1,000000b4,ac010048,1,000000b0,24210001,1,000000ac,ac010044,0,000000a8,24210001,1,0
2,3461,1,000000b8,24210001,1,000000b4,ac010048,1,000000b0,24210001,1,000000ac,ac010044,0,000000a8,24210001,1,0
2,3462,1,000000b8,24210001,1,000000b4,ac010048,1,000000b0,24210001,1,000000ac,ac010044,0,000000a8,24210001,1,0
2,3463,1,000000b8,24210001,1,000000b4,ac010048,1,000000b0,24210001,1,000000ac,ac010044,0,000000a8,24210001,1,1
2,3464,1,000000bc,ac01004c,1,000000b8,24210001,1,000000b4,ac010048,1,000000b0,24210001,1,000000ac,ac010044,0,0
2,3465,1,000000c0,24210001,1,000000bc,ac01004c,1,000000b8,24210001,1,000000b4,ac010048,1,000000b0,24210001,1,0
2,3466,1,000000c0,24210001,1,000000bc,ac01004c,1,000000b8,24210001,1,000000b4,ac010048,0,000000b0,24210001,1,0
2,3467,1,000000c0,24210001,1,000000bc,ac01004c,1,000000b8,24210001,1,000000b4,ac010048,0,000000b0,24210001,1,0
2,3468,1,000000c0,24210001,1,000000bc,ac01004c,1,000000b8,24210001,1,000000b4,ac010048,0,000000b0,24210001,1,0
2,3469,1,000000c0,24210001,1,000000bc,ac01004c,1,000000b8,24210001,1,000000b4,ac010048,0,000000b0,24210001,1,0
2,3470,1,000000c0,24210001,1,000000bc,ac01004c,1,000000b8,24210001,1,000000b4,ac010048,0,000000b0,24210001,1,0
2,3471,1,000000c0,24210001,1,000000bc,ac01004c,1,000000b8,24210001,1,000000b4,ac010048,0,000000b0,24210001,1,0
2,3472,1,000000c0,24210001,1,000000bc,ac01004c,1,000000b8,24210001,1,000000b4,ac010048,0,000000b0,24210001,1,0
2,3473,1,000000c0,24210001,1,000000bc,ac01004c,1,000000b8,24210001,1,000000b4,ac010048,0,000000b0,24210001,1,0
2,3474,1,000000c0,24210001,1,000000bc,ac01004c,1,000000b8,24210001,1,000000b4,ac010048,0,000000b0,24210001,1,0
2,3475,1,000000c0,24210001,1,000000bc,ac01004c,1,000000b8,24210001,1,000000b4,ac010048,0,000000b0,24210001,1,0
2,3476,1,000000c0,24210001,1,000000bc,ac01004c,1,000000b8,24210001,1,000000b4,ac010048,0,000000b0,24210001,1,1
2,3477,1,000000c4,00000000,1,000000c0,24210001,1,000000bc,ac01004c,1,000000b8,24210001,1,000000b4,ac010048,0,0
2,3478,1,000000c8,2403004d,1,000000c4,00000000,1,000000c0,24210001,1,000000bc,ac01004c,1,000000b8,24210001,1,0
2,3479,1,000000c8,2403004d,1,000000c4,00000000,1,000000c0,24210001,1,000000bc,ac01004c,0,000000b8,24210001,1,0
2,3480,1,000000c8,2403004d,1,000000c4,00000000,1,000000c0,24210001,1,000000bc,ac01004c,0,000000b8,24210001,1,0
2,3481,1,000000c8,2403004d,1,000000c4,00000000,1,000000c0,24210001,1,000000bc,ac01004c,0,000000b8,24210001,1,0
2,3482,1,000000c8,2403004d,1,000000c4,00000000,1,000000c0,24210001,1,000000bc,ac01004c,0,000000b8,24210001,1,0
2,3483,1,000000c8,2403004d,1,000000c4,00000000,1,000000c0,24210001,1,000000bc,ac01004c,0,000000b8,24210001,1,0
2,3484,1,000000c8,2403004d,1,000000c4,00000000,1,000000c0,24210001,1,000000bc,ac01004c,0,000000b8,24210001,1,0
2,3485,1,000000c8,2403004d,1,000000c4,00000000,1,000000c0,24210001,1,000000bc,ac01004c,0,000000b8,24210001,1,0
2,3486,1,000000c8,2403004d,1,000000c4,00000000,1,000000c0,24210001,1,000000bc,ac01004c,0,000000b8,24210001,1,0
2,3487,1,000000c8,2403004d,1,000000c4,00000000,1,000000c0,24210001,1,000000bc,ac01004c,0,000000b8,24210001,1,0
2,3488,1,000000c8,2403004d,1,000000c4,00000000,1,000000c0,24210001,1,000000bc,ac01004c,0,000000b8,24210001,1,0
2,3489,1,000000c8,2403004d,1,000000c4,00000000,1,000000c0,24210001,1,000000bc,ac01004c,0,000000b8,24210001,1,1
2,3490,1,000000cc,ac0300fc,1,000000c8,2403004d,1,000000c4,00000000,1,000000c0,24210001,1,000000bc,ac01004c,0,0
2,3491,1,000000d0,08000034,1,000000cc,ac0300fc,1,000000c8,2403004d,1,000000c4,00000000,1,000000c0,24210001,0,0
2,3492,1,000000d4,00000000,1,000000d0,08000034,1,000000cc,ac0300fc,1,000000c8,2403004d,1,000000c4,00000000,0,0
2,3493,1,000000d8,00000000,1,000000d4,00000000,1,000000d0,08000034,1,000000cc,ac0300fc,1,000000c8,2403004d,1,0
2,3494,1,000000d8,00000000,1,000000d4,00000000,1,000000d0,08000034,1,000000cc,ac0300fc,0,000000c8,2403004d,1,0
2,3495,1,000000d8,00000000,1,000000d4,00000000,1,000000d0,08000034,1,000000cc,ac0300fc,0,000000c8,2403004d,1,0
2,3496,1,000000d8,00000000,1,000000d4,00000000,1,000000d0,08000034,1,000000cc,ac0300fc,0,000000c8,2403004d,1,0
2,3497,1,000000d8,00000000,1,000000d4,00000000,1,000000d0,08000034,1,000000cc,ac0300fc,0,000000c8,2403004d,1,0
2,3498,1,000000d8,00000000,1,000000d4,00000000,1,000000d0,08000034,1,000000cc,ac0300fc,0,000000c8,2403004d,1,0
2,3499,1,000000d8,00000000,1,000000d4,00000000,1,000000d0,08000034,1,000000cc,ac0300fc,0,000000c8,2403004d,1,0
2,3500,1,000000d8,00000000,1,000000d4,00000000,1,000000d0,08000034,1,000000cc,ac0300fc,0,000000c8,2403004d,1,0
2,3501,1,000000d8,00000000,1,000000d4,00000000,1,000000d0,08000034,1,000000cc,ac0300fc,0,000000c8,2403004d,1,0
2,3502,1,000000d8,00000000,1,000000d4,00000000,1,000000d0,08000034,1,000000cc,ac0300fc,0,000000c8,2403004d,1,1
2,3503,1,000000d0,08000034,0,000000d4,00000000,1,000000d4,00000000,1,000000d0,08000034,1,000000cc,ac0300fc,0,0
2,3507,1,00000000,24010001,0,00000000,00000000,0,00000000,00000000,0,00000000,00000000,0,00000000,00000000,0,0
2,3508,1,00000004,40804800,1,00000000,24010001,0,00000000,00000000,0,00000000,00000000,0,00000000,00000000,0,0
2,3509,1,00000008,24020050,1,00000004,40804800,1,00000000,24010001,0,00000000,00000000,0,00000000,00000000,0,0
2,3510,1,00000008,24020050,1,00000004,40804800,0,00000000,24010001,1,00000000,24010001,0,00000000,00000000,0,0
2,3511,1,00000008,24020050,1,00000004,40804800,0,00000000,24010001,0,00000000,24010001,1,00000000,24010001,0,0
2,3512,1,00000008,24020050,1,00000004,40804800,0,00000000,24010001,0,00000000,24010001,0,00000000,24010001,0,0
2,3513,1,0000000c,40825800,1,00000008,24020050,1,00000004,40804800,0,00000000,24010001,0,00000000,24010001,0,0
2,3514,1,0000000c,40825800,1,00000008,24020050,0,00000004,40804800,1,00000004,40804800,0,00000000,24010001,0,0
2,3515,1,0000000c,40825800,1,00000008,24020050,0,00000004,40804800,0,00000004,40804800,1,00000004,40804800,0,1
2,3516,1,0000000c,40825800,1,00000008,24020050,0,00000004,40804800,0,00000004,40804800,0,00000004,40804800,0,0
2,3517,1,00000010,34028001,1,0000000c,40825800,1,00000008,24020050,0,00000004,40804800,0,00000004,40804800,0,0
2,3518,1,00000010,34028001,1,0000000c,40825800,0,00000008,24020050,1,00000008,24020050,0,00000004,40804800,0,0
2,3519,1,00000010,34028001,1,0000000c,40825800,0,00000008,24020050,0,00000008,24020050,1,00000008,24020050,0,0
2,3520,1,00000010,34028001,1,0000000c,40825800,0,00000008,24020050,0,00000008,24020050,0,00000008,24020050,0,0
2,3521,1,00000014,40826000,1,00000010,34028001,1,0000000c,40825800,0,00000008,24020050,0,00000008,24020050,0,0
2,3522,1,00000014,40826000,1,00000010,34028001,0,0000000c,40825800,1,0000000c,40825800,0,00000008,24020050,0,0
2,3523,1,00000014,40826000,1,00000010,34028001,0,0000000c,40825800,0,0000000c,40825800,1,0000000c,40825800,0,0
2,3524,1,00000014,40826000,1,00000010,34028001,0,0000000c,40825800,0,0000000c,40825800,0,0000000c,40825800,0,0
2,3525,1,00000018,ac010000,1,00000014,40826000,1,00000010,34028001,0,0000000c,40825800,0,0000000c,40825800,0,0
2,3526,1,00000018,ac010000,1,00000014,40826000,0,00000010,34028001,1,00000010,34028001,0,0000000c,40825800,0,0
2,3527,1,00000018,ac010000,1,00000014,40826000,0,00000010,34028001,0,00000010,34028001,1,00000010,34028001,0,0
2,3528,1,00000018,ac010000,1,00000014,40826000,0,00000010,34028001,0,00000010,34028001,0,00000010,34028001,0,1
2,3529,1,0000001c,24210001,1,00000018,ac010000,1,00000014,40826000,0,00000010,34028001,0,00000010,34028001,0,0
2,3530,1,0000001c,24210001,1,00000018,ac010000,0,00000014,40826000,1,00000014,40826000,0,00000010,34028001,0,0
2,3531,1,0000001c,24210001,1,00000018,ac010000,0,00000014,40826000,0,00000014,40826000,1,00000014,40826000,0,0
2,3532,1,0000001c,24210001,1,00000018,ac010000,0,00000014,40826000,0,00000014,40826000,0,00000014,40826000,0,0
2,3533,1,00000020,ac010004,1,0000001c,24210001,1,00000018,ac010000,0,00000014,40826000,0,00000014,40826000,0,0
2,3534,1,00000024,24210001,1,00000020,ac010004,1,0000001c,24210001,1,00000018,ac010000,0,00000014,40826000,1,0
2,3535,1,00000024,24210001,1,00000020,ac010004,1,0000001c,24210001,1,00000018,ac010000,0,00000014,40826000,1,0
2,3536,1,00000024,24210001,1,00000020,ac010004,1,0000001c,24210001,1,00000018,ac010000,0,00000014,40826000,1,0
2,3537,1,00000024,24210001,1,00000020,ac010004,1,0000001c,24210001,1,00000018,ac010000,0,00000014,40826000,1,0
2,3538,1,00000024,24210001,1,00000020,ac010004,1,0000001c,24210001,1,00000018,ac010000,0,00000014,40826000,1,0
2,3539,1,00000024,24210001,1,00000020,ac010004,1,0000001c,24210001,1,00000018,ac010000,0,00000014,40826000,1,0
2,3540,1,00000024,24210001,1,00000020,ac010004,1,0000001c,24210001,1,00000018,ac010000,0,00000014,40826000,1,0
2,3541,1,00000024,24210001,1,00000020,ac010004,1,0000001c,24210001,1,00000018,ac010000,0,00000014,40826000,1,1
2,3542,1,00000028,ac010008,1,00000024,24210001,1,00000020,ac010004,1,0000001c,24210001,1,00000018,ac010000,0,0
2,3543,1,0000002c,24210001,1,00000028,ac010008,1,00000024,24210001,1,00000020,ac010004,1,0000001c,24210001,1,0
2,3544,1,0000002c,24210001,1,00000028,ac010008,1,00000024,24210001,1,00000020,ac010004,0,0000001c,24210001,1,0
2,3545,1,0000002c,24210001,1,00000028,ac010008,1,00000024,24210001,1,00000020,ac010004,0,0000001c,24210001,1,0
2,3546,1,0000002c,24210001,1,00000028,ac010008,1,00000024,24210001,1,00000020,ac010004,0,0000001c,24210001,1,0
2,3547,1,0000002c,24210001,1,00000028,ac010008,1,00000024,24210001,1,00000020,ac010004,0,0000001c,24210001,1,0
2,3548,1,0000002c,24210001,1,00000028,ac010008,1,00000024,24210001,1,00000020,ac010004,0,0000001c,24210001,1,0
2,3549,1,0000002c,24210001,1,00000028,ac010008,1,00000024,24210001,1,00000020,ac010004,0,0000001c,24210001,1,0
2,3550,1,0000002c,24210001,1,00000028,ac010008,1,00000024,24210001,1,00000020,ac010004,0,0000001c,24210001,1,0
2,3551,1,0000002c,24210001,1,00000028,ac010008,1,00000024,24210001,1,00000020,ac010004,0,0000001c,24210001,1,0
2,3552,1,0000002c,24210001,1,00000028,ac010008,1,00000024,24210001,1,00000020,ac010004,0,0000001c,24210001,1,0
2,3553,1,0000002c,24210001,1,00000028,ac010008,1,00000024,24210001,1,00000020,ac010004,0,0000001c,24210001,1,0
2,3554,1,0000002c,24210001,1,00000028,ac010008,1,00000024,24210001,1,00000020,ac010004,0,0000001c,24210001,1,1
2,3555,1,00000030,ac01000c,1,0000002c,24210001,1,00000028,ac010008,1,00000024,24210001,1,00000020,ac010004,0,0
2,3556,1,00000034,24210001,1,00000030,ac01000c,1,0000002c,24210001,1,00000028,ac010008,1,00000024,24210001,1,0
2,3557,1,00000034,24210001,1,00000030,ac01000c,1,0000002c,24210001,1,00000028,ac010008,0,00000024,24210001,1,0
2,3558,1,00000034,24210001,1,00000030,ac01000c,1,0000002c,24210001,1,00000028,ac010008,0,00000024,24210001,1,0
2,3559,1,00000034,24210001,1,00000030,ac01000c,1,0000002c,24210001,1,00000028,ac010008,0,00000024,24210001,1,0
2,3560,1,00000034,24210001,1,00000030,ac01000c,1,0000002c,24210001,1,00000028,ac010008,0,00000024,24210001,1,0
2,3561,1,00000034,24210001,1,00000030,ac01000c,1,0000002c,24210001,1,00000028,ac010008,0,00000024,24210001,1,0
2,3562,1,00000034,24210001,1,00000030,ac01000c,1,0000002c,24210001,1,00000028,ac010008,0,00000024,24210001,1,0
2,3563,1,00000034,24210001,1,00000030,ac01000c,1,0000002c,24210001,1,00000028,ac010008,0,00000024,24210001,1,0
2,3564,1,00000034,24210001,1,00000030,ac01000c,1,0000002c,24210001,1,00000028,ac010008,0,00000024,24210001,1,0
2,3565,1,00000034,24210001,1,00000030,ac01000c,1,0000002c,24210001,1,00000028,ac010008,0,00000024,24210001,1,0
2,3566,1,00000034,24210001,1,00000030,ac01000c,1,0000002c,24210001,1,00000028,ac010008,0,00000024,24210001,1,0
2,3567,1,00000034,24210001,1,00000030,ac01000c,1,0000002c,24210001,1,00000028,ac010008,0,00000024,24210001,1,1
2,3568,1,00000038,ac010010,1,00000034,24210001,1,00000030,ac01000c,1,0000002c,24210001,1,00000028,ac010008,0,0
2,3569,1,0000003c,24210001,1,00000038,ac010010,1,00000034,24210001,1,00000030,ac01000c,1,0000002c,24210001,1,0
2,3570,1,0000003c,24210001,1,00000038,ac010010,1,00000034,24210001,1,00000030,ac01000c,0,0000002c,24210001,1,0
2,3571,1,0000003c,24210001,1,00000038,ac010010,1,00000034,24210001,1,00000030,ac01000c,0,0000002c,24210001,1,0
2,3572,1,0000003c,24210001,1,00000038,ac010010,1,00000034,24210001,1,00000030,ac01000c,0,0000002c,24210001,1,0
2,3573,1,0000003c,24210001,1,00000038,ac010010,1,00000034,24210001,1,00000030,ac01000c,0,0000002c,24210001,1,0
2,3574,1,0000003c,24210001,1,00000038,ac010010,1,00000034,24210001,1,00000030,ac01000c,0,0000002c,24210001,1,0
2,3575,1,0000003c,24210001,1,00000038,ac010010,1,00000034,24210001,1,00000030,ac01000c,0,0000002c,24210001,1,0
2,3576,1,0000003c,24210001,1,00000038,ac010010,1,00000034,24210001,1,00000030,ac01000c,0,0000002c,24210001,1,0
2,3577,1,0000003c,24210001,1,00000038,ac010010,1,00000034,24210001,1,00000030,ac01000c,0,0000002c,24210001,1,0
2,3578,1,0000003c,24210001,1,00000038,ac010010,1,00000034,24210001,1,00000030,ac01000c,0,0000002c,24210001,1,0
2,3579,1,0000003c,24210001,1,00000038,ac010010,1,00000034,24210001,1,00000030,ac01000c,0,0000002c,24210001,1,0
2,3580,1,0000003c,24210001,1,00000038,ac010010,1,00000034,24210001,1,00000030,ac01000c,0,0000002c,24210001,1,1
2,3581,1,00000040,ac010014,1,0000003c,24210001,1,00000038,ac010010,1,00000034,24210001,1,00000030,ac01000c,0,0
2,3582,1,00000044,24210001,1,00000040,ac010014,1,0000003c,24210001,1,00000038,ac010010,1,00000034,24210001,1,0
2,3583,1,00000044,24210001,1,00000040,ac010014,1,0000003c,24210001,1,00000038,ac010010,0,00000034,24210001,1,0
2,3584,1,00000044,24210001,1,00000040,ac010014,1,0000003c,24210001,1,00000038,ac010010,0,00000034,24210001,1,0
2,3585,1,00000044,24210001,1,00000040,ac010014,1,0000003c,24210001,1,00000038,ac010010,0,00000034,24210001,1,0
2,3586,1,00000044,24210001,1,00000040,ac010014,1,0000003c,24210001,1,00000038,ac010010,0,00000034,24210001,1,0
2,3587,1,00000044,24210001,1,00000040,ac010014,1,0000003c,24210001,1,00000038,ac010010,0,00000034,24210001,1,0
2,3588,1,00000044,24210001,1,00000040,ac010014,1,0000003c,24210001,1,00000038,ac010010,0,00000034,24210001,1,0
2,3589,1,00000044,24210001,1,00000040,ac010014,1,0000003c,24210001,1,00000038,ac010010,0,00000034,24210001,1,0
2,3590,1,00000044,24210001,1,00000040,ac010014,1,0000003c,24210001,1,00000038,ac010010,0,00000034,24210001,1,0
2,3591,1,00000044,24210001,1,00000040,ac010014,1,0000003c,24210001,1,00000038,ac010010,0,00000034,24210001,1,0
2,3592,1,00000044,24210001,1,00000040,ac010014,1,0000003c,24210001,1,00000038,ac010010,0,00000034,24210001,1,0
2,3593,1,00000044,24210001,1,00000040,ac010014,1,0000003c,24210001,1,00000038,ac010010,0,00000034,24210001,1,1
2,3594,1,00000048,ac010018,1,00000044,24210001,1,00000040,ac010014,1,0000003c,24210001,1,00000038,ac010010,0,0
2,3595,1,0000004c,24210001,1,00000048,ac010018,1,00000044,24210001,1,00000040,ac010014,1,0000003c,24210001,1,0
2,3596,1,0000004c,24210001,1,00000048,ac010018,1,00000044,24210001,1,00000040,ac010014,0,0000003c,24210001,1,0
2,3597,1,0000004c,24210001,1,00000048,ac010018,1,00000044,24210001,1,00000040,ac010014,0,0000003c,24210001,1,0
2,3598,1,0000004c,24210001,1,00000048,ac010018,1,00000044,24210001,1,00000040,ac010014,0,0000003c,24210001,1,0
2,3599,1,0000004c,24210001,1,00000048,ac010018,1,00000044,24210001,1,00000040,ac010014,0,0000003c,24210001,1,0
2,3600,1,0000004c,24210001,1,00000048,ac010018,1,00000044,24210001,1,00000040,ac010014,0,0000003c,24210001,1,0
2,3601,1,0000004c,24210001,1,00000048,ac010018,1,00000044,24210001,1,00000040,ac010014,0,0000003c,24210001,1,0
2,3602,1,0000004c,24210001,1,00000048,ac010018,1,00000044,24210001,1,00000040,ac010014,0,0000003c,24210001,1,0
2,3603,1,0000004c,24210001,1,00000048,ac010018,1,00000044,24210001,1,00000040,ac010014,0,0000003c,24210001,1,0
2,3604,1,0000004c,24210001,1,00000048,ac010018,1,00000044,24210001,1,00000040,ac010014,0,0000003c,24210001,1,0
2,3605,1,0000004c,24210001,1,00000048,ac010018,1,00000044,24210001,1,00000040,ac010014,0,0000003c,24210001,1,0
2,3606,1,0000004c,24210001,1,00000048,ac010018,1,00000044,24210001,1,00000040,ac010014,0,0000003c,24210001,1,1
2,3607,0,0000004c,24210001,0,00000048,ac010018,0,00000044,24210001,1,00000044,24210001,1,00000040,ac010014,0,0
2,3608,0,0000004c,24210001,0,00000048,ac010018,0,00000044,24210001,0,00000044,24210001,1,00000044,24210001,0,0
2,3609,1,00001000,40157000,0,00000048,ac010018,0,00000044,24210001,0,00000044,24210001,0,00000044,24210001,0,0
2,3610,1,00001004,40146800,1,00001000,40157000,0,00000048,ac010018,0,00000044,24210001,0,00000044,24210001,0,0
2,3611,1,00001008,40805800,1,00001004,40146800,1,00001000,40157000,0,00000048,ac010018,0,00000044,24210001,0,0
2,3612,1,00001008,40805800,1,00001004,40146800,0,00001000,40157000,1,00001000,40157000,0,00000048,ac010018,0,0
2,3613,1,00001008,40805800,1,00001004,40146800,0,00001000,40157000,0,00001000,40157000,1,00001000,40157000,0,0
2,3614,1,00001008,40805800,1,00001004,40146800,0,00001000,40157000,0,00001000,40157000,0,00001000,40157000,0,0
2,3615,1,0000100c,42000018,1,00001008,40805800,1,00001004,40146800,0,00001000,40157000,0,00001000,40157000,0,0
2,3616,1,0000100c,42000018,1,00001008,40805800,0,00001004,40146800,1,00001004,40146800,0,00001000,40157000,0,0
2,3617,1,0000100c,42000018,1,00001008,40805800,0,00001004,40146800,0,00001004,40146800,1,00001004,40146800,0,0
2,3618,1,0000100c,42000018,1,00001008,40805800,0,00001004,40146800,0,00001004,40146800,0,00001004,40146800,0,0
2,3619,1,00001010,00000000,1,0000100c,42000018,1,00001008,40805800,0,00001004,40146800,0,00001004,40146800,0,1
2,3620,1,00001010,00000000,1,0000100c,42000018,0,00001008,40805800,1,00001008,40805800,0,00001004,40146800,0,0
2,3621,1,00001010,00000000,1,0000100c,42000018,0,00001008,40805800,0,00001008,40805800,1,00001008,40805800,0,0
2,3622,1,00001010,00000000,1,0000100c,42000018,0,00001008,40805800,0,00001008,40805800,0,00001008,40805800,0,0
2,3623,1,00001014,00000000,1,00001010,00000000,1,0000100c,42000018,0,00001008,40805800,0,00001008,40805800,0,0
2,3624,1,00001014,00000000,1,00001010,00000000,0,0000100c,42000018,1,0000100c,42000018,0,00001008,40805800,0,0
2,3625,1,00001014,00000000,1,00001010,00000000,0,0000100c,42000018,0,0000100c,42000018,1,0000100c,42000018,0,0
2,3626,1,00000044,24210001,0,00001010,00000000,0,0000100c,42000018,0,0000100c,42000018,0,0000100c,42000018,0,0
2,3627,1,00000048,ac010018,1,00000044,24210001,0,00001010,00000000,0,0000100c,42000018,0,0000100c,42000018,0,0
2,3628,1,0000004c,24210001,1,00000048,ac010018,1,00000044,24210001,0,00001010,00000000,0,0000100c,42000018,0,0
2,3629,1,00000050,ac01001c,1,0000004c,24210001,1,00000048,ac010018,1,00000044,24210001,0,00001010,00000000,0,0
2,3630,1,00000054,24210001,1,00000050,ac01001c,1,0000004c,24210001,1,00000048,ac010018,1,00000044,24210001,1,0
2,3631,1,00000054,24210001,1,00000050,ac01001c,1,0000004c,24210001,1,00000048,ac010018,0,00000044,24210001,1,0
2,3632,1,00000054,24210001,1,00000050,ac01001c,1,0000004c,24210001,1,00000048,ac010018,0,00000044,24210001,1,1
2,3633,1,00000058,ac010020,1,00000054,24210001,1,00000050,ac01001c,1,0000004c,24210001,1,00000048,ac010018,0,0
2,3634,1,0000005c,24210001,1,00000058,ac010020,1,00000054,24210001,1,00000050,ac01001c,1,0000004c,24210001,1,0
2,3635,1,0000005c,24210001,1,00000058,ac010020,1,00000054,24210001,1,00000050,ac01001c,0,0000004c,24210001,1,0
2,3636,1,0000005c,24210001,1,00000058,ac010020,1,00000054,24210001,1,00000050,ac01001c,0,0000004c,24210001,1,0
2,3637,1,0000005c,24210001,1,00000058,ac010020,1,00000054,24210001,1,00000050,ac01001c,0,0000004c,24210001,1,0
2,3638,1,0000005c,24210001,1,00000058,ac010020,1,00000054,24210001,1,00000050,ac01001c,0,0000004c,24210001,1,0
2,3639,1,0000005c,24210001,1,00000058,ac010020,1,00000054,24210001,1,00000050,ac01001c,0,0000004c,24210001,1,0
2,3640,1,0000005c,24210001,1,00000058,ac010020,1,00000054,24210001,1,00000050,ac01001c,0,0000004c,24210001,1,0
2,3641,1,0000005c,24210001,1,00000058,ac010020,1,00000054,24210001,1,00000050,ac01001c,0,0000004c,24210001,1,0
2,3642,1,0000005c,24210001,1,00000058,ac010020,1,00000054,24210001,1,00000050,ac01001c,0,0000004c,24210001,1,0
2,3643,1,0000005c,24210001,1,00000058,ac010020,1,00000054,24210001,1,00000050,ac01001c,0,0000004c,24210001,1,0
2,3644,1,0000005c,24210001,1,00000058,ac010020,1,00000054,24210001,1,00000050,ac01001c,0,0000004c,24210001,1,0
2,3645,1,0000005c,24210001,1,00000058,ac010020,1,00000054,24210001,1,00000050,ac01001c,0,0000004c,24210001,1,1
2,3646,1,00000060,ac010024,1,0000005c,24210001,1,00000058,ac010020,1,00000054,24210001,1,00000050,ac01001c,0,0
2,3647,1,00000064,24210001,1,00000060,ac010024,1,0000005c,24210001,1,00000058,ac010020,1,00000054,24210001,1,0
2,3648,1,00000064,24210001,1,00000060,ac010024,1,0000005c,24210001,1,00000058,ac010020,0,00000054,24210001,1,0
2,3649,1,00000064,24210001,1,00000060,ac010024,1,0000005c,24210001,1,00000058,ac010020,0,00000054,24210001,1,0
2,3650,1,00000064,24210001,1,00000060,ac010024,1,0000005c,24210001,1,00000058,ac010020,0,00000054,24210001,1,0
2,3651,1,00000064,24210001,1,00000060,ac010024,1,0000005c,24210001,1,00000058,ac010020,0,00000054,24210001,1,0
2,3652,1,00000064,24210001,1,00000060,ac010024,1,0000005c,24210001,1,00000058,ac010020,0,00000054,24210001,1,0
2,3653,1,00000064,24210001,1,00000060,ac010024,1,0000005c,24210001,1,00000058,ac010020,0,00000054,24210001,1,0
2,3654,1,00000064,24210001,1,00000060,ac010024,1,0000005c,24210001,1,00000058,ac010020,0,00000054,24210001,1,0
2,3655,1,00000064,24210001,1,00000060,ac010024,1,0000005c,24210001,1,00000058,ac010020,0,00000054,24210001,1,0
2,3656,1,00000064,24210001,1,00000060,ac010024,1,0000005c,24210001,1,00000058,ac010020,0,00000054,24210001,1,0
2,3657,1,00000064,24210001,1,00000060,ac010024,1,0000005c,24210001,1,00000058,ac010020,0,00000054,24210001,1,0
2,3658,1,00000064,24210001,1,00000060,ac010024,1,0000005c,24210001,1,00000058,ac010020,0,00000054,24210001,1,1
2,3659,1,00000068,ac010028,1,00000064,24210001,1,00000060,ac010024,1,0000005c,24210001,1,00000058,ac010020,0,0
2,3660,1,0000006c,24210001,1,00000068,ac010028,1,00000064,24210001,1,00000060,ac010024,1,0000005c,24210001,1,0
2,3661,1,0000006c,24210001,1,00000068,ac010028,1,00000064,24210001,1,00000060,ac010024,0,0000005c,24210001,1,0
2,3662,1,0000006c,24210001,1,00000068,ac010028,1,00000064,24210001,1,00000060,ac010024,0,0000005c,24210001,1,0
2,3663,1,0000006c,24210001,1,00000068,ac010028,1,00000064,24210001,1,00000060,ac010024,0,0000005c,24210001,1,0
2,3664,1,0000006c,24210001,1,00000068,ac010028,1,00000064,24210001,1,00000060,ac010024,0,0000005c,24210001,1,0
2,3665,1,0000006c,24210001,1,00000068,ac010028,1,00000064,24210001,1,00000060,ac010024,0,0000005c,24210001,1,0
2,3666,1,0000006c,24210001,1,00000068,ac010028,1,00000064,24210001,1,00000060,ac010024,0,0000005c,24210001,1,0
2,3667,1,0000006c,24210001,1,00000068,ac010028,1,00000064,24210001,1,00000060,ac010024,0,0000005c,24210001,1,0
2,3668,1,0000006c,24210001,1,00000068,ac010028,1,00000064,24210001,1,00000060,ac010024,0,0000005c,24210001,1,0
2,3669,1,0000006c,24210001,1,00000068,ac010028,1,00000064,24210001,1,00000060,ac010024,0,0000005c,24210001,1,0
2,3670,1,0000006c,24210001,1,00000068,ac010028,1,00000064,24210001,1,00000060,ac010024,0,0000005c,24210001,1,0
2,3671,1,0000006c,24210001,1,00000068,ac010028,1,00000064,24210001,1,00000060,ac010024,0,0000005c,24210001,1,1
2,3672,1,00000070,ac01002c,1,0000006c,24210001,1,00000068,ac010028,1,00000064,24210001,1,00000060,ac010024,0,0
2,3673,1,00000074,24210001,1,00000070,ac01002c,1,0000006c,24210001,1,00000068,ac010028,1,00000064,24210001,1,0
2,3674,1,00000074,24210001,1,00000070,ac01002c,1,0000006c,24210001,1,00000068,ac010028,0,00000064,24210001,1,0
2,3675,1,00000074,24210001,1,00000070,ac01002c,1,0000006c,24210001,1,00000068,ac010028,0,00000064,24210001,1,0
2,3676,1,00000074,24210001,1,00000070,ac01002c,1,0000006c,24210001,1,00000068,ac010028,0,00000064,24210001,1,0
2,3677,1,00000074,24210001,1,00000070,ac01002c,1,0000006c,24210001,1,00000068,ac010028,0,00000064,24210001,1,0
2,3678,1,00000074,24210001,1,00000070,ac01002c,1,0000006c,24210001,1,00000068,ac010028,0,00000064,24210001,1,0
2,3679,1,00000074,24210001,1,00000070,ac01002c,1,0000006c,24210001,1,00000068,ac010028,0,00000064,24210001,1,0
2,3680,1,00000074,24210001,1,00000070,ac01002c,1,0000006c,24210001,1,00000068,ac010028,0,00000064,24210001,1,0
2,3681,1,00000074,24210001,1,00000070,ac01002c,1,0000006c,24210001,1,00000068,ac010028,0,00000064,24210001,1,0
2,3682,1,00000074,24210001,1,00000070,ac01002c,1,0000006c,24210001,1,00000068,ac010028,0,00000064,24210001,1,0
2,3683,1,00000074,24210001,1,00000070,ac01002c,1,0000006c,24210001,1,00000068,ac010028,0,00000064,24210001,1,0
2,3684,1,00000074,24210001,1,00000070,ac01002c,1,0000006c,24210001,1,00000068,ac010028,0,00000064,24210001,1,1
2,3685,1,00000078,ac010030,1,00000074,24210001,1,00000070,ac01002c,1,0000006c,24210001,1,00000068,ac010028,0,0
2,3686,1,0000007c,24210001,1,00000078,ac010030,1,00000074,24210001,1,00000070,ac01002c,1,0000006c,24210001,1,0
2,3687,1,0000007c,24210001,1,00000078,ac010030,1,00000074,24210001,1,00000070,ac01002c,0,0000006c,24210001,1,0
2,3688,1,0000007c,24210001,1,00000078,ac010030,1,00000074,24210001,1,00000070,ac01002c,0,0000006c,24210001,1,0
2,3689,1,0000007c,24210001,1,00000078,ac010030,1,00000074,24210001,1,00000070,ac01002c,0,0000006c,24210001,1,0
2,3690,1,0000007c,24210001,1,00000078,ac010030,1,00000074,24210001,1,00000070,ac01002c,0,0000006c,24210001,1,0
2,3691,1,0000007c,24210001,1,00000078,ac010030,1,00000074,24210001,1,00000070,ac01002c,0,0000006c,24210001,1,0
2,3692,1,0000007c,24210001,1,00000078,ac010030,1,00000074,24210001,1,00000070,ac01002c,0,0000006c,24210001,1,0
2,3693,1,0000007c,24210001,1,00000078,ac010030,1,00000074,24210001,1,00000070,ac01002c,0,0000006c,24210001,1,0
2,3694,1,0000007c,24210001,1,00000078,ac010030,1,00000074,24210001,1,00000070,ac01002c,0,0000006c,24210001,1,0
2,3695,1,0000007c,24210001,1,00000078,ac010030,1,00000074,24210001,1,00000070,ac01002c,0,0000006c,24210001,1,0
2,3696,1,0000007c,24210001,1,00000078,ac010030,1,00000074,24210001,1,00000070,ac01002c,0,0000006c,24210001,1,0
2,3697,1,0000007c,24210001,1,00000078,ac010030,1,00000074,24210001,1,00000070,ac01002c,0,0000006c,24210001,1,1
2,3698,1,00000080,ac010034,1,0000007c,24210001,1,00000078,ac010030,1,00000074,24210001,1,00000070,ac01002c,0,0
2,3699,1,00000084,24210001,1,00000080,ac010034,1,0000007c,24210001,1,00000078,ac010030,1,00000074,24210001,1,0
2,3700,1,00000084,24210001,1,00000080,ac010034,1,0000007c,24210001,1,00000078,ac010030,0,00000074,24210001,1,0
2,3701,1,00000084,24210001,1,00000080,ac010034,1,0000007c,24210001,1,00000078,ac010030,0,00000074,24210001,1,0
2,3702,1,00000084,24210001,1,00000080,ac010034,1,0000007c,24210001,1,00000078,ac010030,0,00000074,24210001,1,0
2,3703,1,00000084,24210001,1,00000080,ac010034,1,0000007c,24210001,1,00000078,ac010030,0,00000074,24210001,1,0
2,3704,1,00000084,24210001,1,00000080,ac010034,1,0000007c,24210001,1,00000078,ac010030,0,00000074,24210001,1,0
2,3705,1,00000084,24210001,1,00000080,ac010034,1,0000007c,24210001,1,00000078,ac010030,0,00000074,24210001,1,0
2,3706,1,00000084,24210001,1,00000080,ac010034,1,0000007c,24210001,1,00000078,ac010030,0,00000074,24210001,1,0
2,3707,1,00000084,24210001,1,00000080,ac010034,1,0000007c,24210001,1,00000078,ac010030,0,00000074,24210001,1,0
2,3708,1,00000084,24210001,1,00000080,ac010034,1,0000007c,24210001,1,00000078,ac010030,0,00000074,24210001,1,0
2,3709,1,00000084,24210001,1,00000080,ac010034,1,0000007c,24210001,1,00000078,ac010030,0,00000074,24210001,1,0
2,3710,1,00000084,24210001,1,00000080,ac010034,1,0000007c,24210001,1,00000078,ac010030,0,00000074,24210001,1,1
2,3711,1,00000088,ac010038,1,00000084,24210001,1,00000080,ac010034,1,0000007c,24210001,1,00000078,ac010030,0,0
2,3712,1,0000008c,24210001,1,00000088,ac010038,1,00000084,24210001,1,00000080,ac010034,1,0000007c,24210001,1,0
2,3713,1,0000008c,24210001,1,00000088,ac010038,1,00000084,24210001,1,00000080,ac010034,0,0000007c,24210001,1,0
2,3714,1,0000008c,24210001,1,00000088,ac010038,1,00000084,24210001,1,00000080,ac010034,0,0000007c,24210001,1,0
2,3715,1,0000008c,24210001,1,00000088,ac010038,1,00000084,24210001,1,00000080,ac010034,0,0000007c,24210001,1,0
2,3716,1,0000008c,24210001,1,00000088,ac010038,1,00000084,24210001,1,00000080,ac010034,0,0000007c,24210001,1,0
2,3717,1,0000008c,24210001,1,00000088,ac010038,1,00000084,24210001,1,00000080,ac010034,0,0000007c,24210001,1,0
2,3718,1,0000008c,24210001,1,00000088,ac010038,1,00000084,24210001,1,00000080,ac010034,0,0000007c,24210001,1,0
2,3719,1,0000008c,24210001,1,00000088,ac010038,1,00000084,24210001,1,00000080,ac010034,0,0000007c,24210001,1,0
2,3720,1,0000008c,24210001,1,00000088,ac010038,1,00000084,24210001,1,00000080,ac010034,0,0000007c,24210001,1,0
2,3721,1,0000008c,24210001,1,00000088,ac010038,1,00000084,24210001,1,00000080,ac010034,0,0000007c,24210001,1,0
2,3722,1,0000008c,24210001,1,00000088,ac010038,1,00000084,24210001,1,00000080,ac010034,0,0000007c,24210001,1,0
2,3723,1,0000008c,24210001,1,00000088,ac010038,1,00000084,24210001,1,00000080,ac010034,0,0000007c,24210001,1,1
2,3724,1,00000090,ac01003c,1,0000008c,24210001,1,00000088,ac010038,1,00000084,24210001,1,00000080,ac010034,0,0
2,3725,1,00000094,24210001,1,00000090,ac01003c,1,0000008c,24210001,1,00000088,ac010038,1,00000084,24210001,1,0
2,3726,1,00000094,24210001,1,00000090,ac01003c,1,0000008c,24210001,1,00000088,ac010038,0,00000084,24210001,1,0
2,3727,1,00000094,24210001,1,00000090,ac01003c,1,0000008c,24210001,1,00000088,ac010038,0,00000084,24210001,1,0
2,3728,1,00000094,24210001,1,00000090,ac01003c,1,0000008c,24210001,1,00000088,ac010038,0,00000084,24210001,1,0
2,3729,1,00000094,24210001,1,00000090,ac01003c,1,0000008c,24210001,1,00000088,ac010038,0,00000084,24210001,1,0
2,3730,1,00000094,24210001,1,00000090,ac01003c,1,0000008c,24210001,1,00000088,ac010038,0,00000084,24210001,1,0
2,3731,1,00000094,24210001,1,00000090,ac01003c,1,0000008c,24210001,1,00000088,ac010038,0,00000084,24210001,1,0
2,3732,1,00000094,24210001,1,00000090,ac01003c,1,0000008c,24210001,1,00000088,ac010038,0,00000084,24210001,1,0
2,3733,1,00000094,24210001,1,00000090,ac01003c,1,0000008c,24210001,1,00000088,ac010038,0,00000084,24210001,1,0
2,3734,1,00000094,24210001,1,00000090,ac01003c,1,0000008c,24210001,1,00000088,ac010038,0,00000084,24210001,1,0
2,3735,1,00000094,24210001,1,00000090,ac01003c,1,0000008c,24210001,1,00000088,ac010038,0,00000084,24210001,1,0
2,3736,1,00000094,24210001,1,00000090,ac01003c,1,0000008c,24210001,1,00000088,ac010038,0,00000084,24210001,1,1
2,3737,1,00000098,ac010040,1,00000094,24210001,1,00000090,ac01003c,1,0000008c,24210001,1,00000088,ac010038,0,0
2,3738,1,0000009c,24210001,1,00000098,ac010040,1,00000094,24210001,1,00000090,ac01003c,1,0000008c,24210001,1,0
2,3739,1,0000009c,24210001,1,00000098,ac010040,1,00000094,24210001,1,00000090,ac01003c,0,0000008c,24210001,1,0
2,3740,1,0000009c,24210001,1,00000098,ac010040,1,00000094,24210001,1,00000090,ac01003c,0,0000008c,24210001,1,0
2,3741,1,0000009c,24210001,1,00000098,ac010040,1,00000094,24210001,1,00000090,ac01003c,0,0000008c,24210001,1,0
2,3742,1,0000009c,24210001,1,00000098,ac010040,1,00000094,24210001,1,00000090,ac01003c,0,0000008c,24210001,1,0
2,3743,1,0000009c,24210001,1,00000098,ac010040,1,00000094,24210001,1,00000090,ac01003c,0,0000008c,24210001,1,0
2,3744,1,0000009c,24210001,1,00000098,ac010040,1,00000094,24210001,1,00000090,ac01003c,0,0000008c,24210001,1,0
2,3745,1,0000009c,24210001,1,00000098,ac010040,1,00000094,24210001,1,00000090,ac01003c,0,0000008c,24210001,1,0
2,3746,1,0000009c,24210001,1,00000098,ac010040,1,00000094,24210001,1,00000090,ac01003c,0,0000008c,24210001,1,0
2,3747,1,0000009c,24210001,1,00000098,ac010040,1,00000094,24210001,1,00000090,ac01003c,0,0000008c,24210001,1,0
2,3748,1,0000009c,24210001,1,00000098,ac010040,1,00000094,24210001,1,00000090,ac01003c,0,0000008c,24210001,1,0
2,3749,1,0000009c,24210001,1,00000098,ac010040,1,00000094,24210001,1,00000090,ac01003c,0,0000008c,24210001,1,1
2,3750,1,000000a0,ac010044,1,0000009c,24210001,1,00000098,ac010040,1,00000094,24210001,1,00000090,ac01003c,0,0
2,3751,1,000000a4,24210001,1,000000a0,ac010044,1,0000009c,24210001,1,00000098,ac010040,1,00000094,24210001,1,0
2,3752,1,000000a4,24210001,1,000000a0,ac010044,1,0000009c,24210001,1,00000098,ac010040,0,00000094,24210001,1,0
2,3753,1,000000a4,24210001,1,000000a0,ac010044,1,0000009c,24210001,1,00000098,ac010040,0,00000094,24210001,1,0
2,3754,1,000000a4,24210001,1,000000a0,ac010044,1,0000009c,24210001,1,00000098,ac010040,0,00000094,24210001,1,0
2,3755,1,000000a4,24210001,1,000000a0,ac010044,1,0000009c,24210001,1,00000098,ac010040,0,00000094,24210001,1,0
2,3756,1,000000a4,24210001,1,000000a0,ac010044,1,0000009c,24210001,1,00000098,ac010040,0,00000094,24210001,1,0
2,3757,1,000000a4,24210001,1,000000a0,ac010044,1,0000009c,24210001,1,00000098,ac010040,0,00000094,24210001,1,0
2,3758,1,000000a4,24210001,1,000000a0,ac010044,1,0000009c,24210001,1,00000098,ac010040,0,00000094,24210001,1,0
2,3759,1,000000a4,24210001,1,000000a0,ac010044,1,0000009c,24210001,1,00000098,ac010040,0,00000094,24210001,1,0
2,3760,1,000000a4,24210001,1,000000a0,ac010044,1,0000009c,24210001,1,00000098,ac010040,0,00000094,24210001,1,0
2,3761,1,000000a4,24210001,1,000000a0,ac010044,1,0000009c,24210001,1,00000098,ac010040,0,00000094,24210001,1,0
2,3762,1,000000a4,24210001,1,000000a0,ac010044,1,0000009c,24210001,1,00000098,ac010040,0,00000094,24210001,1,1
2,3763,1,000000a8,ac010048,1,000000a4,24210001,1,000000a0,ac010044,1,0000009c,24210001,1,00000098,ac010040,0,0
2,3764,1,000000ac,24210001,1,000000a8,ac010048,1,000000a4,24210001,1,000000a0,ac010044,1,0000009c,24210001,1,0
2,3765,1,000000ac,24210001,1,000000a8,ac010048,1,000000a4,24210001,1,000000a0,ac010044,0,0000009c,24210001,1,0
2,3766,1,000000ac,24210001,1,000000a8,ac010048,1,000000a4,24210001,1,000000a0,ac010044,0,0000009c,24210001,1,0
2,3767,1,000000ac,24210001,1,000000a8,ac010048,1,000000a4,24210001,1,000000a0,ac010044,0,0000009c,24210001,1,0
2,3768,1,000000ac,24210001,1,000000a8,ac010048,1,000000a4,24210001,1,000000a0,ac010044,0,0000009c,24210001,1,0
2,3769,1,000000ac,24210001,1,000000a8,ac010048,1,000000a4,24210001,1,000000a0,ac010044,0,0000009c,24210001,1,0
2,3770,1,000000ac,24210001,1,000000a8,ac010048,1,000000a4,24210001,1,000000a0,ac010044,0,0000009c,24210001,1,0
2,3771,1,000000ac,24210001,1,000000a8,ac010048,1,000000a4,24210001,1,000000a0,ac010044,0,0000009c,24210001,1,0
2,3772,1,000000ac,24210001,1,000000a8,ac010048,1,000000a4,24210001,1,000000a0,ac010044,0,0000009c,24210001,1,0
2,3773,1,000000ac,24210001,1,000000a8,ac010048,1,000000a4,24210001,1,000000a0,ac010044,0,0000009c,24210001,1,0
2,3774,1,000000ac,24210001,1,000000a8,ac010048,1,000000a4,24210001,1,000000a0,ac010044,0,0000009c,24210001,1,0
2,3775,1,000000ac,24210001,1,000000a8,ac010048,1,000000a4,24210001,1,000000a0,ac010044,0,0000009c,24210001,1,1
2,3776,1,000000b0,ac01004c,1,000000ac,24210001,1,000000a8,ac010048,1,000000a4,24210001,1,000000a0,ac010044,0,0
2,3777,1,000000b4,24210001,1,000000b0,ac01004c,1,000000ac,24210001,1,000000a8,ac010048,1,000000a4,24210001,1,0
2,3778,1,000000b4,24210001,1,000000b0,ac01004c,1,000000ac,24210001,1,000000a8,ac010048,0,000000a4,24210001,1,0
2,3779,1,000000b4,24210001,1,000000b0,ac01004c,1,000000ac,24210001,1,000000a8,ac010048,0,000000a4,24210001,1,0
2,3780,1,000000b4,24210001,1,000000b0,ac01004c,1,000000ac,24210001,1,000000a8,ac010048,0,000000a4,24210001,1,0
2,3781,1,000000b4,24210001,1,000000b0,ac01004c,1,000000ac,24210001,1,000000a8,ac010048,0,000000a4,24210001,1,0
2,3782,1,000000b4,24210001,1,000000b0,ac01004c,1,000000ac,24210001,1,000000a8,ac010048,0,000000a4,24210001,1,0
2,3783,1,000000b4,24210001,1,000000b0,ac01004c,1,000000ac,24210001,1,000000a8,ac010048,0,000000a4,24210001,1,0
2,3784,1,000000b4,24210001,1,000000b0,ac01004c,1,000000ac,24210001,1,000000a8,ac010048,0,000000a4,24210001,1,0
2,3785,1,000000b4,24210001,1,000000b0,ac01004c,1,000000ac,24210001,1,000000a8,ac010048,0,000000a4,24210001,1,0
2,3786,1,000000b4,24210001,1,000000b0,ac01004c,1,000000ac,24210001,1,000000a8,ac010048,0,000000a4,24210001,1,0
2,3787,1,000000b4,24210001,1,000000b0,ac01004c,1,000000ac,24210001,1,000000a8,ac010048,0,000000a4,24210001,1,0
2,3788,1,000000b4,24210001,1,000000b0,ac01004c,1,000000ac,24210001,1,000000a8,ac010048,0,000000a4,24210001,1,1
2,3789,1,000000b8,00000000,1,000000b4,24210001,1,000000b0,ac01004c,1,000000ac,24210001,1,000000a8,ac010048,0,0
2,3790,1,000000bc,00000000,1,000000b8,00000000,1,000000b4,24210001,1,000000b0,ac01004c,1,000000ac,24210001,1,0
2,3791,1,000000bc,00000000,1,000000b8,00000000,1,000000b4,24210001,1,000000b0,ac01004c,0,000000ac,24210001,1,0
2,3792,1,000000bc,00000000,1,000000b8,00000000,1,000000b4,24210001,1,000000b0,ac01004c,0,000000ac,24210001,1,0
2,3793,1,000000bc,00000000,1,000000b8,00000000,1,000000b4,24210001,1,000000b0,ac01004c,0,000000ac,24210001,1,0
2,3794,1,000000bc,00000000,1,000000b8,00000000,1,000000b4,24210001,1,000000b0,ac01004c,0,000000ac,24210001,1,0
2,3795,1,000000bc,00000000,1,000000b8,00000000,1,000000b4,24210001,1,000000b0,ac01004c,0,000000ac,24210001,1,0
2,3796,1,000000bc,00000000,1,000000b8,00000000,1,000000b4,24210001,1,000000b0,ac01004c,0,000000ac,24210001,1,0
2,3797,1,000000bc,00000000,1,000000b8,00000000,1,000000b4,24210001,1,000000b0,ac01004c,0,000000ac,24210001,1,0
2,3798,1,000000bc,00000000,1,000000b8,00000000,1,000000b4,24210001,1,000000b0,ac01004c,0,000000ac,24210001,1,0
2,3799,1,000000bc,00000000,1,000000b8,00000000,1,000000b4,24210001,1,000000b0,ac01004c,0,000000ac,24210001,1,0
2,3800,1,000000bc,00000000,1,000000b8,00000000,1,000000b4,24210001,1,000000b0,ac01004c,0,000000ac,24210001,1,0
2,3801,1,000000bc,00000000,1,000000b8,00000000,1,000000b4,24210001,1,000000b0,ac01004c,0,000000ac,24210001,1,1
2,3802,1,000000c0,00000000,1,000000bc,00000000,1,000000b8,00000000,1,000000b4,24210001,1,000000b0,ac01004c,0,0
2,3803,1,000000c4,00000000,1,000000c0,00000000,1,000000bc,00000000,1,000000b8,00000000,1,000000b4,24210001,0,0
2,3804,1,000000c8,2403004d,1,000000c4,00000000,1,000000c0,00000000,1,000000bc,00000000,1,000000b8,00000000,0,0
2,3805,1,000000cc,ac0300fc,1,000000c8,2403004d,1,000000c4,00000000,1,000000c0,00000000,1,000000bc,00000000,0,0
2,3806,1,000000d0,08000034,1,000000cc,ac0300fc,1,000000c8,2403004d,1,000000c4,00000000,1,000000c0,00000000,0,0
2,3807,1,000000d4,00000000,1,000000d0,08000034,1,000000cc,ac0300fc,1,000000c8,2403004d,1,000000c4,00000000,0,0
2,3808,1,000000d8,00000000,1,000000d4,00000000,1,000000d0,08000034,1,000000cc,ac0300fc,1,000000c8,2403004d,1,0
2,3809,1,000000d8,00000000,1,000000d4,00000000,1,000000d0,08000034,1,000000cc,ac0300fc,0,000000c8,2403004d,1,0
2,3810,1,000000d8,00000000,1,000000d4,00000000,1,000000d0,08000034,1,000000cc,ac0300fc,0,000000c8,2403004d,1,0
2,3811,1,000000d8,00000000,1,000000d4,00000000,1,000000d0,08000034,1,000000cc,ac0300fc,0,000000c8,2403004d,1,0
2,3812,1,000000d8,00000000,1,000000d4,00000000,1,000000d0,08000034,1,000000cc,ac0300fc,0,000000c8,2403004d,1,0
2,3813,1,000000d8,00000000,1,000000d4,00000000,1,000000d0,08000034,1,000000cc,ac0300fc,0,000000c8,2403004d,1,0
2,3814,1,000000d8,00000000,1,000000d4,00000000,1,000000d0,08000034,1,000000cc,ac0300fc,0,000000c8,2403004d,1,1
2,3815,1,000000d0,08000034,0,000000d4,00000000,1,000000d4,00000000,1,000000d0,08000034,1,000000cc,ac0300fc,0,0
2,3819,1,00000000,24210001,0,00000000,00000000,0,00000000,00000000,0,00000000,00000000,0,00000000,00000000,0,0
2,3820,1,00000004,28220002,1,00000000,24210001,0,00000000,00000000,0,00000000,00000000,0,00000000,00000000,0,0
2,3821,1,00000008,1440fffd,1,00000004,28220002,1,00000000,24210001,0,00000000,00000000,0,00000000,00000000,0,0
2,3822,1,0000000c,24630001,1,00000008,1440fffd,1,00000004,28220002,1,00000000,24210001,0,00000000,00000000,0,0
2,3823,1,00000010,ac030000,1,0000000c,24630001,1,00000008,1440fffd,1,00000004,28220002,1,00000000,24210001,0,0
2,3824,1,00000000,24210001,0,0000000c,24630001,1,0000000c,24630001,1,00000008,1440fffd,1,00000004,28220002,0,0
2,3825,1,00000004,28220002,1,00000000,24210001,0,0000000c,24630001,1,0000000c,24630001,1,00000008,1440fffd,0,0
2,3826,1,00000008,1440fffd,1,00000004,28220002,1,00000000,24210001,0,0000000c,24630001,1,0000000c,24630001,0,0
2,3827,1,0000000c,24630001,1,00000008,1440fffd,1,00000004,28220002,1,00000000,24210001,0,0000000c,24630001,0,1
2,3828,1,00000010,ac030000,1,0000000c,24630001,1,00000008,1440fffd,1,00000004,28220002,1,00000000,24210001,0,0
2,3829,1,00000010,ac030000,0,0000000c,24630001,1,0000000c,24630001,1,00000008,1440fffd,1,00000004,28220002,0,0
2,3830,1,00000014,00000000,1,00000010,ac030000,0,0000000c,24630001,1,0000000c,24630001,1,00000008,1440fffd,0,0
2,3831,1,00000018,00000000,1,00000014,00000000,1,00000010,ac030000,0,0000000c,24630001,1,0000000c,24630001,0,0
2,3832,1,0000001c,00000000,1,00000018,00000000,1,00000014,00000000,1,00000010,ac030000,0,0000000c,24630001,1,0
2,3833,1,0000001c,00000000,1,00000018,00000000,1,00000014,00000000,1,00000010,ac030000,0,0000000c,24630001,1,0
2,3834,1,0000001c,00000000,1,00000018,00000000,1,00000014,00000000,1,00000010,ac030000,0,0000000c,24630001,1,0
2,3835,1,0000001c,00000000,1,00000018,00000000,1,00000014,00000000,1,00000010,ac030000,0,0000000c,24630001,1,0
2,3836,1,0000001c,00000000,1,00000018,00000000,1,00000014,00000000,1,00000010,ac030000,0,0000000c,24630001,1,0
2,3837,1,0000001c,00000000,1,00000018,00000000,1,00000014,00000000,1,00000010,ac030000,0,0000000c,24630001,1,0
2,3838,1,0000001c,00000000,1,00000018,00000000,1,00000014,00000000,1,00000010,ac030000,0,0000000c,24630001,1,0
2,3839,1,0000001c,00000000,1,00000018,00000000,1,00000014,00000000,1,00000010,ac030000,0,0000000c,24630001,1,0
2,3840,1,0000001c,00000000,1,00000018,00000000,1,00000014,00000000,1,00000010,ac030000,0,0000000c,24630001,1,1
2,3844,1,00000000,2401007b,0,00000000,00000000,0,00000000,00000000,0,00000000,00000000,0,00000000,00000000,0,0
2,3845,1,00000004,ac010000,1,00000000,2401007b,0,00000000,00000000,0,00000000,00000000,0,00000000,00000000,0,0
2,3846,1,00000008,00000000,1,00000004,ac010000,1,00000000,2401007b,0,00000000,00000000,0,00000000,00000000,0,0
2,3847,1,0000000c,00000000,1,00000008,00000000,1,00000004,ac010000,1,00000000,2401007b,0,00000000,00000000,0,0
2,3848,1,00000010,00000000,1,0000000c,00000000,1,00000008,00000000,1,00000004,ac010000,1,00000000,2401007b,1,0
2,3849,1,00000010,00000000,1,0000000c,00000000,1,00000008,00000000,1,00000004,ac010000,0,00000000,2401007b,1,0
2,3850,1,00000010,00000000,1,0000000c,00000000,1,00000008,00000000,1,00000004,ac010000,0,00000000,2401007b,1,0
2,3851,1,00000010,00000000,1,0000000c,00000000,1,00000008,00000000,1,00000004,ac010000,0,00000000,2401007b,1,0
2,3855,1,00000000,2401007b,0,00000000,00000000,0,00000000,00000000,0,00000000,00000000,0,00000000,00000000,0,0
2,3856,1,00000004,ac010000,1,00000000,2401007b,0,00000000,00000000,0,00000000,00000000,0,00000000,00000000,0,0
2,3857,1,00000008,00000000,1,00000004,ac010000,1,00000000,2401007b,0,00000000,00000000,0,00000000,00000000,0,0
2,3858,1,0000000c,00000000,1,00000008,00000000,1,00000004,ac010000,1,00000000,2401007b,0,00000000,00000000,0,0
2,3859,1,00000010,00000000,1,0000000c,00000000,1,00000008,00000000,1,00000004,ac010000,1,00000000,2401007b,1,0
2,3860,1,00000010,00000000,1,0000000c,00000000,1,00000008,00000000,1,00000004,ac010000,0,00000000,2401007b,1,0
2,3861,1,00000010,00000000,1,0000000c,00000000,1,00000008,00000000,1,00000004,ac010000,0,00000000,2401007b,1,0
2,3862,1,00000010,00000000,1,0000000c,00000000,1,00000008,00000000,1,00000004,ac010000,0,00000000,2401007b,1,0
2,3863,1,00000010,00000000,1,0000000c,00000000,1,00000008,00000000,1,00000004,ac010000,0,00000000,2401007b,1,0
2,3864,1,00000010,00000000,1,0000000c,00000000,1,00000008,00000000,1,00000004,ac010000,0,00000000,2401007b,1,0
2,3865,1,00000010,00000000,1,0000000c,00000000,1,00000008,00000000,1,00000004,ac010000,0,00000000,2401007b,1,0
2,3866,1,00000010,00000000,1,0000000c,00000000,1,00000008,00000000,1,00000004,ac010000,0,00000000,2401007b,1,1
